Product Title,Variant Title,Purity,Gold Weight,Diamond Weight,Price,Variant ID,Image 1,Image 2,LocalImage
The V Drop Diamond Earrings,9 KT / Rose Gold,9K,0.9375,0.132,11280.0,50728373649696,https://cdn.shopify.com/s/files/1/0805/4777/4752/files/DER000931_R1.jpg?v=1759469399,https://cdn.shopify.com/s/files/1/0805/4777/4752/files/DER000931_R2.jpg?v=1759469399,DER000931_R1.jpg
The V Drop Diamond Earrings,14 KT / Rose Gold,14K,1.0625,0.132,15627.0,50136750981408,https://cdn.shopify.com/s/files/1/0805/4777/4752/files/DER000931_R1.jpg?v=1759469399,https://cdn.shopify.com/s/files/1/0805/4777/4752/files/DER000931_R2.jpg?v=1759469399,DER000931_R1.jpg
The V Drop Diamond Earrings,18 KT / Rose Gold,18K,1.25,0.132,20776.0,50136751079712,https://cdn.shopify.com/s/files/1/0805/4777/4752/files/DER000931_R1.jpg?v=1759469399,https://cdn.shopify.com/s/files/1/0805/4777/4752/files/DER000931_R2.jpg?v=1759469399,DER000931_R1.jpg
Crystal Pull Diamond Earrings,9 KT / Rose Gold,9K,0.975,0.125,11321.0,50728373551392,https://cdn.shopify.com/s/files/1/0805/4777/4752/files/DER000933_R1.jpg?v=1759469603,https://cdn.shopify.com/s/files/1/0805/4777/4752/files/DER000933_R2.jpg?v=1759469603,DER000933_R1.jpg
Crystal Pull Diamond Earrings,14 KT / Rose Gold,14K,1.105,0.125,15842.0,50136751669536,https://cdn.shopify.com/s/files/1/0805/4777/4752/files/DER000933_R1.jpg?v=1759469603,https://cdn.shopify.com/s/files/1/0805/4777/4752/files/DER000933_R2.jpg?v=1759469603,DER000933_R1.jpg
Crystal Pull Diamond Earrings,18 KT / Rose Gold,18K,1.3,0.125,21198.0,50136751767840,https://cdn.shopify.com/s/files/1/0805/4777/4752/files/DER000933_R1.jpg?v=1759469603,https://cdn.shopify.com/s/files/1/0805/4777/4752/files/DER000933_R2.jpg?v=1759469603,DER000933_R1.jpg
Pop Up Sparkles Diamond Hoops,9 KT / Yellow Gold,9K,1.05,0.105,11346.0,50728373059872,https://cdn.shopify.com/s/files/1/0805/4777/4752/files/DER000936_Y1.jpg?v=1756378132,https://cdn.shopify.com/s/files/1/0805/4777/4752/files/DER000936_Y2.jpg?v=1756378621,DER000936_Y1.jpg
Pop Up Sparkles Diamond Hoops,14 KT / Yellow Gold,14K,1.19,0.105,16215.0,50136755470624,https://cdn.shopify.com/s/files/1/0805/4777/4752/files/DER000936_Y1.jpg?v=1756378132,https://cdn.shopify.com/s/files/1/0805/4777/4752/files/DER000936_Y2.jpg?v=1756378621,DER000936_Y1.jpg
Pop Up Sparkles Diamond Hoops,18 KT / Yellow Gold,18K,1.4,0.105,21983.0,50136755568928,https://cdn.shopify.com/s/files/1/0805/4777/4752/files/DER000936_Y1.jpg?v=1756378132,https://cdn.shopify.com/s/files/1/0805/4777/4752/files/DER000936_Y2.jpg?v=1756378621,DER000936_Y1.jpg
Side Bling Diamond Earrings,9 KT / Yellow Gold,9K,1.0875,0.111,11811.0,50728373190944,https://cdn.shopify.com/s/files/1/0805/4777/4752/files/DER000935_Y1.jpg?v=1756378128,https://cdn.shopify.com/s/files/1/0805/4777/4752/files/DER000935_Y2.jpg?v=1756378619,DER000935_Y1.jpg
Side Bling Diamond Earrings,14 KT / Yellow Gold,14K,1.2325,0.111,16854.0,50136755011872,https://cdn.shopify.com/s/files/1/0805/4777/4752/files/DER000935_Y1.jpg?v=1756378128,https://cdn.shopify.com/s/files/1/0805/4777/4752/files/DER000935_Y2.jpg?v=1756378619,DER000935_Y1.jpg
Side Bling Diamond Earrings,18 KT / Yellow Gold,18K,1.45,0.111,22828.0,50136755110176,https://cdn.shopify.com/s/files/1/0805/4777/4752/files/DER000935_Y1.jpg?v=1756378128,https://cdn.shopify.com/s/files/1/0805/4777/4752/files/DER000935_Y2.jpg?v=1756378619,DER000935_Y1.jpg
Criss Cross Diamond Earrings,9 KT / Rose Gold,9K,1.05,0.131,12040.0,50728372928800,https://cdn.shopify.com/s/files/1/0805/4777/4752/files/DER000919_R1.jpg?v=1759470176,https://cdn.shopify.com/s/files/1/0805/4777/4752/files/DER000919_R2.jpg?v=1759470176,DER000919_R1.jpg
Criss Cross Diamond Earrings,14 KT / Rose Gold,14K,1.19,0.131,16909.0,50136755634464,https://cdn.shopify.com/s/files/1/0805/4777/4752/files/DER000919_R1.jpg?v=1759470176,https://cdn.shopify.com/s/files/1/0805/4777/4752/files/DER000919_R2.jpg?v=1759470176,DER000919_R1.jpg
Criss Cross Diamond Earrings,18 KT / Rose Gold,18K,1.4,0.131,22676.0,50136755732768,https://cdn.shopify.com/s/files/1/0805/4777/4752/files/DER000919_R1.jpg?v=1759470176,https://cdn.shopify.com/s/files/1/0805/4777/4752/files/DER000919_R2.jpg?v=1759470176,DER000919_R1.jpg
Entwined Diamond Earrings,9 KT / Rose Gold,9K,0.975,0.171,12548.0,50728373387552,https://cdn.shopify.com/s/files/1/0805/4777/4752/files/DER000934_R1.jpg?v=1759470288,https://cdn.shopify.com/s/files/1/0805/4777/4752/files/DER000934_R2.jpg?v=1759470288,DER000934_R1.jpg
Entwined Diamond Earrings,14 KT / Rose Gold,14K,1.105,0.171,17069.0,50136754553120,https://cdn.shopify.com/s/files/1/0805/4777/4752/files/DER000934_R1.jpg?v=1759470288,https://cdn.shopify.com/s/files/1/0805/4777/4752/files/DER000934_R2.jpg?v=1759470288,DER000934_R1.jpg
Entwined Diamond Earrings,18 KT / Rose Gold,18K,1.3,0.171,22425.0,50136754651424,https://cdn.shopify.com/s/files/1/0805/4777/4752/files/DER000934_R1.jpg?v=1759470288,https://cdn.shopify.com/s/files/1/0805/4777/4752/files/DER000934_R2.jpg?v=1759470288,DER000934_R1.jpg
Pear Round Swirl Diamond Stud Earrings,9 KT / Yellow Gold,9K,1.092,0.165,12563.0,51252763689248,https://cdn.shopify.com/s/files/1/0805/4777/4752/files/DER001541_Y1.jpg?v=1771492177,https://cdn.shopify.com/s/files/1/0805/4777/4752/files/DER001541_Y2.jpg?v=1771492177,DER001541_Y1.jpg
Pear Round Swirl Diamond Stud Earrings,14 KT / Yellow Gold,14K,1.2,0.165,17272.0,51252763787552,https://cdn.shopify.com/s/files/1/0805/4777/4752/files/DER001541_Y1.jpg?v=1771492177,https://cdn.shopify.com/s/files/1/0805/4777/4752/files/DER001541_Y2.jpg?v=1771492177,DER001541_Y1.jpg
Pear Round Swirl Diamond Stud Earrings,18 KT / Yellow Gold,18K,1.44,0.165,23431.0,51252763885856,https://cdn.shopify.com/s/files/1/0805/4777/4752/files/DER001541_Y1.jpg?v=1771492177,https://cdn.shopify.com/s/files/1/0805/4777/4752/files/DER001541_Y2.jpg?v=1771492177,DER001541_Y1.jpg
Fine Frame Diamond Stud Earrings,9 KT / Yellow Gold,9K,1.4295,0.07,12735.0,50728326922528,https://cdn.shopify.com/s/files/1/0805/4777/4752/files/DER001140_Y1.jpg?v=1754119063,https://cdn.shopify.com/s/files/1/0805/4777/4752/files/DER001140_Y2.jpg?v=1754119343,DER001140_Y1.jpg
Fine Frame Diamond Stud Earrings,14 KT / Yellow Gold,14K,1.6201,0.07,19364.0,50523555528992,https://cdn.shopify.com/s/files/1/0805/4777/4752/files/DER001140_Y1.jpg?v=1754119063,https://cdn.shopify.com/s/files/1/0805/4777/4752/files/DER001140_Y2.jpg?v=1754119343,DER001140_Y1.jpg
Fine Frame Diamond Stud Earrings,18 KT / Yellow Gold,18K,1.91,0.07,27265.0,50523555627296,https://cdn.shopify.com/s/files/1/0805/4777/4752/files/DER001140_Y1.jpg?v=1754119063,https://cdn.shopify.com/s/files/1/0805/4777/4752/files/DER001140_Y2.jpg?v=1754119343,DER001140_Y1.jpg
Little Moments Diamond Stud Earrings,9 KT / Yellow Gold,9K,1.05,0.18,12784.0,50728337899808,https://cdn.shopify.com/s/files/1/0805/4777/4752/files/DER001087_Y1.jpg?v=1754118894,https://cdn.shopify.com/s/files/1/0805/4777/4752/files/DER001087_Y2.jpg?v=1763633160,DER001087_Y1.jpg
Little Moments Diamond Stud Earrings,14 KT / Yellow Gold,14K,1.19,0.18,17654.0,50523551007008,https://cdn.shopify.com/s/files/1/0805/4777/4752/files/DER001087_Y1.jpg?v=1754118894,https://cdn.shopify.com/s/files/1/0805/4777/4752/files/DER001087_Y2.jpg?v=1763633160,DER001087_Y1.jpg
Little Moments Diamond Stud Earrings,18 KT / Yellow Gold,18K,1.4,0.18,23421.0,50523551105312,https://cdn.shopify.com/s/files/1/0805/4777/4752/files/DER001087_Y1.jpg?v=1754118894,https://cdn.shopify.com/s/files/1/0805/4777/4752/files/DER001087_Y2.jpg?v=1763633160,DER001087_Y1.jpg
XOXO Diamond Earrings,9 KT / Yellow Gold,9K,0.975,0.18,12788.0,50728373289248,https://cdn.shopify.com/s/files/1/0805/4777/4752/files/DER000937_Y1.jpg?v=1756378138,https://cdn.shopify.com/s/files/1/0805/4777/4752/files/DER000937_Y2.jpg?v=1756378624,DER000937_Y1.jpg
XOXO Diamond Earrings,14 KT / Yellow Gold,14K,1.105,0.18,17309.0,50136754815264,https://cdn.shopify.com/s/files/1/0805/4777/4752/files/DER000937_Y1.jpg?v=1756378138,https://cdn.shopify.com/s/files/1/0805/4777/4752/files/DER000937_Y2.jpg?v=1756378624,DER000937_Y1.jpg
XOXO Diamond Earrings,18 KT / Yellow Gold,18K,1.3,0.18,22665.0,50136754913568,https://cdn.shopify.com/s/files/1/0805/4777/4752/files/DER000937_Y1.jpg?v=1756378138,https://cdn.shopify.com/s/files/1/0805/4777/4752/files/DER000937_Y2.jpg?v=1756378624,DER000937_Y1.jpg
The Glint Diamond Earrings,9 KT / Yellow Gold,9K,1.05,0.164,12920.0,50728372732192,https://cdn.shopify.com/s/files/1/0805/4777/4752/files/DER000917_Y1.jpg?v=1756378042,https://cdn.shopify.com/s/files/1/0805/4777/4752/files/DER000917_Y2.jpg?v=1756378568,DER000917_Y1.jpg
The Glint Diamond Earrings,14 KT / Yellow Gold,14K,1.19,0.164,17789.0,50136756125984,https://cdn.shopify.com/s/files/1/0805/4777/4752/files/DER000917_Y1.jpg?v=1756378042,https://cdn.shopify.com/s/files/1/0805/4777/4752/files/DER000917_Y2.jpg?v=1756378568,DER000917_Y1.jpg
The Glint Diamond Earrings,18 KT / Yellow Gold,18K,1.4,0.164,23557.0,50136756224288,https://cdn.shopify.com/s/files/1/0805/4777/4752/files/DER000917_Y1.jpg?v=1756378042,https://cdn.shopify.com/s/files/1/0805/4777/4752/files/DER000917_Y2.jpg?v=1756378568,DER000917_Y1.jpg
Hearthrob Diamond Earrings,9 KT / Rose Gold,9K,1.2375,0.107,13028.0,50728364638496,https://cdn.shopify.com/s/files/1/0805/4777/4752/files/DER000920_R1_85ac7f44-1796-4df0-84cb-6dc562763eb6.jpg?v=1759921119,https://cdn.shopify.com/s/files/1/0805/4777/4752/files/DER000920_R2_efc380df-a7d2-40a9-9380-b9de71b9fbf3.jpg?v=1763633083,DER000920_R1_85ac7f44-1796-4df0-84cb-6dc562763eb6.jpg
Hearthrob Diamond Earrings,14 KT / Rose Gold,14K,1.4025,0.107,18767.0,50136765235488,https://cdn.shopify.com/s/files/1/0805/4777/4752/files/DER000920_R1_85ac7f44-1796-4df0-84cb-6dc562763eb6.jpg?v=1759921119,https://cdn.shopify.com/s/files/1/0805/4777/4752/files/DER000920_R2_efc380df-a7d2-40a9-9380-b9de71b9fbf3.jpg?v=1763633083,DER000920_R1_85ac7f44-1796-4df0-84cb-6dc562763eb6.jpg
Hearthrob Diamond Earrings,18 KT / Rose Gold,18K,1.65,0.107,25564.0,50136765333792,https://cdn.shopify.com/s/files/1/0805/4777/4752/files/DER000920_R1_85ac7f44-1796-4df0-84cb-6dc562763eb6.jpg?v=1759921119,https://cdn.shopify.com/s/files/1/0805/4777/4752/files/DER000920_R2_efc380df-a7d2-40a9-9380-b9de71b9fbf3.jpg?v=1763633083,DER000920_R1_85ac7f44-1796-4df0-84cb-6dc562763eb6.jpg
Rose Round Diamond Stud Earrings,9 KT / Rose Gold,9K,1.125,0.17,13088.0,51157641199904,https://cdn.shopify.com/s/files/1/0805/4777/4752/files/DER001208_R1.jpg?v=1771500767,https://cdn.shopify.com/s/files/1/0805/4777/4752/files/DER001208_R2.jpg?v=1771500767,DER001208_R1.jpg
Rose Round Diamond Stud Earrings,14 KT / Rose Gold,14K,1.275,0.17,18305.0,51157641298208,https://cdn.shopify.com/s/files/1/0805/4777/4752/files/DER001208_R1.jpg?v=1771500767,https://cdn.shopify.com/s/files/1/0805/4777/4752/files/DER001208_R2.jpg?v=1771500767,DER001208_R1.jpg
Rose Round Diamond Stud Earrings,18 KT / Rose Gold,18K,1.5,0.17,24484.0,51157641396512,https://cdn.shopify.com/s/files/1/0805/4777/4752/files/DER001208_R1.jpg?v=1771500767,https://cdn.shopify.com/s/files/1/0805/4777/4752/files/DER001208_R2.jpg?v=1771500767,DER001208_R1.jpg
Pinwheel Diamond Earrings,9 KT / Rose Gold,9K,1.125,0.152,13210.0,50728372207904,https://cdn.shopify.com/s/files/1/0805/4777/4752/files/DER000932_R1.jpg?v=1759470317,https://cdn.shopify.com/s/files/1/0805/4777/4752/files/DER000932_R2.jpg?v=1759470317,DER000932_R1.jpg
Pinwheel Diamond Earrings,14 KT / Rose Gold,14K,1.275,0.152,18427.0,50136758419744,https://cdn.shopify.com/s/files/1/0805/4777/4752/files/DER000932_R1.jpg?v=1759470317,https://cdn.shopify.com/s/files/1/0805/4777/4752/files/DER000932_R2.jpg?v=1759470317,DER000932_R1.jpg
Pinwheel Diamond Earrings,18 KT / Rose Gold,18K,1.5,0.152,24606.0,50136758518048,https://cdn.shopify.com/s/files/1/0805/4777/4752/files/DER000932_R1.jpg?v=1759470317,https://cdn.shopify.com/s/files/1/0805/4777/4752/files/DER000932_R2.jpg?v=1759470317,DER000932_R1.jpg
The Pyramid Fall Diamond Earrings,9 KT / Yellow Gold,9K,1.125,0.16,13424.0,50728372109600,https://cdn.shopify.com/s/files/1/0805/4777/4752/files/DER000926_Y1.jpg?v=1756378086,https://cdn.shopify.com/s/files/1/0805/4777/4752/files/DER000926_Y2.jpg?v=1756378595,DER000926_Y1.jpg
The Pyramid Fall Diamond Earrings,14 KT / Yellow Gold,14K,1.275,0.16,18641.0,50136758681888,https://cdn.shopify.com/s/files/1/0805/4777/4752/files/DER000926_Y1.jpg?v=1756378086,https://cdn.shopify.com/s/files/1/0805/4777/4752/files/DER000926_Y2.jpg?v=1756378595,DER000926_Y1.jpg
The Pyramid Fall Diamond Earrings,18 KT / Yellow Gold,18K,1.5,0.16,24820.0,50136758780192,https://cdn.shopify.com/s/files/1/0805/4777/4752/files/DER000926_Y1.jpg?v=1756378086,https://cdn.shopify.com/s/files/1/0805/4777/4752/files/DER000926_Y2.jpg?v=1756378595,DER000926_Y1.jpg
Young Harths Diamond Earrings,9 KT / Rose Gold,9K,1.2,0.141,13527.0,50728370143520,https://cdn.shopify.com/s/files/1/0805/4777/4752/files/DER000916_R1.jpg?v=1759470344,https://cdn.shopify.com/s/files/1/0805/4777/4752/files/DER000916_R2.jpg?v=1763633077,DER000916_R1.jpg
Young Harths Diamond Earrings,14 KT / Rose Gold,14K,1.36,0.141,19092.0,50136762188064,https://cdn.shopify.com/s/files/1/0805/4777/4752/files/DER000916_R1.jpg?v=1759470344,https://cdn.shopify.com/s/files/1/0805/4777/4752/files/DER000916_R2.jpg?v=1763633077,DER000916_R1.jpg
Young Harths Diamond Earrings,18 KT / Rose Gold,18K,1.6,0.141,25683.0,50136762286368,https://cdn.shopify.com/s/files/1/0805/4777/4752/files/DER000916_R1.jpg?v=1759470344,https://cdn.shopify.com/s/files/1/0805/4777/4752/files/DER000916_R2.jpg?v=1763633077,DER000916_R1.jpg
Tri-Glamour Diamond Earrings,9 KT / Yellow Gold,9K,1.2375,0.13,13539.0,50728372306208,https://cdn.shopify.com/s/files/1/0805/4777/4752/files/DER000940_Y1.jpg?v=1756378152,https://cdn.shopify.com/s/files/1/0805/4777/4752/files/DER000940_Y2.jpg?v=1756378633,DER000940_Y1.jpg
Tri-Glamour Diamond Earrings,14 KT / Yellow Gold,14K,1.4025,0.13,19278.0,50136757862688,https://cdn.shopify.com/s/files/1/0805/4777/4752/files/DER000940_Y1.jpg?v=1756378152,https://cdn.shopify.com/s/files/1/0805/4777/4752/files/DER000940_Y2.jpg?v=1756378633,DER000940_Y1.jpg
Tri-Glamour Diamond Earrings,18 KT / Yellow Gold,18K,1.65,0.13,26075.0,50136757960992,https://cdn.shopify.com/s/files/1/0805/4777/4752/files/DER000940_Y1.jpg?v=1756378152,https://cdn.shopify.com/s/files/1/0805/4777/4752/files/DER000940_Y2.jpg?v=1756378633,DER000940_Y1.jpg
Moonlit Jewel Diamond Earrings,9 KT / Yellow Gold,9K,0.66525,0.3,13571.0,50730019160352,https://cdn.shopify.com/s/files/1/0805/4777/4752/files/DER000311_Y1.jpg?v=1750222831,https://cdn.shopify.com/s/files/1/0805/4777/4752/files/DER000311_Y2.jpg?v=1767690939,DER000311_Y1.jpg
Moonlit Jewel Diamond Earrings,14 KT / Yellow Gold,14K,0.75395,0.3,16656.0,49509073617184,https://cdn.shopify.com/s/files/1/0805/4777/4752/files/DER000311_Y1.jpg?v=1750222831,https://cdn.shopify.com/s/files/1/0805/4777/4752/files/DER000311_Y2.jpg?v=1767690939,DER000311_Y1.jpg
Moonlit Jewel Diamond Earrings,18 KT / Yellow Gold,18K,0.89,0.3,20346.0,49848369053984,https://cdn.shopify.com/s/files/1/0805/4777/4752/files/DER000311_Y1.jpg?v=1750222831,https://cdn.shopify.com/s/files/1/0805/4777/4752/files/DER000311_Y2.jpg?v=1767690939,DER000311_Y1.jpg
Dash & Dots Diamond Earrings,9 KT / Yellow Gold,9K,1.2375,0.132,13592.0,50728365359392,https://cdn.shopify.com/s/files/1/0805/4777/4752/files/DER000930_Y1.jpg?v=1756378104,https://cdn.shopify.com/s/files/1/0805/4777/4752/files/DER000930_Y2.jpg?v=1756378605,DER000930_Y1.jpg
Dash & Dots Diamond Earrings,14 KT / Yellow Gold,14K,1.4025,0.132,19331.0,50136763597088,https://cdn.shopify.com/s/files/1/0805/4777/4752/files/DER000930_Y1.jpg?v=1756378104,https://cdn.shopify.com/s/files/1/0805/4777/4752/files/DER000930_Y2.jpg?v=1756378605,DER000930_Y1.jpg
Dash & Dots Diamond Earrings,18 KT / Yellow Gold,18K,1.65,0.132,26128.0,50136763695392,https://cdn.shopify.com/s/files/1/0805/4777/4752/files/DER000930_Y1.jpg?v=1756378104,https://cdn.shopify.com/s/files/1/0805/4777/4752/files/DER000930_Y2.jpg?v=1756378605,DER000930_Y1.jpg
The Corner Edit Diamond Bali Earrings,9 KT / Yellow Gold,9K,1.65,0.04,13611.0,50728322597152,https://cdn.shopify.com/s/files/1/0805/4777/4752/files/DER001161_Y1.jpg?v=1754119116,https://cdn.shopify.com/s/files/1/0805/4777/4752/files/DER001161_Y2.jpg?v=1754119383,DER001161_Y1.jpg
The Corner Edit Diamond Bali Earrings,14 KT / Yellow Gold,14K,1.87,0.04,21263.0,50523556151584,https://cdn.shopify.com/s/files/1/0805/4777/4752/files/DER001161_Y1.jpg?v=1754119116,https://cdn.shopify.com/s/files/1/0805/4777/4752/files/DER001161_Y2.jpg?v=1754119383,DER001161_Y1.jpg
The Corner Edit Diamond Bali Earrings,18 KT / Yellow Gold,18K,2.2,0.04,30326.0,50523556249888,https://cdn.shopify.com/s/files/1/0805/4777/4752/files/DER001161_Y1.jpg?v=1754119116,https://cdn.shopify.com/s/files/1/0805/4777/4752/files/DER001161_Y2.jpg?v=1754119383,DER001161_Y1.jpg
Triangon Diamond Earrings,9 KT / Yellow Gold,9K,1.2375,0.135,13672.0,50728365228320,https://cdn.shopify.com/s/files/1/0805/4777/4752/files/DER000918_Y1.jpg?v=1759920247,https://cdn.shopify.com/s/files/1/0805/4777/4752/files/DER000918_Y2.jpg?v=1759920291,DER000918_Y1.jpg
Triangon Diamond Earrings,14 KT / Yellow Gold,14K,1.4025,0.135,19411.0,50136763793696,https://cdn.shopify.com/s/files/1/0805/4777/4752/files/DER000918_Y1.jpg?v=1759920247,https://cdn.shopify.com/s/files/1/0805/4777/4752/files/DER000918_Y2.jpg?v=1759920291,DER000918_Y1.jpg
Triangon Diamond Earrings,18 KT / Yellow Gold,18K,1.65,0.135,26208.0,50136763892000,https://cdn.shopify.com/s/files/1/0805/4777/4752/files/DER000918_Y1.jpg?v=1759920247,https://cdn.shopify.com/s/files/1/0805/4777/4752/files/DER000918_Y2.jpg?v=1759920291,DER000918_Y1.jpg
Modern Rhombus Diamond Stud Earrings,9 KT / Yellow Gold,9K,1.274,0.166,13772.0,51157640053024,https://cdn.shopify.com/s/files/1/0805/4777/4752/files/DER001505_Y1.jpg?v=1771334699,https://cdn.shopify.com/s/files/1/0805/4777/4752/files/DER001505_Y2.jpg?v=1771334734,DER001505_Y1.jpg
Modern Rhombus Diamond Stud Earrings,14 KT / Yellow Gold,14K,1.4,0.166,19266.0,51157640151328,https://cdn.shopify.com/s/files/1/0805/4777/4752/files/DER001505_Y1.jpg?v=1771334699,https://cdn.shopify.com/s/files/1/0805/4777/4752/files/DER001505_Y2.jpg?v=1771334734,DER001505_Y1.jpg
Modern Rhombus Diamond Stud Earrings,18 KT / Yellow Gold,18K,1.68,0.166,26451.0,51157640249632,https://cdn.shopify.com/s/files/1/0805/4777/4752/files/DER001505_Y1.jpg?v=1771334699,https://cdn.shopify.com/s/files/1/0805/4777/4752/files/DER001505_Y2.jpg?v=1771334734,DER001505_Y1.jpg
Gabrielle Diamond Earrings,9 KT / Yellow Gold,9K,1.275,0.153,13775.0,50728467988768,https://cdn.shopify.com/s/files/1/0805/4777/4752/files/RK-RBT-39_Y1.jpg?v=1751372973,https://cdn.shopify.com/s/files/1/0805/4777/4752/files/RK-RBT-39_Y2.jpg?v=1751372973,RK-RBT-39_Y1.jpg
Gabrielle Diamond Earrings,14 KT / Yellow Gold,14K,1.445,0.153,19687.0,49907277889824,https://cdn.shopify.com/s/files/1/0805/4777/4752/files/RK-RBT-39_Y1.jpg?v=1751372973,https://cdn.shopify.com/s/files/1/0805/4777/4752/files/RK-RBT-39_Y2.jpg?v=1751372973,RK-RBT-39_Y1.jpg
Gabrielle Diamond Earrings,18 KT / Yellow Gold,18K,1.7,0.153,26690.0,49907277988128,https://cdn.shopify.com/s/files/1/0805/4777/4752/files/RK-RBT-39_Y1.jpg?v=1751372973,https://cdn.shopify.com/s/files/1/0805/4777/4752/files/RK-RBT-39_Y2.jpg?v=1751372973,RK-RBT-39_Y1.jpg
Oval Cluster Motif Diamond Stud Earrings,9 KT / Rose Gold,9K,1.274,0.174,13986.0,51157640282400,https://cdn.shopify.com/s/files/1/0805/4777/4752/files/DER001504_R1.jpg?v=1771406969,https://cdn.shopify.com/s/files/1/0805/4777/4752/files/DER001504_R2.jpg?v=1771406969,DER001504_R1.jpg
Oval Cluster Motif Diamond Stud Earrings,14 KT / Rose Gold,14K,1.4,0.174,19479.0,51157640380704,https://cdn.shopify.com/s/files/1/0805/4777/4752/files/DER001504_R1.jpg?v=1771406969,https://cdn.shopify.com/s/files/1/0805/4777/4752/files/DER001504_R2.jpg?v=1771406969,DER001504_R1.jpg
Oval Cluster Motif Diamond Stud Earrings,18 KT / Rose Gold,18K,1.68,0.174,26665.0,51157640479008,https://cdn.shopify.com/s/files/1/0805/4777/4752/files/DER001504_R1.jpg?v=1771406969,https://cdn.shopify.com/s/files/1/0805/4777/4752/files/DER001504_R2.jpg?v=1771406969,DER001504_R1.jpg
Starling Diamond Earrings,9 KT / Rose Gold,9K,1.17,0.168,14003.0,50728372601120,https://cdn.shopify.com/s/files/1/0805/4777/4752/files/DER000914_R1.jpg?v=1759470366,https://cdn.shopify.com/s/files/1/0805/4777/4752/files/DER000914_R2.jpg?v=1759470366,DER000914_R1.jpg
Starling Diamond Earrings,14 KT / Rose Gold,14K,1.326,0.168,19429.0,50136756289824,https://cdn.shopify.com/s/files/1/0805/4777/4752/files/DER000914_R1.jpg?v=1759470366,https://cdn.shopify.com/s/files/1/0805/4777/4752/files/DER000914_R2.jpg?v=1759470366,DER000914_R1.jpg
Starling Diamond Earrings,18 KT / Rose Gold,18K,1.56,0.168,25855.0,50136756388128,https://cdn.shopify.com/s/files/1/0805/4777/4752/files/DER000914_R1.jpg?v=1759470366,https://cdn.shopify.com/s/files/1/0805/4777/4752/files/DER000914_R2.jpg?v=1759470366,DER000914_R1.jpg
Stylish Bloog Diamond Stud Earrings,9 KT / Rose Gold,9K,1.365,0.156,14173.0,51157640872224,https://cdn.shopify.com/s/files/1/0805/4777/4752/files/DER001491_R1.jpg?v=1771232706,https://cdn.shopify.com/s/files/1/0805/4777/4752/files/DER001491_R2.jpg?v=1771232706,DER001491_R1.jpg
Stylish Bloog Diamond Stud Earrings,14 KT / Rose Gold,14K,1.5,0.156,20059.0,51157640970528,https://cdn.shopify.com/s/files/1/0805/4777/4752/files/DER001491_R1.jpg?v=1771232706,https://cdn.shopify.com/s/files/1/0805/4777/4752/files/DER001491_R2.jpg?v=1771232706,DER001491_R1.jpg
Stylish Bloog Diamond Stud Earrings,18 KT / Rose Gold,18K,1.8,0.156,27757.0,51157641068832,https://cdn.shopify.com/s/files/1/0805/4777/4752/files/DER001491_R1.jpg?v=1771232706,https://cdn.shopify.com/s/files/1/0805/4777/4752/files/DER001491_R2.jpg?v=1771232706,DER001491_R1.jpg
Soar High Diamond Earrings,9 KT / Yellow Gold,9K,1.0875,0.2,14301.0,50728364540192,https://cdn.shopify.com/s/files/1/0805/4777/4752/files/DER000929_Y1_2d9ff6ae-eebb-454a-a616-bdd4a2b9bb3a.jpg?v=1759830462,https://cdn.shopify.com/s/files/1/0805/4777/4752/files/DER000929_Y2_219a33fb-2467-4936-853c-37b89dfe21fc.jpg?v=1759830490,DER000929_Y1_2d9ff6ae-eebb-454a-a616-bdd4a2b9bb3a.jpg
Soar High Diamond Earrings,14 KT / Yellow Gold,14K,1.2325,0.2,19345.0,50136765497632,https://cdn.shopify.com/s/files/1/0805/4777/4752/files/DER000929_Y1_2d9ff6ae-eebb-454a-a616-bdd4a2b9bb3a.jpg?v=1759830462,https://cdn.shopify.com/s/files/1/0805/4777/4752/files/DER000929_Y2_219a33fb-2467-4936-853c-37b89dfe21fc.jpg?v=1759830490,DER000929_Y1_2d9ff6ae-eebb-454a-a616-bdd4a2b9bb3a.jpg
Soar High Diamond Earrings,18 KT / Yellow Gold,18K,1.45,0.2,25318.0,50136765595936,https://cdn.shopify.com/s/files/1/0805/4777/4752/files/DER000929_Y1_2d9ff6ae-eebb-454a-a616-bdd4a2b9bb3a.jpg?v=1759830462,https://cdn.shopify.com/s/files/1/0805/4777/4752/files/DER000929_Y2_219a33fb-2467-4936-853c-37b89dfe21fc.jpg?v=1759830490,DER000929_Y1_2d9ff6ae-eebb-454a-a616-bdd4a2b9bb3a.jpg
The Classic Dot Diamond Earrings,9 KT / Yellow Gold,9K,1.125,0.198,14437.0,50728371749152,https://cdn.shopify.com/s/files/1/0805/4777/4752/files/DER000922_Y1.jpg?v=1759830452,https://cdn.shopify.com/s/files/1/0805/4777/4752/files/DER000922_Y2.jpg?v=1759830485,DER000922_Y1.jpg
The Classic Dot Diamond Earrings,14 KT / Yellow Gold,14K,1.275,0.198,19654.0,50136759370016,https://cdn.shopify.com/s/files/1/0805/4777/4752/files/DER000922_Y1.jpg?v=1759830452,https://cdn.shopify.com/s/files/1/0805/4777/4752/files/DER000922_Y2.jpg?v=1759830485,DER000922_Y1.jpg
The Classic Dot Diamond Earrings,18 KT / Yellow Gold,18K,1.5,0.198,25834.0,50136759468320,https://cdn.shopify.com/s/files/1/0805/4777/4752/files/DER000922_Y1.jpg?v=1759830452,https://cdn.shopify.com/s/files/1/0805/4777/4752/files/DER000922_Y2.jpg?v=1759830485,DER000922_Y1.jpg
Splendour Diamond Earrings,9 KT / Rose Gold,9K,1.1625,0.19,14529.0,50728371650848,https://cdn.shopify.com/s/files/1/0805/4777/4752/files/DER000938_R1.jpg?v=1759470428,https://cdn.shopify.com/s/files/1/0805/4777/4752/files/DER000938_R2.jpg?v=1759470428,DER000938_R1.jpg
Splendour Diamond Earrings,14 KT / Rose Gold,14K,1.3175,0.19,19920.0,50136759828768,https://cdn.shopify.com/s/files/1/0805/4777/4752/files/DER000938_R1.jpg?v=1759470428,https://cdn.shopify.com/s/files/1/0805/4777/4752/files/DER000938_R2.jpg?v=1759470428,DER000938_R1.jpg
Splendour Diamond Earrings,18 KT / Rose Gold,18K,1.55,0.19,26305.0,50136759927072,https://cdn.shopify.com/s/files/1/0805/4777/4752/files/DER000938_R1.jpg?v=1759470428,https://cdn.shopify.com/s/files/1/0805/4777/4752/files/DER000938_R2.jpg?v=1759470428,DER000938_R1.jpg
Cobalt Blue Diamond Earrings,9 KT / Yellow Gold,9K,1.1625,0.184,14601.0,50728364441888,https://cdn.shopify.com/s/files/1/0805/4777/4752/files/DER000928_Y1_336c9a8a-02f1-4463-a8e3-80bbcb29875c.jpg?v=1759830457,https://cdn.shopify.com/s/files/1/0805/4777/4752/files/DER000928_Y2_e5a69e8e-5cd1-43a8-9dca-79c46cdf5319.jpg?v=1759830488,DER000928_Y1_336c9a8a-02f1-4463-a8e3-80bbcb29875c.jpg
Cobalt Blue Diamond Earrings,14 KT / Yellow Gold,14K,1.3175,0.184,19992.0,50136765727008,https://cdn.shopify.com/s/files/1/0805/4777/4752/files/DER000928_Y1_336c9a8a-02f1-4463-a8e3-80bbcb29875c.jpg?v=1759830457,https://cdn.shopify.com/s/files/1/0805/4777/4752/files/DER000928_Y2_e5a69e8e-5cd1-43a8-9dca-79c46cdf5319.jpg?v=1759830488,DER000928_Y1_336c9a8a-02f1-4463-a8e3-80bbcb29875c.jpg
Cobalt Blue Diamond Earrings,18 KT / Yellow Gold,18K,1.55,0.184,26377.0,50136765825312,https://cdn.shopify.com/s/files/1/0805/4777/4752/files/DER000928_Y1_336c9a8a-02f1-4463-a8e3-80bbcb29875c.jpg?v=1759830457,https://cdn.shopify.com/s/files/1/0805/4777/4752/files/DER000928_Y2_e5a69e8e-5cd1-43a8-9dca-79c46cdf5319.jpg?v=1759830488,DER000928_Y1_336c9a8a-02f1-4463-a8e3-80bbcb29875c.jpg
Starburst Diamond Earrings,9 KT / Rose Gold,9K,1.2375,0.171,14633.0,50728365130016,https://cdn.shopify.com/s/files/1/0805/4777/4752/files/DER000921_R1_020060ec-89f6-4117-84a4-f9857263a871.jpg?v=1759470389,https://cdn.shopify.com/s/files/1/0805/4777/4752/files/DER000921_R2_97b1bc67-2df4-4161-a426-6d63c8bf097d.jpg?v=1759470389,DER000921_R1_020060ec-89f6-4117-84a4-f9857263a871.jpg
Starburst Diamond Earrings,14 KT / Rose Gold,14K,1.4025,0.171,20371.0,50136763924768,https://cdn.shopify.com/s/files/1/0805/4777/4752/files/DER000921_R1_020060ec-89f6-4117-84a4-f9857263a871.jpg?v=1759470389,https://cdn.shopify.com/s/files/1/0805/4777/4752/files/DER000921_R2_97b1bc67-2df4-4161-a426-6d63c8bf097d.jpg?v=1759470389,DER000921_R1_020060ec-89f6-4117-84a4-f9857263a871.jpg
Starburst Diamond Earrings,18 KT / Rose Gold,18K,1.65,0.171,27169.0,50224741712160,https://cdn.shopify.com/s/files/1/0805/4777/4752/files/DER000921_R1_020060ec-89f6-4117-84a4-f9857263a871.jpg?v=1759470389,https://cdn.shopify.com/s/files/1/0805/4777/4752/files/DER000921_R2_97b1bc67-2df4-4161-a426-6d63c8bf097d.jpg?v=1759470389,DER000921_R1_020060ec-89f6-4117-84a4-f9857263a871.jpg
Harmony Diamond Earrings,9 KT / Rose Gold,9K,1.0125,0.242,14696.0,50728363098400,https://cdn.shopify.com/s/files/1/0805/4777/4752/files/SPER01082_R1.jpg?v=1751372787,https://cdn.shopify.com/s/files/1/0805/4777/4752/files/SPER01082_R2.jpg?v=1751372787,SPER01082_R1.jpg
Harmony Diamond Earrings,14 KT / Rose Gold,14K,1.1475,0.242,19391.0,50136865636640,https://cdn.shopify.com/s/files/1/0805/4777/4752/files/SPER01082_R1.jpg?v=1751372787,https://cdn.shopify.com/s/files/1/0805/4777/4752/files/SPER01082_R2.jpg?v=1751372787,SPER01082_R1.jpg
Harmony Diamond Earrings,18 KT / Rose Gold,18K,1.35,0.242,24952.0,50136865734944,https://cdn.shopify.com/s/files/1/0805/4777/4752/files/SPER01082_R1.jpg?v=1751372787,https://cdn.shopify.com/s/files/1/0805/4777/4752/files/SPER01082_R2.jpg?v=1751372787,SPER01082_R1.jpg
Sunflare Diamond Stud Earrings,9 KT / Yellow Gold,9K,1.725,0.06,14715.0,50728305590560,https://cdn.shopify.com/s/files/1/0805/4777/4752/files/DER001112_Y1.jpg?v=1754118976,https://cdn.shopify.com/s/files/1/0805/4777/4752/files/DER001112_Y2.jpg?v=1763633595,DER001112_Y1.jpg
Sunflare Diamond Stud Earrings,14 KT / Yellow Gold,14K,1.955,0.06,22714.0,50523558936864,https://cdn.shopify.com/s/files/1/0805/4777/4752/files/DER001112_Y1.jpg?v=1754118976,https://cdn.shopify.com/s/files/1/0805/4777/4752/files/DER001112_Y2.jpg?v=1763633595,DER001112_Y1.jpg
Sunflare Diamond Stud Earrings,18 KT / Yellow Gold,18K,2.3,0.06,32189.0,50523559035168,https://cdn.shopify.com/s/files/1/0805/4777/4752/files/DER001112_Y1.jpg?v=1754118976,https://cdn.shopify.com/s/files/1/0805/4777/4752/files/DER001112_Y2.jpg?v=1763633595,DER001112_Y1.jpg
Steer Sparkles Diamond Earrings,9 KT / Rose Gold,9K,1.1625,0.206,14956.0,50728370831648,https://cdn.shopify.com/s/files/1/0805/4777/4752/files/DER000927_R1.jpg?v=1758194996,https://cdn.shopify.com/s/files/1/0805/4777/4752/files/DER000927_R2.jpg?v=1763633094,DER000927_R1.jpg
Steer Sparkles Diamond Earrings,14 KT / Rose Gold,14K,1.3175,0.206,20347.0,50136761991456,https://cdn.shopify.com/s/files/1/0805/4777/4752/files/DER000927_R1.jpg?v=1758194996,https://cdn.shopify.com/s/files/1/0805/4777/4752/files/DER000927_R2.jpg?v=1763633094,DER000927_R1.jpg
Steer Sparkles Diamond Earrings,18 KT / Rose Gold,18K,1.55,0.206,26732.0,50136762089760,https://cdn.shopify.com/s/files/1/0805/4777/4752/files/DER000927_R1.jpg?v=1758194996,https://cdn.shopify.com/s/files/1/0805/4777/4752/files/DER000927_R2.jpg?v=1763633094,DER000927_R1.jpg
Concurrent Diamond Danglers,9 KT / Rose Gold,9K,1.2,0.196,14994.0,50728371355936,https://cdn.shopify.com/s/files/1/0805/4777/4752/files/DER000942_R1.jpg?v=1761633296,https://cdn.shopify.com/s/files/1/0805/4777/4752/files/DER000942_R2.jpg?v=1761633296,DER000942_R1.jpg
Concurrent Diamond Danglers,14 KT / Rose Gold,14K,1.36,0.196,20559.0,50136761794848,https://cdn.shopify.com/s/files/1/0805/4777/4752/files/DER000942_R1.jpg?v=1761633296,https://cdn.shopify.com/s/files/1/0805/4777/4752/files/DER000942_R2.jpg?v=1761633296,DER000942_R1.jpg
Concurrent Diamond Danglers,18 KT / Rose Gold,18K,1.6,0.196,27150.0,50136761893152,https://cdn.shopify.com/s/files/1/0805/4777/4752/files/DER000942_R1.jpg?v=1761633296,https://cdn.shopify.com/s/files/1/0805/4777/4752/files/DER000942_R2.jpg?v=1761633296,DER000942_R1.jpg
Linear Rail Floral Diamond Stud Earrings,9 KT / Yellow Gold,9K,1.456,0.162,15001.0,51157641560352,https://cdn.shopify.com/s/files/1/0805/4777/4752/files/DER001510_Y1.jpg?v=1771407260,https://cdn.shopify.com/s/files/1/0805/4777/4752/files/DER001510_R1.jpg?v=1771407260,DER001510_Y1.jpg
Linear Rail Floral Diamond Stud Earrings,14 KT / Yellow Gold,14K,1.6,0.162,21279.0,51157641658656,https://cdn.shopify.com/s/files/1/0805/4777/4752/files/DER001510_Y1.jpg?v=1771407260,https://cdn.shopify.com/s/files/1/0805/4777/4752/files/DER001510_R1.jpg?v=1771407260,DER001510_Y1.jpg
Linear Rail Floral Diamond Stud Earrings,18 KT / Yellow Gold,18K,1.92,0.162,29491.0,51157641756960,https://cdn.shopify.com/s/files/1/0805/4777/4752/files/DER001510_Y1.jpg?v=1771407260,https://cdn.shopify.com/s/files/1/0805/4777/4752/files/DER001510_R1.jpg?v=1771407260,DER001510_Y1.jpg
Brilliant Swirl Fashion Diamond Hoop Earrings,9 KT / Yellow Gold,9K,1.35,0.18,15065.0,50728346943776,https://cdn.shopify.com/s/files/1/0805/4777/4752/files/DER001017_Y1.jpg?v=1750415157,https://cdn.shopify.com/s/files/1/0805/4777/4752/files/DER001017_Y2.jpg?v=1750415263,DER001017_Y1.jpg
Brilliant Swirl Fashion Diamond Hoop Earrings,14 KT / Yellow Gold,14K,1.53,0.18,21326.0,50311326269728,https://cdn.shopify.com/s/files/1/0805/4777/4752/files/DER001017_Y1.jpg?v=1750415157,https://cdn.shopify.com/s/files/1/0805/4777/4752/files/DER001017_Y2.jpg?v=1750415263,DER001017_Y1.jpg
Brilliant Swirl Fashion Diamond Hoop Earrings,18 KT / Yellow Gold,18K,1.8,0.18,28741.0,50311326368032,https://cdn.shopify.com/s/files/1/0805/4777/4752/files/DER001017_Y1.jpg?v=1750415157,https://cdn.shopify.com/s/files/1/0805/4777/4752/files/DER001017_Y2.jpg?v=1750415263,DER001017_Y1.jpg
Dainty Peas Diamond Earrings,9 KT / Rose Gold,9K,1.2,0.203,15181.0,50728365490464,https://cdn.shopify.com/s/files/1/0805/4777/4752/files/DER000939_R1.jpg?v=1759470486,https://cdn.shopify.com/s/files/1/0805/4777/4752/files/DER000939_R2.jpg?v=1759470486,DER000939_R1.jpg
Dainty Peas Diamond Earrings,14 KT / Rose Gold,14K,1.36,0.203,20746.0,50136763302176,https://cdn.shopify.com/s/files/1/0805/4777/4752/files/DER000939_R1.jpg?v=1759470486,https://cdn.shopify.com/s/files/1/0805/4777/4752/files/DER000939_R2.jpg?v=1759470486,DER000939_R1.jpg
Dainty Peas Diamond Earrings,18 KT / Rose Gold,18K,1.6,0.203,27337.0,50136763400480,https://cdn.shopify.com/s/files/1/0805/4777/4752/files/DER000939_R1.jpg?v=1759470486,https://cdn.shopify.com/s/files/1/0805/4777/4752/files/DER000939_R2.jpg?v=1759470486,DER000939_R1.jpg
Encrusted Round Diamond Stud Earrings,9 KT / Rose Gold,9K,1.3875,0.18,15350.0,51157646082336,https://cdn.shopify.com/s/files/1/0805/4777/4752/files/DER001200_R1.jpg?v=1771492360,https://cdn.shopify.com/s/files/1/0805/4777/4752/files/DER001200_R2.jpg?v=1771492360,DER001200_R1.jpg
Encrusted Round Diamond Stud Earrings,14 KT / Rose Gold,14K,1.5725,0.18,21785.0,51157646180640,https://cdn.shopify.com/s/files/1/0805/4777/4752/files/DER001200_R1.jpg?v=1771492360,https://cdn.shopify.com/s/files/1/0805/4777/4752/files/DER001200_R2.jpg?v=1771492360,DER001200_R1.jpg
Encrusted Round Diamond Stud Earrings,18 KT / Rose Gold,18K,1.85,0.18,29406.0,51157646278944,https://cdn.shopify.com/s/files/1/0805/4777/4752/files/DER001200_R1.jpg?v=1771492360,https://cdn.shopify.com/s/files/1/0805/4777/4752/files/DER001200_R2.jpg?v=1771492360,DER001200_R1.jpg
Tulip Motif Diamond Stud Earrings,9 KT / Rose Gold,9K,1.456,0.178,15427.0,51157642117408,https://cdn.shopify.com/s/files/1/0805/4777/4752/files/DER001515_R1.jpg?v=1771492655,https://cdn.shopify.com/s/files/1/0805/4777/4752/files/DER001515_R2.jpg?v=1771492655,DER001515_R1.jpg
Tulip Motif Diamond Stud Earrings,14 KT / Rose Gold,14K,1.6,0.178,21706.0,51157642215712,https://cdn.shopify.com/s/files/1/0805/4777/4752/files/DER001515_R1.jpg?v=1771492655,https://cdn.shopify.com/s/files/1/0805/4777/4752/files/DER001515_R2.jpg?v=1771492655,DER001515_R1.jpg
Tulip Motif Diamond Stud Earrings,18 KT / Rose Gold,18K,1.92,0.178,29917.0,51157642314016,https://cdn.shopify.com/s/files/1/0805/4777/4752/files/DER001515_R1.jpg?v=1771492655,https://cdn.shopify.com/s/files/1/0805/4777/4752/files/DER001515_R2.jpg?v=1771492655,DER001515_R1.jpg
V-Shaped Pave Diamond Stud Earrings,9 KT / Yellow Gold,9K,1.456,0.188,15694.0,51157642477856,https://cdn.shopify.com/s/files/1/0805/4777/4752/files/DER001509_Y1.jpg?v=1771334713,https://cdn.shopify.com/s/files/1/0805/4777/4752/files/DER001509_Y2.jpg?v=1771334744,DER001509_Y1.jpg
V-Shaped Pave Diamond Stud Earrings,14 KT / Yellow Gold,14K,1.6,0.188,21972.0,51157642576160,https://cdn.shopify.com/s/files/1/0805/4777/4752/files/DER001509_Y1.jpg?v=1771334713,https://cdn.shopify.com/s/files/1/0805/4777/4752/files/DER001509_Y2.jpg?v=1771334744,DER001509_Y1.jpg
V-Shaped Pave Diamond Stud Earrings,18 KT / Yellow Gold,18K,1.92,0.188,30184.0,51157642674464,https://cdn.shopify.com/s/files/1/0805/4777/4752/files/DER001509_Y1.jpg?v=1771334713,https://cdn.shopify.com/s/files/1/0805/4777/4752/files/DER001509_Y2.jpg?v=1771334744,DER001509_Y1.jpg
Triple Marquise Paved Diamond Stud Earrings,9 KT / Rose Gold,9K,1.456,0.194,15854.0,51157642707232,https://cdn.shopify.com/s/files/1/0805/4777/4752/files/DER001507_R1.jpg?v=1771413288,https://cdn.shopify.com/s/files/1/0805/4777/4752/files/DER001507_R2.jpg?v=1771413288,DER001507_R1.jpg
Triple Marquise Paved Diamond Stud Earrings,14 KT / Rose Gold,14K,1.6,0.194,22132.0,51157642805536,https://cdn.shopify.com/s/files/1/0805/4777/4752/files/DER001507_R1.jpg?v=1771413288,https://cdn.shopify.com/s/files/1/0805/4777/4752/files/DER001507_R2.jpg?v=1771413288,DER001507_R1.jpg
Triple Marquise Paved Diamond Stud Earrings,18 KT / Rose Gold,18K,1.92,0.194,30344.0,51157642903840,https://cdn.shopify.com/s/files/1/0805/4777/4752/files/DER001507_R1.jpg?v=1771413288,https://cdn.shopify.com/s/files/1/0805/4777/4752/files/DER001507_R2.jpg?v=1771413288,DER001507_R1.jpg
Brow Arc Diamond Stud Earrings,9 KT / Rose Gold,9K,1.05,0.3,15986.0,50728264040736,https://cdn.shopify.com/s/files/1/0805/4777/4752/files/DER001185_R1.jpg?v=1756722428,https://cdn.shopify.com/s/files/1/0805/4777/4752/files/DER001185_R2.jpg?v=1767694605,DER001185_R1.jpg
Brow Arc Diamond Stud Earrings,14 KT / Rose Gold,14K,1.19,0.3,20855.0,50617328369952,https://cdn.shopify.com/s/files/1/0805/4777/4752/files/DER001185_R1.jpg?v=1756722428,https://cdn.shopify.com/s/files/1/0805/4777/4752/files/DER001185_R2.jpg?v=1767694605,DER001185_R1.jpg
Brow Arc Diamond Stud Earrings,18 KT / Rose Gold,18K,1.4,0.3,26622.0,50617328468256,https://cdn.shopify.com/s/files/1/0805/4777/4752/files/DER001185_R1.jpg?v=1756722428,https://cdn.shopify.com/s/files/1/0805/4777/4752/files/DER001185_R2.jpg?v=1767694605,DER001185_R1.jpg
Spiral Floral Diamond Stud Earrings,9 KT / Yellow Gold,9K,1.456,0.202,16068.0,51157643067680,https://cdn.shopify.com/s/files/1/0805/4777/4752/files/DER001506_Y1.jpg?v=1771334702,https://cdn.shopify.com/s/files/1/0805/4777/4752/files/DER001506_Y2.jpg?v=1771334736,DER001506_Y1.jpg
Spiral Floral Diamond Stud Earrings,14 KT / Yellow Gold,14K,1.6,0.202,22346.0,51157643165984,https://cdn.shopify.com/s/files/1/0805/4777/4752/files/DER001506_Y1.jpg?v=1771334702,https://cdn.shopify.com/s/files/1/0805/4777/4752/files/DER001506_Y2.jpg?v=1771334736,DER001506_Y1.jpg
Spiral Floral Diamond Stud Earrings,18 KT / Yellow Gold,18K,1.92,0.202,30558.0,51157643264288,https://cdn.shopify.com/s/files/1/0805/4777/4752/files/DER001506_Y1.jpg?v=1771334702,https://cdn.shopify.com/s/files/1/0805/4777/4752/files/DER001506_Y2.jpg?v=1771334736,DER001506_Y1.jpg
Opal Dreams Diamond Earrings,9 KT / Yellow Gold,9K,1.275,0.24,16096.0,50730630250784,https://cdn.shopify.com/s/files/1/0805/4777/4752/files/DER000452_Y1.jpg?v=1750223467,https://cdn.shopify.com/s/files/1/0805/4777/4752/files/DER000452_Y2.jpg?v=1767692321,DER000452_Y1.jpg
Opal Dreams Diamond Earrings,14 KT / Yellow Gold,14K,1.445,0.24,22008.0,47436124815648,https://cdn.shopify.com/s/files/1/0805/4777/4752/files/DER000452_Y1.jpg?v=1750223467,https://cdn.shopify.com/s/files/1/0805/4777/4752/files/DER000452_Y2.jpg?v=1767692321,DER000452_Y1.jpg
Opal Dreams Diamond Earrings,18 KT / Yellow Gold,18K,1.7,0.24,29011.0,49848374460704,https://cdn.shopify.com/s/files/1/0805/4777/4752/files/DER000452_Y1.jpg?v=1750223467,https://cdn.shopify.com/s/files/1/0805/4777/4752/files/DER000452_Y2.jpg?v=1767692321,DER000452_Y1.jpg
Cassandra Diamond Earrings,9 KT / Yellow Gold,9K,1.275,0.242,16149.0,50728459731232,https://cdn.shopify.com/s/files/1/0805/4777/4752/files/RK-RBT-29_Y1.jpg?v=1751372961,https://cdn.shopify.com/s/files/1/0805/4777/4752/files/RK-RBT-29_Y2.jpg?v=1751372961,RK-RBT-29_Y1.jpg
Cassandra Diamond Earrings,14 KT / Yellow Gold,14K,1.445,0.242,22062.0,49907306135840,https://cdn.shopify.com/s/files/1/0805/4777/4752/files/RK-RBT-29_Y1.jpg?v=1751372961,https://cdn.shopify.com/s/files/1/0805/4777/4752/files/RK-RBT-29_Y2.jpg?v=1751372961,RK-RBT-29_Y1.jpg
Cassandra Diamond Earrings,18 KT / Yellow Gold,18K,1.7,0.242,29065.0,49907306234144,https://cdn.shopify.com/s/files/1/0805/4777/4752/files/RK-RBT-29_Y1.jpg?v=1751372961,https://cdn.shopify.com/s/files/1/0805/4777/4752/files/RK-RBT-29_Y2.jpg?v=1751372961,RK-RBT-29_Y1.jpg
Abstract Diamond Stud Earrings,9 KT / Yellow Gold,9K,1.5,0.19,16472.0,51157648015648,https://cdn.shopify.com/s/files/1/0805/4777/4752/files/DER001199_Y1.jpg?v=1771478838,https://cdn.shopify.com/s/files/1/0805/4777/4752/files/DER001199_Y2.jpg?v=1771478865,DER001199_Y1.jpg
Abstract Diamond Stud Earrings,14 KT / Yellow Gold,14K,1.7,0.19,23428.0,51157648113952,https://cdn.shopify.com/s/files/1/0805/4777/4752/files/DER001199_Y1.jpg?v=1771478838,https://cdn.shopify.com/s/files/1/0805/4777/4752/files/DER001199_Y2.jpg?v=1771478865,DER001199_Y1.jpg
Abstract Diamond Stud Earrings,18 KT / Yellow Gold,18K,2.0,0.19,31667.0,51157648212256,https://cdn.shopify.com/s/files/1/0805/4777/4752/files/DER001199_Y1.jpg?v=1771478838,https://cdn.shopify.com/s/files/1/0805/4777/4752/files/DER001199_Y2.jpg?v=1771478865,DER001199_Y1.jpg
Princess Cut Diamond Men's Stud Earrings,9 KT / Rose Gold,9K,1.3125,0.25,16647.0,50728227701024,https://cdn.shopify.com/s/files/1/0805/4777/4752/files/DER000770_R1.jpg?v=1758093400,https://cdn.shopify.com/s/files/1/0805/4777/4752/files/DER000770_R2.jpg?v=1767693803,DER000770_R1.jpg
Princess Cut Diamond Men's Stud Earrings,14 KT / Rose Gold,14K,1.4875,0.25,22734.0,50695460389152,https://cdn.shopify.com/s/files/1/0805/4777/4752/files/DER000770_R1.jpg?v=1758093400,https://cdn.shopify.com/s/files/1/0805/4777/4752/files/DER000770_R2.jpg?v=1767693803,DER000770_R1.jpg
Princess Cut Diamond Men's Stud Earrings,18 KT / Rose Gold,18K,1.75,0.25,29943.0,50695460487456,https://cdn.shopify.com/s/files/1/0805/4777/4752/files/DER000770_R1.jpg?v=1758093400,https://cdn.shopify.com/s/files/1/0805/4777/4752/files/DER000770_R2.jpg?v=1767693803,DER000770_R1.jpg
Geometric Flower Diamond Stud Earrings,9 KT / Yellow Gold,9K,1.547,0.2,16682.0,51157643690272,https://cdn.shopify.com/s/files/1/0805/4777/4752/files/DER001498_Y1.jpg?v=1771227046,https://cdn.shopify.com/s/files/1/0805/4777/4752/files/DER001498_Y2.jpg?v=1771227101,DER001498_Y1.jpg
Geometric Flower Diamond Stud Earrings,14 KT / Yellow Gold,14K,1.7,0.2,23352.0,51157643788576,https://cdn.shopify.com/s/files/1/0805/4777/4752/files/DER001498_Y1.jpg?v=1771227046,https://cdn.shopify.com/s/files/1/0805/4777/4752/files/DER001498_Y2.jpg?v=1771227101,DER001498_Y1.jpg
Geometric Flower Diamond Stud Earrings,18 KT / Yellow Gold,18K,2.04,0.2,32077.0,51157643886880,https://cdn.shopify.com/s/files/1/0805/4777/4752/files/DER001498_Y1.jpg?v=1771227046,https://cdn.shopify.com/s/files/1/0805/4777/4752/files/DER001498_Y2.jpg?v=1771227101,DER001498_Y1.jpg
Cluster Square Round Diamond Stud Earrings,9 KT / Rose Gold,9K,1.5,0.2,16739.0,51157648245024,https://cdn.shopify.com/s/files/1/0805/4777/4752/files/DER001204_R1.jpg?v=1771500675,https://cdn.shopify.com/s/files/1/0805/4777/4752/files/DER001204_R2.jpg?v=1771500675,DER001204_R1.jpg
Cluster Square Round Diamond Stud Earrings,14 KT / Rose Gold,14K,1.7,0.2,23695.0,51157648343328,https://cdn.shopify.com/s/files/1/0805/4777/4752/files/DER001204_R1.jpg?v=1771500675,https://cdn.shopify.com/s/files/1/0805/4777/4752/files/DER001204_R2.jpg?v=1771500675,DER001204_R1.jpg
Cluster Square Round Diamond Stud Earrings,18 KT / Rose Gold,18K,2.0,0.2,31934.0,51157648441632,https://cdn.shopify.com/s/files/1/0805/4777/4752/files/DER001204_R1.jpg?v=1771500675,https://cdn.shopify.com/s/files/1/0805/4777/4752/files/DER001204_R2.jpg?v=1771500675,DER001204_R1.jpg
Pear Fusion Diamond Earrings,9 KT / Yellow Gold,9K,1.2,0.3,17126.0,50730015752480,https://cdn.shopify.com/s/files/1/0805/4777/4752/files/CZ-K-ER-8655_Y1.jpg?v=1751373054,https://cdn.shopify.com/s/files/1/0805/4777/4752/files/CZ-K-ER-8655_Y2.jpg?v=1751373054,CZ-K-ER-8655_Y1.jpg
Pear Fusion Diamond Earrings,14 KT / Yellow Gold,14K,1.36,0.3,22691.0,49872668000544,https://cdn.shopify.com/s/files/1/0805/4777/4752/files/CZ-K-ER-8655_Y1.jpg?v=1751373054,https://cdn.shopify.com/s/files/1/0805/4777/4752/files/CZ-K-ER-8655_Y2.jpg?v=1751373054,CZ-K-ER-8655_Y1.jpg
Pear Fusion Diamond Earrings,18 KT / Yellow Gold,18K,1.6,0.3,29282.0,49872668098848,https://cdn.shopify.com/s/files/1/0805/4777/4752/files/CZ-K-ER-8655_Y1.jpg?v=1751373054,https://cdn.shopify.com/s/files/1/0805/4777/4752/files/CZ-K-ER-8655_Y2.jpg?v=1751373054,CZ-K-ER-8655_Y1.jpg
Floral Cluster Pave Set Diamond Stud Earrings,9 KT / Rose Gold,9K,1.638,0.192,17136.0,51157644869920,https://cdn.shopify.com/s/files/1/0805/4777/4752/files/DER001494_R1.jpg?v=1771232605,https://cdn.shopify.com/s/files/1/0805/4777/4752/files/DER001494_R2.jpg?v=1771232605,DER001494_R1.jpg
Floral Cluster Pave Set Diamond Stud Earrings,14 KT / Rose Gold,14K,1.8,0.192,24199.0,51157644968224,https://cdn.shopify.com/s/files/1/0805/4777/4752/files/DER001494_R1.jpg?v=1771232605,https://cdn.shopify.com/s/files/1/0805/4777/4752/files/DER001494_R2.jpg?v=1771232605,DER001494_R1.jpg
Floral Cluster Pave Set Diamond Stud Earrings,18 KT / Rose Gold,18K,2.16,0.192,33437.0,51157645066528,https://cdn.shopify.com/s/files/1/0805/4777/4752/files/DER001494_R1.jpg?v=1771232605,https://cdn.shopify.com/s/files/1/0805/4777/4752/files/DER001494_R2.jpg?v=1771232605,DER001494_R1.jpg
Dazzling Pearl Diamond Earrings,9 KT / Yellow Gold,9K,1.65,0.174,17186.0,50730044129568,https://cdn.shopify.com/s/files/1/0805/4777/4752/files/DER000610_Y1.jpg?v=1750222995,https://cdn.shopify.com/s/files/1/0805/4777/4752/files/DER000610_Y2.jpg?v=1750222996,DER000610_Y1.jpg
Dazzling Pearl Diamond Earrings,14 KT / Yellow Gold,14K,1.87,0.174,24838.0,49509060935968,https://cdn.shopify.com/s/files/1/0805/4777/4752/files/DER000610_Y1.jpg?v=1750222995,https://cdn.shopify.com/s/files/1/0805/4777/4752/files/DER000610_Y2.jpg?v=1750222996,DER000610_Y1.jpg
Dazzling Pearl Diamond Earrings,18 KT / Yellow Gold,18K,2.2,0.174,33900.0,49846350577952,https://cdn.shopify.com/s/files/1/0805/4777/4752/files/DER000610_Y1.jpg?v=1750222995,https://cdn.shopify.com/s/files/1/0805/4777/4752/files/DER000610_Y2.jpg?v=1750222996,DER000610_Y1.jpg
Lattice Round Diamond Stud Earrings,9 KT / Yellow Gold,9K,1.547,0.22,17215.0,51157643985184,https://cdn.shopify.com/s/files/1/0805/4777/4752/files/DER001500_Y1_0bf92e77-9695-4dc1-8da8-a343da936e28.jpg?v=1771483754,https://cdn.shopify.com/s/files/1/0805/4777/4752/files/DER001500_Y2_5adbf5bd-0a15-49e8-b98b-86cd89cc6dc9.jpg?v=1771483754,DER001500_Y1_0bf92e77-9695-4dc1-8da8-a343da936e28.jpg
Lattice Round Diamond Stud Earrings,14 KT / Yellow Gold,14K,1.7,0.22,23886.0,51157644083488,https://cdn.shopify.com/s/files/1/0805/4777/4752/files/DER001500_Y1_0bf92e77-9695-4dc1-8da8-a343da936e28.jpg?v=1771483754,https://cdn.shopify.com/s/files/1/0805/4777/4752/files/DER001500_Y2_5adbf5bd-0a15-49e8-b98b-86cd89cc6dc9.jpg?v=1771483754,DER001500_Y1_0bf92e77-9695-4dc1-8da8-a343da936e28.jpg
Lattice Round Diamond Stud Earrings,18 KT / Yellow Gold,18K,2.04,0.22,32611.0,51157644181792,https://cdn.shopify.com/s/files/1/0805/4777/4752/files/DER001500_Y1_0bf92e77-9695-4dc1-8da8-a343da936e28.jpg?v=1771483754,https://cdn.shopify.com/s/files/1/0805/4777/4752/files/DER001500_Y2_5adbf5bd-0a15-49e8-b98b-86cd89cc6dc9.jpg?v=1771483754,DER001500_Y1_0bf92e77-9695-4dc1-8da8-a343da936e28.jpg
Marquise Curve Diamond Stud Earrings,9 KT / Yellow Gold,9K,1.638,0.196,17242.0,51157645263136,https://cdn.shopify.com/s/files/1/0805/4777/4752/files/DER001493_Y1.jpg?v=1771227032,https://cdn.shopify.com/s/files/1/0805/4777/4752/files/DER001493_Y2.jpg?v=1771227090,DER001493_Y1.jpg
Marquise Curve Diamond Stud Earrings,14 KT / Yellow Gold,14K,1.8,0.196,24305.0,51157645361440,https://cdn.shopify.com/s/files/1/0805/4777/4752/files/DER001493_Y1.jpg?v=1771227032,https://cdn.shopify.com/s/files/1/0805/4777/4752/files/DER001493_Y2.jpg?v=1771227090,DER001493_Y1.jpg
Marquise Curve Diamond Stud Earrings,18 KT / Yellow Gold,18K,2.16,0.196,33544.0,51157645459744,https://cdn.shopify.com/s/files/1/0805/4777/4752/files/DER001493_Y1.jpg?v=1771227032,https://cdn.shopify.com/s/files/1/0805/4777/4752/files/DER001493_Y2.jpg?v=1771227090,DER001493_Y1.jpg
Emery Diamond Earrings,9 KT / Yellow Gold,9K,1.5375,0.21,17291.0,50728387608864,https://cdn.shopify.com/s/files/1/0805/4777/4752/files/RK-RBT-36_Y1.jpg?v=1751372932,https://cdn.shopify.com/s/files/1/0805/4777/4752/files/RK-RBT-36_Y2.jpg?v=1751372932,RK-RBT-36_Y1.jpg
Emery Diamond Earrings,14 KT / Yellow Gold,14K,1.7425,0.21,24421.0,49907331432736,https://cdn.shopify.com/s/files/1/0805/4777/4752/files/RK-RBT-36_Y1.jpg?v=1751372932,https://cdn.shopify.com/s/files/1/0805/4777/4752/files/RK-RBT-36_Y2.jpg?v=1751372932,RK-RBT-36_Y1.jpg
Emery Diamond Earrings,18 KT / Yellow Gold,18K,2.05,0.21,32866.0,49907331531040,https://cdn.shopify.com/s/files/1/0805/4777/4752/files/RK-RBT-36_Y1.jpg?v=1751372932,https://cdn.shopify.com/s/files/1/0805/4777/4752/files/RK-RBT-36_Y2.jpg?v=1751372932,RK-RBT-36_Y1.jpg
Crescent Shaped Round Diamond Stud Earrings,9 KT / Yellow Gold,9K,1.547,0.225,17349.0,51157644345632,https://cdn.shopify.com/s/files/1/0805/4777/4752/files/DER001514_Y1.jpg?v=1771492610,https://cdn.shopify.com/s/files/1/0805/4777/4752/files/DER001514_Y2.jpg?v=1771492610,DER001514_Y1.jpg
Crescent Shaped Round Diamond Stud Earrings,14 KT / Yellow Gold,14K,1.7,0.225,24019.0,51157644443936,https://cdn.shopify.com/s/files/1/0805/4777/4752/files/DER001514_Y1.jpg?v=1771492610,https://cdn.shopify.com/s/files/1/0805/4777/4752/files/DER001514_Y2.jpg?v=1771492610,DER001514_Y1.jpg
Crescent Shaped Round Diamond Stud Earrings,18 KT / Yellow Gold,18K,2.04,0.225,32744.0,51157644542240,https://cdn.shopify.com/s/files/1/0805/4777/4752/files/DER001514_Y1.jpg?v=1771492610,https://cdn.shopify.com/s/files/1/0805/4777/4752/files/DER001514_Y2.jpg?v=1771492610,DER001514_Y1.jpg
Meshwork Round Diamond Stud Earrings,9 KT / Rose Gold,9K,1.638,0.2,17349.0,51157645492512,https://cdn.shopify.com/s/files/1/0805/4777/4752/files/DER001511_R1.jpg?v=1771413263,https://cdn.shopify.com/s/files/1/0805/4777/4752/files/DER001511_R2.jpg?v=1771413263,DER001511_R1.jpg
Meshwork Round Diamond Stud Earrings,14 KT / Rose Gold,14K,1.8,0.2,24412.0,51157645590816,https://cdn.shopify.com/s/files/1/0805/4777/4752/files/DER001511_R1.jpg?v=1771413263,https://cdn.shopify.com/s/files/1/0805/4777/4752/files/DER001511_R2.jpg?v=1771413263,DER001511_R1.jpg
Meshwork Round Diamond Stud Earrings,18 KT / Rose Gold,18K,2.16,0.2,33650.0,51157645689120,https://cdn.shopify.com/s/files/1/0805/4777/4752/files/DER001511_R1.jpg?v=1771413263,https://cdn.shopify.com/s/files/1/0805/4777/4752/files/DER001511_R2.jpg?v=1771413263,DER001511_R1.jpg
Leaflet Diamond Stud Earrings,9 KT / Yellow Gold,9K,1.5,0.23,17539.0,51157648900384,https://cdn.shopify.com/s/files/1/0805/4777/4752/files/DER001201_Y1.jpg?v=1771478845,https://cdn.shopify.com/s/files/1/0805/4777/4752/files/DER001201_Y2.jpg?v=1771478871,DER001201_Y1.jpg
Leaflet Diamond Stud Earrings,14 KT / Yellow Gold,14K,1.7,0.23,24496.0,51157648998688,https://cdn.shopify.com/s/files/1/0805/4777/4752/files/DER001201_Y1.jpg?v=1771478845,https://cdn.shopify.com/s/files/1/0805/4777/4752/files/DER001201_Y2.jpg?v=1771478871,DER001201_Y1.jpg
Leaflet Diamond Stud Earrings,18 KT / Yellow Gold,18K,2.0,0.23,32734.0,51157649096992,https://cdn.shopify.com/s/files/1/0805/4777/4752/files/DER001201_Y1.jpg?v=1771478845,https://cdn.shopify.com/s/files/1/0805/4777/4752/files/DER001201_Y2.jpg?v=1771478871,DER001201_Y1.jpg
Eliptical Round Diamond Stud Earrings,9 KT / Rose Gold,9K,1.456,0.262,17668.0,51157643329824,https://cdn.shopify.com/s/files/1/0805/4777/4752/files/DER001508_R1.jpg?v=1771413492,https://cdn.shopify.com/s/files/1/0805/4777/4752/files/DER001508_R2.jpg?v=1771413492,DER001508_R1.jpg
Eliptical Round Diamond Stud Earrings,14 KT / Rose Gold,14K,1.6,0.262,23946.0,51157643428128,https://cdn.shopify.com/s/files/1/0805/4777/4752/files/DER001508_R1.jpg?v=1771413492,https://cdn.shopify.com/s/files/1/0805/4777/4752/files/DER001508_R2.jpg?v=1771413492,DER001508_R1.jpg
Eliptical Round Diamond Stud Earrings,18 KT / Rose Gold,18K,1.92,0.262,32158.0,51157643526432,https://cdn.shopify.com/s/files/1/0805/4777/4752/files/DER001508_R1.jpg?v=1771413492,https://cdn.shopify.com/s/files/1/0805/4777/4752/files/DER001508_R2.jpg?v=1771413492,DER001508_R1.jpg
Angle Glow Diamond Earrings,9 KT / Rose Gold,9K,1.275,0.304,17803.0,50730018603296,https://cdn.shopify.com/s/files/1/0805/4777/4752/files/CZ-K-ER-20914_R1.jpg?v=1751373084,https://cdn.shopify.com/s/files/1/0805/4777/4752/files/CZ-K-ER-20914_R2.jpg?v=1751373085,CZ-K-ER-20914_R1.jpg
Angle Glow Diamond Earrings,14 KT / Rose Gold,14K,1.445,0.304,23716.0,49872663773472,https://cdn.shopify.com/s/files/1/0805/4777/4752/files/CZ-K-ER-20914_R1.jpg?v=1751373084,https://cdn.shopify.com/s/files/1/0805/4777/4752/files/CZ-K-ER-20914_R2.jpg?v=1751373085,CZ-K-ER-20914_R1.jpg
Angle Glow Diamond Earrings,18 KT / Rose Gold,18K,1.7,0.304,30719.0,49872663904544,https://cdn.shopify.com/s/files/1/0805/4777/4752/files/CZ-K-ER-20914_R1.jpg?v=1751373084,https://cdn.shopify.com/s/files/1/0805/4777/4752/files/CZ-K-ER-20914_R2.jpg?v=1751373085,CZ-K-ER-20914_R1.jpg
Tear Dazzle Round Diamond Stud Earrings,9 KT / Yellow Gold,9K,1.729,0.192,17803.0,51157646442784,https://cdn.shopify.com/s/files/1/0805/4777/4752/files/DER001512_Y1.jpg?v=1771478852,https://cdn.shopify.com/s/files/1/0805/4777/4752/files/DER001512_Y2.jpg?v=1771478876,DER001512_Y1.jpg
Tear Dazzle Round Diamond Stud Earrings,14 KT / Yellow Gold,14K,1.9,0.192,25258.0,51157646541088,https://cdn.shopify.com/s/files/1/0805/4777/4752/files/DER001512_Y1.jpg?v=1771478852,https://cdn.shopify.com/s/files/1/0805/4777/4752/files/DER001512_Y2.jpg?v=1771478876,DER001512_Y1.jpg
Tear Dazzle Round Diamond Stud Earrings,18 KT / Yellow Gold,18K,2.28,0.192,35010.0,51157646639392,https://cdn.shopify.com/s/files/1/0805/4777/4752/files/DER001512_Y1.jpg?v=1771478852,https://cdn.shopify.com/s/files/1/0805/4777/4752/files/DER001512_Y2.jpg?v=1771478876,DER001512_Y1.jpg
Crimson Musicals Diamond Danglers,9 KT / Yellow Gold,9K,1.65165,0.186,17805.0,50728371912992,https://cdn.shopify.com/s/files/1/0805/4777/4752/files/DER000943_Y1.jpg?v=1760012249,https://cdn.shopify.com/s/files/1/0805/4777/4752/files/DER000943_Y2.jpg?v=1760013052,DER000943_Y1.jpg
Crimson Musicals Diamond Danglers,14 KT / Yellow Gold,14K,1.82,0.186,24974.0,50136759140640,https://cdn.shopify.com/s/files/1/0805/4777/4752/files/DER000943_Y1.jpg?v=1760012249,https://cdn.shopify.com/s/files/1/0805/4777/4752/files/DER000943_Y2.jpg?v=1760013052,DER000943_Y1.jpg
Crimson Musicals Diamond Danglers,18 KT / Yellow Gold,18K,2.178,0.186,34242.0,50136759238944,https://cdn.shopify.com/s/files/1/0805/4777/4752/files/DER000943_Y1.jpg?v=1760012249,https://cdn.shopify.com/s/files/1/0805/4777/4752/files/DER000943_Y2.jpg?v=1760013052,DER000943_Y1.jpg
Mystic Veil Diamond Earrings,9 KT / Rose Gold,9K,1.65,0.2,17879.0,50730630512928,https://cdn.shopify.com/s/files/1/0805/4777/4752/files/DER000443_R1.jpg?v=1748411747,https://cdn.shopify.com/s/files/1/0805/4777/4752/files/DER000443_R2.jpg?v=1748411747,DER000443_R1.jpg
Mystic Veil Diamond Earrings,14 KT / Rose Gold,14K,1.87,0.2,25531.0,47436121375008,https://cdn.shopify.com/s/files/1/0805/4777/4752/files/DER000443_R1.jpg?v=1748411747,https://cdn.shopify.com/s/files/1/0805/4777/4752/files/DER000443_R2.jpg?v=1748411747,DER000443_R1.jpg
Mystic Veil Diamond Earrings,18 KT / Rose Gold,18K,2.2,0.2,34594.0,49848370725152,https://cdn.shopify.com/s/files/1/0805/4777/4752/files/DER000443_R1.jpg?v=1748411747,https://cdn.shopify.com/s/files/1/0805/4777/4752/files/DER000443_R2.jpg?v=1748411747,DER000443_R1.jpg
Cherry Blossom Diamond Earrings,9 KT / Yellow Gold,9K,1.3875,0.276,17911.0,50728263844128,https://cdn.shopify.com/s/files/1/0805/4777/4752/files/NJ-CNT0039_Y1.jpg?v=1756105154,https://cdn.shopify.com/s/files/1/0805/4777/4752/files/NJ-CNT0039_Y2.jpg?v=1767696572,NJ-CNT0039_Y1.jpg
Cherry Blossom Diamond Earrings,14 KT / Yellow Gold,14K,1.5725,0.276,24346.0,50617328861472,https://cdn.shopify.com/s/files/1/0805/4777/4752/files/NJ-CNT0039_Y1.jpg?v=1756105154,https://cdn.shopify.com/s/files/1/0805/4777/4752/files/NJ-CNT0039_Y2.jpg?v=1767696572,NJ-CNT0039_Y1.jpg
Cherry Blossom Diamond Earrings,18 KT / Yellow Gold,18K,1.85,0.276,31967.0,50617328959776,https://cdn.shopify.com/s/files/1/0805/4777/4752/files/NJ-CNT0039_Y1.jpg?v=1756105154,https://cdn.shopify.com/s/files/1/0805/4777/4752/files/NJ-CNT0039_Y2.jpg?v=1767696572,NJ-CNT0039_Y1.jpg
Phyllo Diamond Earrings,9 KT / Yellow Gold,9K,1.8375,0.152,18024.0,50728426209568,https://cdn.shopify.com/s/files/1/0805/4777/4752/files/RK-PNB-273E_Y1.jpg?v=1751372939,https://cdn.shopify.com/s/files/1/0805/4777/4752/files/RK-PNB-273E.jpg?v=1767765507,RK-PNB-273E_Y1.jpg
Phyllo Diamond Earrings,14 KT / Yellow Gold,14K,2.0825,0.152,26546.0,49907327369504,https://cdn.shopify.com/s/files/1/0805/4777/4752/files/RK-PNB-273E_Y1.jpg?v=1751372939,https://cdn.shopify.com/s/files/1/0805/4777/4752/files/RK-PNB-273E.jpg?v=1767765507,RK-PNB-273E_Y1.jpg
Phyllo Diamond Earrings,18 KT / Yellow Gold,18K,2.45,0.152,36638.0,49907327467808,https://cdn.shopify.com/s/files/1/0805/4777/4752/files/RK-PNB-273E_Y1.jpg?v=1751372939,https://cdn.shopify.com/s/files/1/0805/4777/4752/files/RK-PNB-273E.jpg?v=1767765507,RK-PNB-273E_Y1.jpg
Glamour Round Diamond Stud Earrings,9 KT / Rose Gold,9K,1.95,0.12,18026.0,51157651947808,https://cdn.shopify.com/s/files/1/0805/4777/4752/files/DER001203_R1.jpg?v=1771500609,https://cdn.shopify.com/s/files/1/0805/4777/4752/files/DER001203_R2.jpg?v=1771500609,DER001203_R1.jpg
Glamour Round Diamond Stud Earrings,14 KT / Rose Gold,14K,2.21,0.12,27069.0,51157652046112,https://cdn.shopify.com/s/files/1/0805/4777/4752/files/DER001203_R1.jpg?v=1771500609,https://cdn.shopify.com/s/files/1/0805/4777/4752/files/DER001203_R2.jpg?v=1771500609,DER001203_R1.jpg
Glamour Round Diamond Stud Earrings,18 KT / Rose Gold,18K,2.6,0.12,37780.0,51157652144416,https://cdn.shopify.com/s/files/1/0805/4777/4752/files/DER001203_R1.jpg?v=1771500609,https://cdn.shopify.com/s/files/1/0805/4777/4752/files/DER001203_R2.jpg?v=1771500609,DER001203_R1.jpg
Cradle Round Diamond Stud Earrings,9 KT / Rose Gold,9K,1.461,0.26,18043.0,51157647655200,https://cdn.shopify.com/s/files/1/0805/4777/4752/files/DER001206_R1.jpg?v=1771500719,https://cdn.shopify.com/s/files/1/0805/4777/4752/files/DER001206_R2.jpg?v=1771500719,DER001206_R1.jpg
Cradle Round Diamond Stud Earrings,14 KT / Rose Gold,14K,1.6558,0.26,24818.0,51157647753504,https://cdn.shopify.com/s/files/1/0805/4777/4752/files/DER001206_R1.jpg?v=1771500719,https://cdn.shopify.com/s/files/1/0805/4777/4752/files/DER001206_R2.jpg?v=1771500719,DER001206_R1.jpg
Cradle Round Diamond Stud Earrings,18 KT / Rose Gold,18K,1.95,0.26,32867.0,51157647851808,https://cdn.shopify.com/s/files/1/0805/4777/4752/files/DER001206_R1.jpg?v=1771500719,https://cdn.shopify.com/s/files/1/0805/4777/4752/files/DER001206_R2.jpg?v=1771500719,DER001206_R1.jpg
Floral Cutwork Diamond Stud Earrings,9 KT / Yellow Gold,9K,1.729,0.206,18177.0,51157646737696,https://cdn.shopify.com/s/files/1/0805/4777/4752/files/DER001485_Y1.jpg?v=1771227006,https://cdn.shopify.com/s/files/1/0805/4777/4752/files/DER001485_Y2.jpg?v=1771227071,DER001485_Y1.jpg
Floral Cutwork Diamond Stud Earrings,14 KT / Yellow Gold,14K,1.9,0.206,25632.0,51157646836000,https://cdn.shopify.com/s/files/1/0805/4777/4752/files/DER001485_Y1.jpg?v=1771227006,https://cdn.shopify.com/s/files/1/0805/4777/4752/files/DER001485_Y2.jpg?v=1771227071,DER001485_Y1.jpg
Floral Cutwork Diamond Stud Earrings,18 KT / Yellow Gold,18K,2.28,0.206,35384.0,51157646934304,https://cdn.shopify.com/s/files/1/0805/4777/4752/files/DER001485_Y1.jpg?v=1771227006,https://cdn.shopify.com/s/files/1/0805/4777/4752/files/DER001485_Y2.jpg?v=1771227071,DER001485_Y1.jpg
Floral Grid Diamond Stud Earrings,9 KT / Yellow Gold,9K,1.638,0.235,18283.0,51157645852960,https://cdn.shopify.com/s/files/1/0805/4777/4752/files/DER001477_Y1_572a8573-56f3-4588-a029-e3935f649bfc.jpg?v=1771395817,https://cdn.shopify.com/s/files/1/0805/4777/4752/files/DER001477_Y2_e7a04702-8842-497d-8119-353f09243ec6.jpg?v=1771395817,DER001477_Y1_572a8573-56f3-4588-a029-e3935f649bfc.jpg
Floral Grid Diamond Stud Earrings,14 KT / Yellow Gold,14K,1.8,0.235,25346.0,51157645951264,https://cdn.shopify.com/s/files/1/0805/4777/4752/files/DER001477_Y1_572a8573-56f3-4588-a029-e3935f649bfc.jpg?v=1771395817,https://cdn.shopify.com/s/files/1/0805/4777/4752/files/DER001477_Y2_e7a04702-8842-497d-8119-353f09243ec6.jpg?v=1771395817,DER001477_Y1_572a8573-56f3-4588-a029-e3935f649bfc.jpg
Floral Grid Diamond Stud Earrings,18 KT / Yellow Gold,18K,2.16,0.235,34584.0,51157646049568,https://cdn.shopify.com/s/files/1/0805/4777/4752/files/DER001477_Y1_572a8573-56f3-4588-a029-e3935f649bfc.jpg?v=1771395817,https://cdn.shopify.com/s/files/1/0805/4777/4752/files/DER001477_Y2_e7a04702-8842-497d-8119-353f09243ec6.jpg?v=1771395817,DER001477_Y1_572a8573-56f3-4588-a029-e3935f649bfc.jpg
Curved Leaf Motif Diamond Stud Earrigngs,9 KT / Rose Gold,9K,1.729,0.212,18337.0,51157647065376,https://cdn.shopify.com/s/files/1/0805/4777/4752/files/DER001513_R1.jpg?v=1771492574,https://cdn.shopify.com/s/files/1/0805/4777/4752/files/DER001513_R2.jpg?v=1771492574,DER001513_R1.jpg
Curved Leaf Motif Diamond Stud Earrigngs,14 KT / Rose Gold,14K,1.9,0.212,25792.0,51157647163680,https://cdn.shopify.com/s/files/1/0805/4777/4752/files/DER001513_R1.jpg?v=1771492574,https://cdn.shopify.com/s/files/1/0805/4777/4752/files/DER001513_R2.jpg?v=1771492574,DER001513_R1.jpg
Curved Leaf Motif Diamond Stud Earrigngs,18 KT / Rose Gold,18K,2.28,0.212,35544.0,51157647261984,https://cdn.shopify.com/s/files/1/0805/4777/4752/files/DER001513_R1.jpg?v=1771492574,https://cdn.shopify.com/s/files/1/0805/4777/4752/files/DER001513_R2.jpg?v=1771492574,DER001513_R1.jpg
Camilla Diamond Earrings,9 KT / Rose Gold,9K,1.515,0.264,18560.0,50728420409632,https://cdn.shopify.com/s/files/1/0805/4777/4752/files/RK-RBT-53_R1.jpg?v=1751372936,https://cdn.shopify.com/s/files/1/0805/4777/4752/files/RK-RBT-53_R2.jpg?v=1763635103,RK-RBT-53_R1.jpg
Camilla Diamond Earrings,14 KT / Rose Gold,14K,1.717,0.264,25586.0,49907330580768,https://cdn.shopify.com/s/files/1/0805/4777/4752/files/RK-RBT-53_R1.jpg?v=1751372936,https://cdn.shopify.com/s/files/1/0805/4777/4752/files/RK-RBT-53_R2.jpg?v=1763635103,RK-RBT-53_R1.jpg
Camilla Diamond Earrings,18 KT / Rose Gold,18K,2.02,0.264,33907.0,49907330679072,https://cdn.shopify.com/s/files/1/0805/4777/4752/files/RK-RBT-53_R1.jpg?v=1751372936,https://cdn.shopify.com/s/files/1/0805/4777/4752/files/RK-RBT-53_R2.jpg?v=1763635103,RK-RBT-53_R1.jpg
Lyra Diamond Earrings,9 KT / Rose Gold,9K,1.275,0.334,18603.0,50730018210080,https://cdn.shopify.com/s/files/1/0805/4777/4752/files/CZ-K-ER-11473_R1.jpg?v=1751373080,https://cdn.shopify.com/s/files/1/0805/4777/4752/files/CZ-K-ER-11473_R2.jpg?v=1751373080,CZ-K-ER-11473_R1.jpg
Lyra Diamond Earrings,14 KT / Rose Gold,14K,1.445,0.334,24516.0,49872664428832,https://cdn.shopify.com/s/files/1/0805/4777/4752/files/CZ-K-ER-11473_R1.jpg?v=1751373080,https://cdn.shopify.com/s/files/1/0805/4777/4752/files/CZ-K-ER-11473_R2.jpg?v=1751373080,CZ-K-ER-11473_R1.jpg
Lyra Diamond Earrings,18 KT / Rose Gold,18K,1.7,0.334,31519.0,49872664527136,https://cdn.shopify.com/s/files/1/0805/4777/4752/files/CZ-K-ER-11473_R1.jpg?v=1751373080,https://cdn.shopify.com/s/files/1/0805/4777/4752/files/CZ-K-ER-11473_R2.jpg?v=1751373080,CZ-K-ER-11473_R1.jpg
Cling Onto Gold Diamond Earrings,9 KT / Yellow Gold,9K,1.65,0.194,18603.0,50728364769568,https://cdn.shopify.com/s/files/1/0805/4777/4752/files/DER000915_Y1.jpg?v=1760012235,https://cdn.shopify.com/s/files/1/0805/4777/4752/files/DER000915_Y2.jpg?v=1760013044,DER000915_Y1.jpg
Cling Onto Gold Diamond Earrings,14 KT / Yellow Gold,14K,1.87,0.194,26255.0,50136764219680,https://cdn.shopify.com/s/files/1/0805/4777/4752/files/DER000915_Y1.jpg?v=1760012235,https://cdn.shopify.com/s/files/1/0805/4777/4752/files/DER000915_Y2.jpg?v=1760013044,DER000915_Y1.jpg
Cling Onto Gold Diamond Earrings,18 KT / Yellow Gold,18K,2.2,0.194,35318.0,50136764317984,https://cdn.shopify.com/s/files/1/0805/4777/4752/files/DER000915_Y1.jpg?v=1760012235,https://cdn.shopify.com/s/files/1/0805/4777/4752/files/DER000915_Y2.jpg?v=1760013044,DER000915_Y1.jpg
Suri Diamond Earrings,9 KT / Rose Gold,9K,1.275,0.34,18763.0,50730018373920,https://cdn.shopify.com/s/files/1/0805/4777/4752/files/ER-4516_R1.jpg?v=1751373082,https://cdn.shopify.com/s/files/1/0805/4777/4752/files/ER-4516_R2.jpg?v=1751373083,ER-4516_R1.jpg
Suri Diamond Earrings,14 KT / Rose Gold,14K,1.445,0.34,24676.0,49872664101152,https://cdn.shopify.com/s/files/1/0805/4777/4752/files/ER-4516_R1.jpg?v=1751373082,https://cdn.shopify.com/s/files/1/0805/4777/4752/files/ER-4516_R2.jpg?v=1751373083,ER-4516_R1.jpg
Suri Diamond Earrings,18 KT / Rose Gold,18K,1.7,0.34,31679.0,49872664199456,https://cdn.shopify.com/s/files/1/0805/4777/4752/files/ER-4516_R1.jpg?v=1751373082,https://cdn.shopify.com/s/files/1/0805/4777/4752/files/ER-4516_R2.jpg?v=1751373083,ER-4516_R1.jpg
Radiant Edge Diamond Stud Earrings,9 KT / Rose Gold,9K,1.729,0.232,18870.0,51157647360288,https://cdn.shopify.com/s/files/1/0805/4777/4752/files/DER001495_R1.jpg?v=1771232548,https://cdn.shopify.com/s/files/1/0805/4777/4752/files/DER001495_R2.jpg?v=1771232548,DER001495_R1.jpg
Radiant Edge Diamond Stud Earrings,14 KT / Rose Gold,14K,1.9,0.232,26325.0,51157647458592,https://cdn.shopify.com/s/files/1/0805/4777/4752/files/DER001495_R1.jpg?v=1771232548,https://cdn.shopify.com/s/files/1/0805/4777/4752/files/DER001495_R2.jpg?v=1771232548,DER001495_R1.jpg
Radiant Edge Diamond Stud Earrings,18 KT / Rose Gold,18K,2.28,0.232,36077.0,51157647556896,https://cdn.shopify.com/s/files/1/0805/4777/4752/files/DER001495_R1.jpg?v=1771232548,https://cdn.shopify.com/s/files/1/0805/4777/4752/files/DER001495_R2.jpg?v=1771232548,DER001495_R1.jpg
Tri-Lobed Geometric Diamond Stud Earrings,9 KT / Yellow Gold,9K,1.638,0.258,18896.0,51157639430432,https://cdn.shopify.com/s/files/1/0805/4777/4752/files/DER001503_Y1.jpg?v=1771334692,https://cdn.shopify.com/s/files/1/0805/4777/4752/files/DER001503_Y2.jpg?v=1771334728,DER001503_Y1.jpg
Tri-Lobed Geometric Diamond Stud Earrings,14 KT / Yellow Gold,14K,1.8,0.258,25959.0,51157639528736,https://cdn.shopify.com/s/files/1/0805/4777/4752/files/DER001503_Y1.jpg?v=1771334692,https://cdn.shopify.com/s/files/1/0805/4777/4752/files/DER001503_Y2.jpg?v=1771334728,DER001503_Y1.jpg
Tri-Lobed Geometric Diamond Stud Earrings,18 KT / Yellow Gold,18K,2.16,0.258,35198.0,51157639627040,https://cdn.shopify.com/s/files/1/0805/4777/4752/files/DER001503_Y1.jpg?v=1771334692,https://cdn.shopify.com/s/files/1/0805/4777/4752/files/DER001503_Y2.jpg?v=1771334728,DER001503_Y1.jpg
Curved Sphere Diamond Stud Earrings,9 KT / Yellow Gold,9K,1.82,0.21,18951.0,51157648605472,https://cdn.shopify.com/s/files/1/0805/4777/4752/files/DER001501_Y1_a4ff5206-38af-490b-89f3-896ae7f5d93b.jpg?v=1771406107,https://cdn.shopify.com/s/files/1/0805/4777/4752/files/DER001501_Y2_2d498d6e-d21d-4838-8298-1ba71ba04759.jpg?v=1771406107,DER001501_Y1_a4ff5206-38af-490b-89f3-896ae7f5d93b.jpg
Curved Sphere Diamond Stud Earrings,14 KT / Yellow Gold,14K,2.0,0.21,26798.0,51157648703776,https://cdn.shopify.com/s/files/1/0805/4777/4752/files/DER001501_Y1_a4ff5206-38af-490b-89f3-896ae7f5d93b.jpg?v=1771406107,https://cdn.shopify.com/s/files/1/0805/4777/4752/files/DER001501_Y2_2d498d6e-d21d-4838-8298-1ba71ba04759.jpg?v=1771406107,DER001501_Y1_a4ff5206-38af-490b-89f3-896ae7f5d93b.jpg
Curved Sphere Diamond Stud Earrings,18 KT / Yellow Gold,18K,2.4,0.21,37063.0,51157648802080,https://cdn.shopify.com/s/files/1/0805/4777/4752/files/DER001501_Y1_a4ff5206-38af-490b-89f3-896ae7f5d93b.jpg?v=1771406107,https://cdn.shopify.com/s/files/1/0805/4777/4752/files/DER001501_Y2_2d498d6e-d21d-4838-8298-1ba71ba04759.jpg?v=1771406107,DER001501_Y1_a4ff5206-38af-490b-89f3-896ae7f5d93b.jpg
Selah Two Tone Diamond Earrings,9 KT / Yellow Gold,9K,1.275,0.35,19030.0,50730016702752,https://cdn.shopify.com/s/files/1/0805/4777/4752/files/CZ-K-ER-11476_Y1.jpg?v=1751373072,https://cdn.shopify.com/s/files/1/0805/4777/4752/files/CZ-K-ER-11476_Y2.jpg?v=1751373072,CZ-K-ER-11476_Y1.jpg
Selah Two Tone Diamond Earrings,14 KT / Yellow Gold,14K,1.445,0.35,24943.0,49872665411872,https://cdn.shopify.com/s/files/1/0805/4777/4752/files/CZ-K-ER-11476_Y1.jpg?v=1751373072,https://cdn.shopify.com/s/files/1/0805/4777/4752/files/CZ-K-ER-11476_Y2.jpg?v=1751373072,CZ-K-ER-11476_Y1.jpg
Selah Two Tone Diamond Earrings,18 KT / Yellow Gold,18K,1.7,0.35,31946.0,49872665510176,https://cdn.shopify.com/s/files/1/0805/4777/4752/files/CZ-K-ER-11476_Y1.jpg?v=1751373072,https://cdn.shopify.com/s/files/1/0805/4777/4752/files/CZ-K-ER-11476_Y2.jpg?v=1751373072,CZ-K-ER-11476_Y1.jpg
Timeless Opulent Diamond Earrings,9 KT / White Gold,9K,1.65,0.244,19053.0,50730631921952,https://cdn.shopify.com/s/files/1/0805/4777/4752/files/DER000451_W1.jpg?v=1751375706,https://cdn.shopify.com/s/files/1/0805/4777/4752/files/DER000451_W2.jpg?v=1751375706,DER000451_W1.jpg
Timeless Opulent Diamond Earrings,14 KT / White Gold,14K,1.87,0.244,26705.0,47435933319456,https://cdn.shopify.com/s/files/1/0805/4777/4752/files/DER000451_W1.jpg?v=1751375706,https://cdn.shopify.com/s/files/1/0805/4777/4752/files/DER000451_W2.jpg?v=1751375706,DER000451_W1.jpg
Timeless Opulent Diamond Earrings,18 KT / White Gold,18K,2.2,0.244,35768.0,49848415879456,https://cdn.shopify.com/s/files/1/0805/4777/4752/files/DER000451_W1.jpg?v=1751375706,https://cdn.shopify.com/s/files/1/0805/4777/4752/files/DER000451_W2.jpg?v=1751375706,DER000451_W1.jpg
Radiant Quad Diamond Earrings,9 KT / Rose Gold,9K,1.5,0.272,19463.0,50728377516320,https://cdn.shopify.com/s/files/1/0805/4777/4752/files/DER000964_R1.jpg?v=1759470523,https://cdn.shopify.com/s/files/1/0805/4777/4752/files/DER000964_R2.jpg?v=1759470523,DER000964_R1.jpg
Radiant Quad Diamond Earrings,14 KT / Rose Gold,14K,1.7,0.272,26419.0,50136732926240,https://cdn.shopify.com/s/files/1/0805/4777/4752/files/DER000964_R1.jpg?v=1759470523,https://cdn.shopify.com/s/files/1/0805/4777/4752/files/DER000964_R2.jpg?v=1759470523,DER000964_R1.jpg
Radiant Quad Diamond Earrings,18 KT / Rose Gold,18K,2.0,0.272,34658.0,50136733024544,https://cdn.shopify.com/s/files/1/0805/4777/4752/files/DER000964_R1.jpg?v=1759470523,https://cdn.shopify.com/s/files/1/0805/4777/4752/files/DER000964_R2.jpg?v=1759470523,DER000964_R1.jpg
Rhombus Link Diamond Earrings,9 KT / Yellow Gold,9K,1.425,0.296,19493.0,50728363000096,https://cdn.shopify.com/s/files/1/0805/4777/4752/files/SPER01096_Y1.jpg?v=1751372785,https://cdn.shopify.com/s/files/1/0805/4777/4752/files/SPER01096_Y2.jpg?v=1751372785,SPER01096_Y1.jpg
Rhombus Link Diamond Earrings,14 KT / Yellow Gold,14K,1.615,0.296,26101.0,50136865898784,https://cdn.shopify.com/s/files/1/0805/4777/4752/files/SPER01096_Y1.jpg?v=1751372785,https://cdn.shopify.com/s/files/1/0805/4777/4752/files/SPER01096_Y2.jpg?v=1751372785,SPER01096_Y1.jpg
Rhombus Link Diamond Earrings,18 KT / Yellow Gold,18K,1.9,0.296,33928.0,50136865997088,https://cdn.shopify.com/s/files/1/0805/4777/4752/files/SPER01096_Y1.jpg?v=1751372785,https://cdn.shopify.com/s/files/1/0805/4777/4752/files/SPER01096_Y2.jpg?v=1751372785,SPER01096_Y1.jpg
Silent Stars Diamond Stud Earrings,9 KT / Yellow Gold,9K,1.5225,0.3,19578.0,50728325349664,https://cdn.shopify.com/s/files/1/0805/4777/4752/files/DER001124_Y1.jpg?v=1754119016,https://cdn.shopify.com/s/files/1/0805/4777/4752/files/DER001124_Y2.jpg?v=1754119305,DER001124_Y1.jpg
Silent Stars Diamond Stud Earrings,14 KT / Yellow Gold,14K,1.7255,0.3,26638.0,50523555823904,https://cdn.shopify.com/s/files/1/0805/4777/4752/files/DER001124_Y1.jpg?v=1754119016,https://cdn.shopify.com/s/files/1/0805/4777/4752/files/DER001124_Y2.jpg?v=1754119305,DER001124_Y1.jpg
Silent Stars Diamond Stud Earrings,18 KT / Yellow Gold,18K,2.03,0.3,35001.0,50523555922208,https://cdn.shopify.com/s/files/1/0805/4777/4752/files/DER001124_Y1.jpg?v=1754119016,https://cdn.shopify.com/s/files/1/0805/4777/4752/files/DER001124_Y2.jpg?v=1754119305,DER001124_Y1.jpg
Tesellate Valve Diamond Earrings,9 KT / Rose Gold,9K,1.8375,0.174,19709.0,50728359428384,https://cdn.shopify.com/s/files/1/0805/4777/4752/files/SPER01088_R1.jpg?v=1751372724,https://cdn.shopify.com/s/files/1/0805/4777/4752/files/SPER01088_R2.jpg?v=1751372724,SPER01088_R1.jpg
Tesellate Valve Diamond Earrings,14 KT / Rose Gold,14K,2.0825,0.174,28230.0,50136881692960,https://cdn.shopify.com/s/files/1/0805/4777/4752/files/SPER01088_R1.jpg?v=1751372724,https://cdn.shopify.com/s/files/1/0805/4777/4752/files/SPER01088_R2.jpg?v=1751372724,SPER01088_R1.jpg
Tesellate Valve Diamond Earrings,18 KT / Rose Gold,18K,2.45,0.174,38323.0,50136881791264,https://cdn.shopify.com/s/files/1/0805/4777/4752/files/SPER01088_R1.jpg?v=1751372724,https://cdn.shopify.com/s/files/1/0805/4777/4752/files/SPER01088_R2.jpg?v=1751372724,SPER01088_R1.jpg
Curve Motif Diamond Earrings,9 KT / Yellow Gold,9K,1.6125,0.248,19738.0,50728376959264,https://cdn.shopify.com/s/files/1/0805/4777/4752/files/DER000959_Y1.jpg?v=1760012259,https://cdn.shopify.com/s/files/1/0805/4777/4752/files/DER000959_Y2.jpg?v=1760013056,DER000959_Y1.jpg
Curve Motif Diamond Earrings,14 KT / Yellow Gold,14K,1.8275,0.248,27216.0,50136735252768,https://cdn.shopify.com/s/files/1/0805/4777/4752/files/DER000959_Y1.jpg?v=1760012259,https://cdn.shopify.com/s/files/1/0805/4777/4752/files/DER000959_Y2.jpg?v=1760013056,DER000959_Y1.jpg
Curve Motif Diamond Earrings,18 KT / Yellow Gold,18K,2.15,0.248,36073.0,50136735351072,https://cdn.shopify.com/s/files/1/0805/4777/4752/files/DER000959_Y1.jpg?v=1760012259,https://cdn.shopify.com/s/files/1/0805/4777/4752/files/DER000959_Y2.jpg?v=1760013056,DER000959_Y1.jpg
Curved Elegance Earrings,9 KT / Yellow Gold,9K,1.6875,0.26,19765.0,50730036953376,https://cdn.shopify.com/s/files/1/0805/4777/4752/files/SER001045_Y1.jpg?v=1751374227,https://cdn.shopify.com/s/files/1/0805/4777/4752/files/SER001045_Y2.jpg?v=1751374227,SER001045_Y1.jpg
Curved Elegance Earrings,14 KT / Yellow Gold,14K,1.9125,0.26,27591.0,49509064081696,https://cdn.shopify.com/s/files/1/0805/4777/4752/files/SER001045_Y1.jpg?v=1751374227,https://cdn.shopify.com/s/files/1/0805/4777/4752/files/SER001045_Y2.jpg?v=1751374227,SER001045_Y1.jpg
Curved Elegance Earrings,18 KT / Yellow Gold,18K,2.25,0.26,36860.0,49846251684128,https://cdn.shopify.com/s/files/1/0805/4777/4752/files/SER001045_Y1.jpg?v=1751374227,https://cdn.shopify.com/s/files/1/0805/4777/4752/files/SER001045_Y2.jpg?v=1751374227,SER001045_Y1.jpg
Elliptical Diamond Earrings,9 KT / Yellow Gold,9K,1.65,0.247,20017.0,50728376828192,https://cdn.shopify.com/s/files/1/0805/4777/4752/files/DER000967_Y1.jpg?v=1756378231,https://cdn.shopify.com/s/files/1/0805/4777/4752/files/DER000967_Y2.jpg?v=1756378679,DER000967_Y1.jpg
Elliptical Diamond Earrings,14 KT / Yellow Gold,14K,1.87,0.247,27669.0,50136735482144,https://cdn.shopify.com/s/files/1/0805/4777/4752/files/DER000967_Y1.jpg?v=1756378231,https://cdn.shopify.com/s/files/1/0805/4777/4752/files/DER000967_Y2.jpg?v=1756378679,DER000967_Y1.jpg
Elliptical Diamond Earrings,18 KT / Yellow Gold,18K,2.2,0.247,36732.0,50136735580448,https://cdn.shopify.com/s/files/1/0805/4777/4752/files/DER000967_Y1.jpg?v=1756378231,https://cdn.shopify.com/s/files/1/0805/4777/4752/files/DER000967_Y2.jpg?v=1756378679,DER000967_Y1.jpg
Leaf Curve Diamond Stud Earrings,9 KT / Rose Gold,9K,1.82,0.25,20018.0,51157649129760,https://cdn.shopify.com/s/files/1/0805/4777/4752/files/DER001502_R1.jpg?v=1771492420,https://cdn.shopify.com/s/files/1/0805/4777/4752/files/DER001502_R2.jpg?v=1771492420,DER001502_R1.jpg
Leaf Curve Diamond Stud Earrings,14 KT / Rose Gold,14K,2.0,0.25,27865.0,51157649228064,https://cdn.shopify.com/s/files/1/0805/4777/4752/files/DER001502_R1.jpg?v=1771492420,https://cdn.shopify.com/s/files/1/0805/4777/4752/files/DER001502_R2.jpg?v=1771492420,DER001502_R1.jpg
Leaf Curve Diamond Stud Earrings,18 KT / Rose Gold,18K,2.4,0.25,38130.0,51157649326368,https://cdn.shopify.com/s/files/1/0805/4777/4752/files/DER001502_R1.jpg?v=1771492420,https://cdn.shopify.com/s/files/1/0805/4777/4752/files/DER001502_R2.jpg?v=1771492420,DER001502_R1.jpg
Celestial Pear Diamond Earrings,9 KT / Yellow Gold,9K,1.275,0.39,20097.0,50728492728608,https://cdn.shopify.com/s/files/1/0805/4777/4752/files/CZ-K-ER-4519_Y1.jpg?v=1751373036,https://cdn.shopify.com/s/files/1/0805/4777/4752/files/CZ-K-ER-4519_Y2.jpg?v=1751373036,CZ-K-ER-4519_Y1.jpg
Celestial Pear Diamond Earrings,14 KT / Yellow Gold,14K,1.445,0.39,26010.0,49872670523680,https://cdn.shopify.com/s/files/1/0805/4777/4752/files/CZ-K-ER-4519_Y1.jpg?v=1751373036,https://cdn.shopify.com/s/files/1/0805/4777/4752/files/CZ-K-ER-4519_Y2.jpg?v=1751373036,CZ-K-ER-4519_Y1.jpg
Celestial Pear Diamond Earrings,18 KT / Yellow Gold,18K,1.7,0.39,33013.0,49872670621984,https://cdn.shopify.com/s/files/1/0805/4777/4752/files/CZ-K-ER-4519_Y1.jpg?v=1751373036,https://cdn.shopify.com/s/files/1/0805/4777/4752/files/CZ-K-ER-4519_Y2.jpg?v=1751373036,CZ-K-ER-4519_Y1.jpg
Starlight Diamond Earrings,9 KT / Yellow Gold,9K,1.5,0.298,20157.0,50728377418016,https://cdn.shopify.com/s/files/1/0805/4777/4752/files/DER000965_Y1.jpg?v=1756378221,https://cdn.shopify.com/s/files/1/0805/4777/4752/files/DER000965_Y2.jpg?v=1756378672,DER000965_Y1.jpg
Starlight Diamond Earrings,14 KT / Yellow Gold,14K,1.7,0.298,27113.0,50136733516064,https://cdn.shopify.com/s/files/1/0805/4777/4752/files/DER000965_Y1.jpg?v=1756378221,https://cdn.shopify.com/s/files/1/0805/4777/4752/files/DER000965_Y2.jpg?v=1756378672,DER000965_Y1.jpg
Starlight Diamond Earrings,18 KT / Yellow Gold,18K,2.0,0.298,35352.0,50136733614368,https://cdn.shopify.com/s/files/1/0805/4777/4752/files/DER000965_Y1.jpg?v=1756378221,https://cdn.shopify.com/s/files/1/0805/4777/4752/files/DER000965_Y2.jpg?v=1756378672,DER000965_Y1.jpg
Jewelled J Diamond Stud Earrings,9 KT / Yellow Gold,9K,1.82,0.256,20178.0,51157649522976,https://cdn.shopify.com/s/files/1/0805/4777/4752/files/DER001496_Y1.jpg?v=1771227042,https://cdn.shopify.com/s/files/1/0805/4777/4752/files/DER001496_Y2.jpg?v=1771227098,DER001496_Y1.jpg
Jewelled J Diamond Stud Earrings,14 KT / Yellow Gold,14K,2.0,0.256,28026.0,51157649621280,https://cdn.shopify.com/s/files/1/0805/4777/4752/files/DER001496_Y1.jpg?v=1771227042,https://cdn.shopify.com/s/files/1/0805/4777/4752/files/DER001496_Y2.jpg?v=1771227098,DER001496_Y1.jpg
Jewelled J Diamond Stud Earrings,18 KT / Yellow Gold,18K,2.4,0.256,38290.0,51157649719584,https://cdn.shopify.com/s/files/1/0805/4777/4752/files/DER001496_Y1.jpg?v=1771227042,https://cdn.shopify.com/s/files/1/0805/4777/4752/files/DER001496_Y2.jpg?v=1771227098,DER001496_Y1.jpg
Blue Curve Diamond Earrings,9 KT / Rose Gold,9K,1.65,0.261,20390.0,50728376729888,https://cdn.shopify.com/s/files/1/0805/4777/4752/files/DER000968_R1.jpg?v=1759840360,https://cdn.shopify.com/s/files/1/0805/4777/4752/files/DER000968_R2.jpg?v=1759840360,DER000968_R1.jpg
Blue Curve Diamond Earrings,14 KT / Rose Gold,14K,1.87,0.261,28042.0,50136735645984,https://cdn.shopify.com/s/files/1/0805/4777/4752/files/DER000968_R1.jpg?v=1759840360,https://cdn.shopify.com/s/files/1/0805/4777/4752/files/DER000968_R2.jpg?v=1759840360,DER000968_R1.jpg
Blue Curve Diamond Earrings,18 KT / Rose Gold,18K,2.2,0.261,37105.0,50136735744288,https://cdn.shopify.com/s/files/1/0805/4777/4752/files/DER000968_R1.jpg?v=1759840360,https://cdn.shopify.com/s/files/1/0805/4777/4752/files/DER000968_R2.jpg?v=1759840360,DER000968_R1.jpg
Diamond Vibe Earrings,9 KT / Rose Gold,9K,1.725,0.316,20439.0,50730020045088,https://cdn.shopify.com/s/files/1/0805/4777/4752/files/SER000117_R1.jpg?v=1750222834,https://cdn.shopify.com/s/files/1/0805/4777/4752/files/SER000117_R2.jpg?v=1771239422,SER000117_R1.jpg
Diamond Vibe Earrings,14 KT / Rose Gold,14K,1.955,0.316,28439.0,49509073191200,https://cdn.shopify.com/s/files/1/0805/4777/4752/files/SER000117_R1.jpg?v=1750222834,https://cdn.shopify.com/s/files/1/0805/4777/4752/files/SER000117_R2.jpg?v=1771239422,SER000117_R1.jpg
Diamond Vibe Earrings,18 KT / Rose Gold,18K,2.3,0.316,37913.0,49846477291808,https://cdn.shopify.com/s/files/1/0805/4777/4752/files/SER000117_R1.jpg?v=1750222834,https://cdn.shopify.com/s/files/1/0805/4777/4752/files/SER000117_R2.jpg?v=1771239422,SER000117_R1.jpg
Radiant Curves Diamond Stud Earrings,9 KT / Yellow Gold,9K,2.025,0.19,20464.0,51157653192992,https://cdn.shopify.com/s/files/1/0805/4777/4752/files/DER001205_Y1.jpg?v=1771499861,https://cdn.shopify.com/s/files/1/0805/4777/4752/files/DER001205_Y2.jpg?v=1771499882,DER001205_Y1.jpg
Radiant Curves Diamond Stud Earrings,14 KT / Yellow Gold,14K,2.295,0.19,29854.0,51157653291296,https://cdn.shopify.com/s/files/1/0805/4777/4752/files/DER001205_Y1.jpg?v=1771499861,https://cdn.shopify.com/s/files/1/0805/4777/4752/files/DER001205_Y2.jpg?v=1771499882,DER001205_Y1.jpg
Radiant Curves Diamond Stud Earrings,18 KT / Yellow Gold,18K,2.7,0.19,40977.0,51157653389600,https://cdn.shopify.com/s/files/1/0805/4777/4752/files/DER001205_Y1.jpg?v=1771499861,https://cdn.shopify.com/s/files/1/0805/4777/4752/files/DER001205_Y2.jpg?v=1771499882,DER001205_Y1.jpg
Vivid Marquise Diamond Earrings,9 KT / Rose Gold,9K,1.425,0.363,20517.0,50730016407840,https://cdn.shopify.com/s/files/1/0805/4777/4752/files/CZ-K-ER-15891_R1.jpg?v=1751373064,https://cdn.shopify.com/s/files/1/0805/4777/4752/files/CZ-K-ER-15891_R2.jpg?v=1751373064,CZ-K-ER-15891_R1.jpg
Vivid Marquise Diamond Earrings,14 KT / Rose Gold,14K,1.615,0.363,27126.0,49872666394912,https://cdn.shopify.com/s/files/1/0805/4777/4752/files/CZ-K-ER-15891_R1.jpg?v=1751373064,https://cdn.shopify.com/s/files/1/0805/4777/4752/files/CZ-K-ER-15891_R2.jpg?v=1751373064,CZ-K-ER-15891_R1.jpg
Vivid Marquise Diamond Earrings,18 KT / Rose Gold,18K,1.9,0.363,34953.0,49872666493216,https://cdn.shopify.com/s/files/1/0805/4777/4752/files/CZ-K-ER-15891_R1.jpg?v=1751373064,https://cdn.shopify.com/s/files/1/0805/4777/4752/files/CZ-K-ER-15891_R2.jpg?v=1751373064,CZ-K-ER-15891_R1.jpg
Pink Sorbet Diamond Danglers,9 KT / Yellow Gold,9K,2.172,0.108,20557.0,50728364343584,https://cdn.shopify.com/s/files/1/0805/4777/4752/files/DER000941_Y1.jpg?v=1760012239,https://cdn.shopify.com/s/files/1/0805/4777/4752/files/DER000941_Y2.jpg?v=1760013047,DER000941_Y1.jpg
Pink Sorbet Diamond Danglers,14 KT / Yellow Gold,14K,2.4616,0.108,30629.0,50136765989152,https://cdn.shopify.com/s/files/1/0805/4777/4752/files/DER000941_Y1.jpg?v=1760012239,https://cdn.shopify.com/s/files/1/0805/4777/4752/files/DER000941_Y2.jpg?v=1760013047,DER000941_Y1.jpg
Pink Sorbet Diamond Danglers,18 KT / Yellow Gold,18K,2.9,0.108,42608.0,50136766087456,https://cdn.shopify.com/s/files/1/0805/4777/4752/files/DER000941_Y1.jpg?v=1760012239,https://cdn.shopify.com/s/files/1/0805/4777/4752/files/DER000941_Y2.jpg?v=1760013047,DER000941_Y1.jpg
Triad Twinkle Diamond Stud Earrings,9 KT / Rose Gold,9K,1.575,0.328,20724.0,50728340816160,https://cdn.shopify.com/s/files/1/0805/4777/4752/files/DER000969_R1.jpg?v=1757051639,https://cdn.shopify.com/s/files/1/0805/4777/4752/files/DER000969_R2.jpg?v=1757051639,DER000969_R1.jpg
Triad Twinkle Diamond Stud Earrings,14 KT / Rose Gold,14K,1.785,0.328,28028.0,50421848473888,https://cdn.shopify.com/s/files/1/0805/4777/4752/files/DER000969_R1.jpg?v=1757051639,https://cdn.shopify.com/s/files/1/0805/4777/4752/files/DER000969_R2.jpg?v=1757051639,DER000969_R1.jpg
Triad Twinkle Diamond Stud Earrings,18 KT / Rose Gold,18K,2.1,0.328,36679.0,50421848572192,https://cdn.shopify.com/s/files/1/0805/4777/4752/files/DER000969_R1.jpg?v=1757051639,https://cdn.shopify.com/s/files/1/0805/4777/4752/files/DER000969_R2.jpg?v=1757051639,DER000969_R1.jpg
Sparkling Edge Diamond Earrings,9 KT / Rose Gold,9K,1.575,0.302,20874.0,50728377286944,https://cdn.shopify.com/s/files/1/0805/4777/4752/files/DER000945_R1.jpg?v=1759470637,https://cdn.shopify.com/s/files/1/0805/4777/4752/files/DER000945_R2.jpg?v=1759470637,DER000945_R1.jpg
Sparkling Edge Diamond Earrings,14 KT / Rose Gold,14K,1.785,0.302,28178.0,50136733679904,https://cdn.shopify.com/s/files/1/0805/4777/4752/files/DER000945_R1.jpg?v=1759470637,https://cdn.shopify.com/s/files/1/0805/4777/4752/files/DER000945_R2.jpg?v=1759470637,DER000945_R1.jpg
Sparkling Edge Diamond Earrings,18 KT / Rose Gold,18K,2.1,0.302,36829.0,50136733778208,https://cdn.shopify.com/s/files/1/0805/4777/4752/files/DER000945_R1.jpg?v=1759470637,https://cdn.shopify.com/s/files/1/0805/4777/4752/files/DER000945_R2.jpg?v=1759470637,DER000945_R1.jpg
50 cents Bezel Orb Solitaire Diamond Men's Ear Stud,9 KT / Yellow Gold,9K,0.315,0.51,20931.0,51003217641760,https://cdn.shopify.com/s/files/1/0805/4777/4752/files/KI-ERG00007-RB-050_Y1.jpg?v=1764770844,https://cdn.shopify.com/s/files/1/0805/4777/4752/files/Modelphotoin1080x1080-02.jpg?v=1764825365,KI-ERG00007-RB-050_Y1.jpg
50 cents Bezel Orb Solitaire Diamond Men's Ear Stud,14 KT / Yellow Gold,14K,0.357,0.51,22392.0,51003217740064,https://cdn.shopify.com/s/files/1/0805/4777/4752/files/KI-ERG00007-RB-050_Y1.jpg?v=1764770844,https://cdn.shopify.com/s/files/1/0805/4777/4752/files/Modelphotoin1080x1080-02.jpg?v=1764825365,KI-ERG00007-RB-050_Y1.jpg
50 cents Bezel Orb Solitaire Diamond Men's Ear Stud,18 KT / Yellow Gold,18K,0.42,0.51,24122.0,51003217838368,https://cdn.shopify.com/s/files/1/0805/4777/4752/files/KI-ERG00007-RB-050_Y1.jpg?v=1764770844,https://cdn.shopify.com/s/files/1/0805/4777/4752/files/Modelphotoin1080x1080-02.jpg?v=1764825365,KI-ERG00007-RB-050_Y1.jpg
Indira Diamond Earrings,9 KT / Yellow Gold,9K,1.65,0.316,20974.0,50728479719712,https://cdn.shopify.com/s/files/1/0805/4777/4752/files/RK-RBT-41_Y1.jpg?v=1751372982,https://cdn.shopify.com/s/files/1/0805/4777/4752/files/RK-RBT-41_Y2.jpg?v=1751372982,RK-RBT-41_Y1.jpg
Indira Diamond Earrings,14 KT / Yellow Gold,14K,1.87,0.316,28626.0,49907257508128,https://cdn.shopify.com/s/files/1/0805/4777/4752/files/RK-RBT-41_Y1.jpg?v=1751372982,https://cdn.shopify.com/s/files/1/0805/4777/4752/files/RK-RBT-41_Y2.jpg?v=1751372982,RK-RBT-41_Y1.jpg
Indira Diamond Earrings,18 KT / Yellow Gold,18K,2.2,0.316,37689.0,49907257606432,https://cdn.shopify.com/s/files/1/0805/4777/4752/files/RK-RBT-41_Y1.jpg?v=1751372982,https://cdn.shopify.com/s/files/1/0805/4777/4752/files/RK-RBT-41_Y2.jpg?v=1751372982,RK-RBT-41_Y1.jpg
Phobe Diamond Earrings,9 KT / Rose Gold,9K,1.65,0.283,20977.0,50728376631584,https://cdn.shopify.com/s/files/1/0805/4777/4752/files/DER000951_R1.jpg?v=1759470612,https://cdn.shopify.com/s/files/1/0805/4777/4752/files/DER000951_R2.jpg?v=1759470612,DER000951_R1.jpg
Phobe Diamond Earrings,14 KT / Rose Gold,14K,1.87,0.283,28629.0,50136736137504,https://cdn.shopify.com/s/files/1/0805/4777/4752/files/DER000951_R1.jpg?v=1759470612,https://cdn.shopify.com/s/files/1/0805/4777/4752/files/DER000951_R2.jpg?v=1759470612,DER000951_R1.jpg
Phobe Diamond Earrings,18 KT / Rose Gold,18K,2.2,0.283,37692.0,50136736235808,https://cdn.shopify.com/s/files/1/0805/4777/4752/files/DER000951_R1.jpg?v=1759470612,https://cdn.shopify.com/s/files/1/0805/4777/4752/files/DER000951_R2.jpg?v=1759470612,DER000951_R1.jpg
Sculpted Leafy Diamond Stud Earrings,9 KT / Rose Gold,9K,2.002,0.238,21033.0,51157650080032,https://cdn.shopify.com/s/files/1/0805/4777/4752/files/DER001492_R1.jpg?v=1771232482,https://cdn.shopify.com/s/files/1/0805/4777/4752/files/DER001492_R2.jpg?v=1771232482,DER001492_R1.jpg
Sculpted Leafy Diamond Stud Earrings,14 KT / Rose Gold,14K,2.2,0.238,29665.0,51157650178336,https://cdn.shopify.com/s/files/1/0805/4777/4752/files/DER001492_R1.jpg?v=1771232482,https://cdn.shopify.com/s/files/1/0805/4777/4752/files/DER001492_R2.jpg?v=1771232482,DER001492_R1.jpg
Sculpted Leafy Diamond Stud Earrings,18 KT / Rose Gold,18K,2.64,0.238,40956.0,51157650276640,https://cdn.shopify.com/s/files/1/0805/4777/4752/files/DER001492_R1.jpg?v=1771232482,https://cdn.shopify.com/s/files/1/0805/4777/4752/files/DER001492_R2.jpg?v=1771232482,DER001492_R1.jpg
Elegant Oval Cluster Diamond Stud Earrings,9 KT / Yellow Gold,9K,2.1,0.19,21034.0,51157654405408,https://cdn.shopify.com/s/files/1/0805/4777/4752/files/DER001202_Y1.jpg?v=1771499849,https://cdn.shopify.com/s/files/1/0805/4777/4752/files/DER001202_Y2.jpg?v=1771499874,DER001202_Y1.jpg
Elegant Oval Cluster Diamond Stud Earrings,14 KT / Yellow Gold,14K,2.38,0.19,30772.0,51157654503712,https://cdn.shopify.com/s/files/1/0805/4777/4752/files/DER001202_Y1.jpg?v=1771499849,https://cdn.shopify.com/s/files/1/0805/4777/4752/files/DER001202_Y2.jpg?v=1771499874,DER001202_Y1.jpg
Elegant Oval Cluster Diamond Stud Earrings,18 KT / Yellow Gold,18K,2.8,0.19,42307.0,51157654602016,https://cdn.shopify.com/s/files/1/0805/4777/4752/files/DER001202_Y1.jpg?v=1771499849,https://cdn.shopify.com/s/files/1/0805/4777/4752/files/DER001202_Y2.jpg?v=1771499874,DER001202_Y1.jpg
Cosmic Circlet Diamond Earrings,9 KT / Yellow Gold,9K,1.7625,0.251,21039.0,50728375812384,https://cdn.shopify.com/s/files/1/0805/4777/4752/files/DER000957_Y1.jpg?v=1751372861,https://cdn.shopify.com/s/files/1/0805/4777/4752/files/DER000957_Y2.jpg?v=1751372861,DER000957_Y1.jpg
Cosmic Circlet Diamond Earrings,14 KT / Yellow Gold,14K,1.9975,0.251,29213.0,50136738398496,https://cdn.shopify.com/s/files/1/0805/4777/4752/files/DER000957_Y1.jpg?v=1751372861,https://cdn.shopify.com/s/files/1/0805/4777/4752/files/DER000957_Y2.jpg?v=1751372861,DER000957_Y1.jpg
Cosmic Circlet Diamond Earrings,18 KT / Yellow Gold,18K,2.35,0.251,38893.0,50136738496800,https://cdn.shopify.com/s/files/1/0805/4777/4752/files/DER000957_Y1.jpg?v=1751372861,https://cdn.shopify.com/s/files/1/0805/4777/4752/files/DER000957_Y2.jpg?v=1751372861,DER000957_Y1.jpg
Radial Cluster Round Diamond Stud Earrings,9 KT / Yellow Gold,9K,2.031,0.21,21043.0,51157654110496,https://cdn.shopify.com/s/files/1/0805/4777/4752/files/DER001207_Y1.jpg?v=1771499868,https://cdn.shopify.com/s/files/1/0805/4777/4752/files/DER001207_Y2.jpg?v=1771499888,DER001207_Y1.jpg
Radial Cluster Round Diamond Stud Earrings,14 KT / Yellow Gold,14K,2.3018,0.21,30461.0,51157654208800,https://cdn.shopify.com/s/files/1/0805/4777/4752/files/DER001207_Y1.jpg?v=1771499868,https://cdn.shopify.com/s/files/1/0805/4777/4752/files/DER001207_Y2.jpg?v=1771499888,DER001207_Y1.jpg
Radial Cluster Round Diamond Stud Earrings,18 KT / Yellow Gold,18K,2.71,0.21,41641.0,51157654307104,https://cdn.shopify.com/s/files/1/0805/4777/4752/files/DER001207_Y1.jpg?v=1771499868,https://cdn.shopify.com/s/files/1/0805/4777/4752/files/DER001207_Y2.jpg?v=1771499888,DER001207_Y1.jpg
Vivid Eight Diamond Earrings,9 KT / Yellow Gold,9K,1.365,0.4,21048.0,50730017980704,https://cdn.shopify.com/s/files/1/0805/4777/4752/files/CZ-K-ER-7578_Y1.jpg?v=1751373078,https://cdn.shopify.com/s/files/1/0805/4777/4752/files/CZ-K-ER-7578_Y2.jpg?v=1751373078,CZ-K-ER-7578_Y1.jpg
Vivid Eight Diamond Earrings,14 KT / Yellow Gold,14K,1.547,0.4,27378.0,49872664756512,https://cdn.shopify.com/s/files/1/0805/4777/4752/files/CZ-K-ER-7578_Y1.jpg?v=1751373078,https://cdn.shopify.com/s/files/1/0805/4777/4752/files/CZ-K-ER-7578_Y2.jpg?v=1751373078,CZ-K-ER-7578_Y1.jpg
Vivid Eight Diamond Earrings,18 KT / Yellow Gold,18K,1.82,0.4,34876.0,49872664854816,https://cdn.shopify.com/s/files/1/0805/4777/4752/files/CZ-K-ER-7578_Y1.jpg?v=1751373078,https://cdn.shopify.com/s/files/1/0805/4777/4752/files/CZ-K-ER-7578_Y2.jpg?v=1751373078,CZ-K-ER-7578_Y1.jpg
The Love Pulse Diamond Earrings,9 KT / Yellow Gold,9K,1.82,0.29,21085.0,50728262631712,https://cdn.shopify.com/s/files/1/0805/4777/4752/files/NJ-CNT0032_Y1.jpg?v=1756105151,https://cdn.shopify.com/s/files/1/0805/4777/4752/files/NJ-CNT0032_Y2.jpg?v=1767696564,NJ-CNT0032_Y1.jpg
The Love Pulse Diamond Earrings,14 KT / Yellow Gold,14K,2.0,0.29,28933.0,50617329058080,https://cdn.shopify.com/s/files/1/0805/4777/4752/files/NJ-CNT0032_Y1.jpg?v=1756105151,https://cdn.shopify.com/s/files/1/0805/4777/4752/files/NJ-CNT0032_Y2.jpg?v=1767696564,NJ-CNT0032_Y1.jpg
The Love Pulse Diamond Earrings,18 KT / Yellow Gold,18K,2.4,0.29,39197.0,50617329156384,https://cdn.shopify.com/s/files/1/0805/4777/4752/files/NJ-CNT0032_Y1.jpg?v=1756105151,https://cdn.shopify.com/s/files/1/0805/4777/4752/files/NJ-CNT0032_Y2.jpg?v=1767696564,NJ-CNT0032_Y1.jpg
Celestial Classic Diamond Earrings,14 KT / White Gold,14K,1.955,0.3,29117.0,47558920995104,https://cdn.shopify.com/s/files/1/0805/4777/4752/files/DER000209_W1.jpg?v=1767690557,https://cdn.shopify.com/s/files/1/0805/4777/4752/files/DER000209_R1.jpg?v=1751375604,DER000209_W1.jpg
Celestial Classic Diamond Earrings,18 KT / White Gold,18K,2.3,0.3,38592.0,49846227042592,https://cdn.shopify.com/s/files/1/0805/4777/4752/files/DER000209_W1.jpg?v=1767690557,https://cdn.shopify.com/s/files/1/0805/4777/4752/files/DER000209_R1.jpg?v=1751375604,DER000209_W1.jpg
Celestial Classic Diamond Earrings,9 KT / White Gold,9K,1.725,0.3,21117.0,50730627301664,https://cdn.shopify.com/s/files/1/0805/4777/4752/files/DER000209_W1.jpg?v=1767690557,https://cdn.shopify.com/s/files/1/0805/4777/4752/files/DER000209_R1.jpg?v=1751375604,DER000209_W1.jpg
Glowing Feather Diamond Earrings,9 KT / Yellow Gold,9K,2.175,0.172,21124.0,50730035872032,https://cdn.shopify.com/s/files/1/0805/4777/4752/files/DER000708_Y1.jpg?v=1750222931,https://cdn.shopify.com/s/files/1/0805/4777/4752/files/DER000708.jpg?v=1767765187,DER000708_Y1.jpg
Glowing Feather Diamond Earrings,14 KT / Yellow Gold,14K,2.465,0.172,31210.0,49509065621792,https://cdn.shopify.com/s/files/1/0805/4777/4752/files/DER000708_Y1.jpg?v=1750222931,https://cdn.shopify.com/s/files/1/0805/4777/4752/files/DER000708.jpg?v=1767765187,DER000708_Y1.jpg
Glowing Feather Diamond Earrings,18 KT / Yellow Gold,18K,2.9,0.172,43157.0,49846582575392,https://cdn.shopify.com/s/files/1/0805/4777/4752/files/DER000708_Y1.jpg?v=1750222931,https://cdn.shopify.com/s/files/1/0805/4777/4752/files/DER000708.jpg?v=1767765187,DER000708_Y1.jpg
Geometric Bloom Diamond Earrings,9 KT / White Gold,9K,1.725,0.266,21134.0,50728362279200,https://cdn.shopify.com/s/files/1/0805/4777/4752/files/SPER01103_W1.jpg?v=1751372774,https://cdn.shopify.com/s/files/1/0805/4777/4752/files/SPER01103_W2.jpg?v=1751372774,SPER01103_W1.jpg
Geometric Bloom Diamond Earrings,14 KT / White Gold,14K,1.955,0.266,29134.0,50136867733792,https://cdn.shopify.com/s/files/1/0805/4777/4752/files/SPER01103_W1.jpg?v=1751372774,https://cdn.shopify.com/s/files/1/0805/4777/4752/files/SPER01103_W2.jpg?v=1751372774,SPER01103_W1.jpg
Geometric Bloom Diamond Earrings,18 KT / White Gold,18K,2.3,0.266,38609.0,50136867832096,https://cdn.shopify.com/s/files/1/0805/4777/4752/files/SPER01103_W1.jpg?v=1751372774,https://cdn.shopify.com/s/files/1/0805/4777/4752/files/SPER01103_W2.jpg?v=1751372774,SPER01103_W1.jpg
Quadrangle Glam Diamond Stud Earrings,9 KT / Yellow Gold,9K,1.788,0.28,21217.0,50728228258080,https://cdn.shopify.com/s/files/1/0805/4777/4752/files/DER001236_Y1.jpg?v=1759920269,https://cdn.shopify.com/s/files/1/0805/4777/4752/files/DER001236_Y2.jpg?v=1767694986,DER001236_Y1.jpg
Quadrangle Glam Diamond Stud Earrings,14 KT / Yellow Gold,14K,2.0264,0.28,29509.0,50632487239968,https://cdn.shopify.com/s/files/1/0805/4777/4752/files/DER001236_Y1.jpg?v=1759920269,https://cdn.shopify.com/s/files/1/0805/4777/4752/files/DER001236_Y2.jpg?v=1767694986,DER001236_Y1.jpg
Quadrangle Glam Diamond Stud Earrings,18 KT / Yellow Gold,18K,2.38,0.28,39281.0,50632487338272,https://cdn.shopify.com/s/files/1/0805/4777/4752/files/DER001236_Y1.jpg?v=1759920269,https://cdn.shopify.com/s/files/1/0805/4777/4752/files/DER001236_Y2.jpg?v=1767694986,DER001236_Y1.jpg
Radiant Contour Diamond Stud Earrings,9 KT / Yellow Gold,9K,1.95,0.24,21227.0,50728236319008,https://cdn.shopify.com/s/files/1/0805/4777/4752/files/DER001224_Y1.jpg?v=1756378259,https://cdn.shopify.com/s/files/1/0805/4777/4752/files/DER001224_Y2.jpg?v=1767694936,DER001224_Y1.jpg
Radiant Contour Diamond Stud Earrings,14 KT / Yellow Gold,14K,2.21,0.24,30270.0,50632483668256,https://cdn.shopify.com/s/files/1/0805/4777/4752/files/DER001224_Y1.jpg?v=1756378259,https://cdn.shopify.com/s/files/1/0805/4777/4752/files/DER001224_Y2.jpg?v=1767694936,DER001224_Y1.jpg
Radiant Contour Diamond Stud Earrings,18 KT / Yellow Gold,18K,2.6,0.24,40981.0,50632483766560,https://cdn.shopify.com/s/files/1/0805/4777/4752/files/DER001224_Y1.jpg?v=1756378259,https://cdn.shopify.com/s/files/1/0805/4777/4752/files/DER001224_Y2.jpg?v=1767694936,DER001224_Y1.jpg
The Soft Glow Diamond Earrings,9 KT / Rose Gold,9K,1.425,0.39,21237.0,50728510521632,https://cdn.shopify.com/s/files/1/0805/4777/4752/files/CZ-K-ER-15449_R1.jpg?v=1751373050,https://cdn.shopify.com/s/files/1/0805/4777/4752/files/CZ-K-ER-15449_R2.jpg?v=1763629379,CZ-K-ER-15449_R1.jpg
The Soft Glow Diamond Earrings,14 KT / Rose Gold,14K,1.615,0.39,27846.0,49872668590368,https://cdn.shopify.com/s/files/1/0805/4777/4752/files/CZ-K-ER-15449_R1.jpg?v=1751373050,https://cdn.shopify.com/s/files/1/0805/4777/4752/files/CZ-K-ER-15449_R2.jpg?v=1763629379,CZ-K-ER-15449_R1.jpg
The Soft Glow Diamond Earrings,18 KT / Rose Gold,18K,1.9,0.39,35673.0,49872668688672,https://cdn.shopify.com/s/files/1/0805/4777/4752/files/CZ-K-ER-15449_R1.jpg?v=1751373050,https://cdn.shopify.com/s/files/1/0805/4777/4752/files/CZ-K-ER-15449_R2.jpg?v=1763629379,CZ-K-ER-15449_R1.jpg
Oriana Diamond Earrings,9 KT / Rose Gold,9K,1.5,0.372,21327.0,50728497938720,https://cdn.shopify.com/s/files/1/0805/4777/4752/files/CZ-K-ER-4517_R1.jpg?v=1751373040,https://cdn.shopify.com/s/files/1/0805/4777/4752/files/CZ-K-ER-4517_R2.jpg?v=1751373040,CZ-K-ER-4517_R1.jpg
Oriana Diamond Earrings,14 KT / Rose Gold,14K,1.7,0.372,28284.0,49872670064928,https://cdn.shopify.com/s/files/1/0805/4777/4752/files/CZ-K-ER-4517_R1.jpg?v=1751373040,https://cdn.shopify.com/s/files/1/0805/4777/4752/files/CZ-K-ER-4517_R2.jpg?v=1751373040,CZ-K-ER-4517_R1.jpg
Oriana Diamond Earrings,18 KT / Rose Gold,18K,2.0,0.372,36523.0,49872670163232,https://cdn.shopify.com/s/files/1/0805/4777/4752/files/CZ-K-ER-4517_R1.jpg?v=1751373040,https://cdn.shopify.com/s/files/1/0805/4777/4752/files/CZ-K-ER-4517_R2.jpg?v=1751373040,CZ-K-ER-4517_R1.jpg
Sparkling Dewdrop Diamond Earrings,9 KT / Rose Gold,9K,1.725,0.31,21384.0,50730153279776,https://cdn.shopify.com/s/files/1/0805/4777/4752/files/DER000162_R1.jpg?v=1751375595,https://cdn.shopify.com/s/files/1/0805/4777/4752/files/DER000162_R2.jpg?v=1751375595,DER000162_R1.jpg
Sparkling Dewdrop Diamond Earrings,14 KT / Rose Gold,14K,1.955,0.31,29384.0,49032009548064,https://cdn.shopify.com/s/files/1/0805/4777/4752/files/DER000162_R1.jpg?v=1751375595,https://cdn.shopify.com/s/files/1/0805/4777/4752/files/DER000162_R2.jpg?v=1751375595,DER000162_R1.jpg
Sparkling Dewdrop Diamond Earrings,18 KT / Rose Gold,18K,2.3,0.31,38858.0,49848412242208,https://cdn.shopify.com/s/files/1/0805/4777/4752/files/DER000162_R1.jpg?v=1751375595,https://cdn.shopify.com/s/files/1/0805/4777/4752/files/DER000162_R2.jpg?v=1751375595,DER000162_R1.jpg
Jocelyn Diamond Earrings,9 KT / Yellow Gold,9K,1.7625,0.3,21402.0,50728423325984,https://cdn.shopify.com/s/files/1/0805/4777/4752/files/RK-RBT-31_Y1.jpg?v=1751372937,https://cdn.shopify.com/s/files/1/0805/4777/4752/files/RK-RBT-31_Y2.jpg?v=1751372938,RK-RBT-31_Y1.jpg
Jocelyn Diamond Earrings,14 KT / Yellow Gold,14K,1.9975,0.3,29576.0,49907330089248,https://cdn.shopify.com/s/files/1/0805/4777/4752/files/RK-RBT-31_Y1.jpg?v=1751372937,https://cdn.shopify.com/s/files/1/0805/4777/4752/files/RK-RBT-31_Y2.jpg?v=1751372938,RK-RBT-31_Y1.jpg
Jocelyn Diamond Earrings,18 KT / Yellow Gold,18K,2.35,0.3,39257.0,49907330187552,https://cdn.shopify.com/s/files/1/0805/4777/4752/files/RK-RBT-31_Y1.jpg?v=1751372937,https://cdn.shopify.com/s/files/1/0805/4777/4752/files/RK-RBT-31_Y2.jpg?v=1751372938,RK-RBT-31_Y1.jpg
Serenade Shine Diamond Earrings,9 KT / White Gold,9K,1.5375,0.366,21453.0,50730113958176,https://cdn.shopify.com/s/files/1/0805/4777/4752/files/SER000121_W1.jpg?v=1751375574,https://cdn.shopify.com/s/files/1/0805/4777/4752/files/SER000121_W2.jpg?v=1751375574,SER000121_W1.jpg
Serenade Shine Diamond Earrings,14 KT / White Gold,14K,1.7425,0.366,28583.0,49032032846112,https://cdn.shopify.com/s/files/1/0805/4777/4752/files/SER000121_W1.jpg?v=1751375574,https://cdn.shopify.com/s/files/1/0805/4777/4752/files/SER000121_W2.jpg?v=1751375574,SER000121_W1.jpg
Serenade Shine Diamond Earrings,18 KT / White Gold,18K,2.05,0.366,37027.0,49848407294240,https://cdn.shopify.com/s/files/1/0805/4777/4752/files/SER000121_W1.jpg?v=1751375574,https://cdn.shopify.com/s/files/1/0805/4777/4752/files/SER000121_W2.jpg?v=1751375574,SER000121_W1.jpg
Geometric Allure Diamond Stud Earrings,9 KT / Rose Gold,9K,2.1375,0.2,21586.0,50728229634336,https://cdn.shopify.com/s/files/1/0805/4777/4752/files/DER001227_R1.jpg?v=1757053848,https://cdn.shopify.com/s/files/1/0805/4777/4752/files/DER001227_R2.jpg?v=1767694969,DER001227_R1.jpg
Geometric Allure Diamond Stud Earrings,14 KT / Rose Gold,14K,2.4225,0.2,31498.0,50632485798176,https://cdn.shopify.com/s/files/1/0805/4777/4752/files/DER001227_R1.jpg?v=1757053848,https://cdn.shopify.com/s/files/1/0805/4777/4752/files/DER001227_R2.jpg?v=1767694969,DER001227_R1.jpg
Geometric Allure Diamond Stud Earrings,18 KT / Rose Gold,18K,2.85,0.2,43239.0,50632485896480,https://cdn.shopify.com/s/files/1/0805/4777/4752/files/DER001227_R1.jpg?v=1757053848,https://cdn.shopify.com/s/files/1/0805/4777/4752/files/DER001227_R2.jpg?v=1767694969,DER001227_R1.jpg
Velvet Diamond Spark Earrings,9 KT / Rose Gold,9K,1.65,0.34,21614.0,50730022011168,https://cdn.shopify.com/s/files/1/0805/4777/4752/files/SER001063_R1.jpg?v=1750222864,https://cdn.shopify.com/s/files/1/0805/4777/4752/files/SER001063_R2.jpg?v=1750222864,SER001063_R1.jpg
Velvet Diamond Spark Earrings,14 KT / Rose Gold,14K,1.87,0.34,29266.0,49509070930208,https://cdn.shopify.com/s/files/1/0805/4777/4752/files/SER001063_R1.jpg?v=1750222864,https://cdn.shopify.com/s/files/1/0805/4777/4752/files/SER001063_R2.jpg?v=1750222864,SER001063_R1.jpg
Velvet Diamond Spark Earrings,18 KT / Rose Gold,18K,2.2,0.34,38329.0,49848419352864,https://cdn.shopify.com/s/files/1/0805/4777/4752/files/SER001063_R1.jpg?v=1750222864,https://cdn.shopify.com/s/files/1/0805/4777/4752/files/SER001063_R2.jpg?v=1750222864,SER001063_R1.jpg
Bold Facet Diamond Earrings,9 KT / Rose Gold,9K,1.425,0.41,21771.0,50730014933280,https://cdn.shopify.com/s/files/1/0805/4777/4752/files/CZ-K-ER-4518_R1.jpg?v=1751373052,https://cdn.shopify.com/s/files/1/0805/4777/4752/files/CZ-K-ER-4518_R2.jpg?v=1751373052,CZ-K-ER-4518_R1.jpg
Bold Facet Diamond Earrings,14 KT / Rose Gold,14K,1.615,0.41,28379.0,49872668262688,https://cdn.shopify.com/s/files/1/0805/4777/4752/files/CZ-K-ER-4518_R1.jpg?v=1751373052,https://cdn.shopify.com/s/files/1/0805/4777/4752/files/CZ-K-ER-4518_R2.jpg?v=1751373052,CZ-K-ER-4518_R1.jpg
Bold Facet Diamond Earrings,18 KT / Rose Gold,18K,1.9,0.41,36206.0,49872668360992,https://cdn.shopify.com/s/files/1/0805/4777/4752/files/CZ-K-ER-4518_R1.jpg?v=1751373052,https://cdn.shopify.com/s/files/1/0805/4777/4752/files/CZ-K-ER-4518_R2.jpg?v=1751373052,CZ-K-ER-4518_R1.jpg
Twinkling Star Diamond Earrings,9 KT / Rose Gold,9K,1.875,0.29,21991.0,50730018767136,https://cdn.shopify.com/s/files/1/0805/4777/4752/files/DER000717_R1.jpg?v=1750222827,https://cdn.shopify.com/s/files/1/0805/4777/4752/files/DER000717_R2.jpg?v=1750222827,DER000717_R1.jpg
Twinkling Star Diamond Earrings,14 KT / Rose Gold,14K,2.125,0.29,30686.0,49509073879328,https://cdn.shopify.com/s/files/1/0805/4777/4752/files/DER000717_R1.jpg?v=1750222827,https://cdn.shopify.com/s/files/1/0805/4777/4752/files/DER000717_R2.jpg?v=1750222827,DER000717_R1.jpg
Twinkling Star Diamond Earrings,18 KT / Rose Gold,18K,2.5,0.29,40985.0,49848419090720,https://cdn.shopify.com/s/files/1/0805/4777/4752/files/DER000717_R1.jpg?v=1750222827,https://cdn.shopify.com/s/files/1/0805/4777/4752/files/DER000717_R2.jpg?v=1750222827,DER000717_R1.jpg
Dazzle D Diamond Earrings,9 KT / Rose Gold,9K,1.575,0.345,22021.0,50728377155872,https://cdn.shopify.com/s/files/1/0805/4777/4752/files/DER000966_R1.jpg?v=1759470659,https://cdn.shopify.com/s/files/1/0805/4777/4752/files/DER000966_R2.jpg?v=1759470659,DER000966_R1.jpg
Dazzle D Diamond Earrings,14 KT / Rose Gold,14K,1.785,0.345,29325.0,50136733942048,https://cdn.shopify.com/s/files/1/0805/4777/4752/files/DER000966_R1.jpg?v=1759470659,https://cdn.shopify.com/s/files/1/0805/4777/4752/files/DER000966_R2.jpg?v=1759470659,DER000966_R1.jpg
Dazzle D Diamond Earrings,18 KT / Rose Gold,18K,2.1,0.345,37976.0,50136734040352,https://cdn.shopify.com/s/files/1/0805/4777/4752/files/DER000966_R1.jpg?v=1759470659,https://cdn.shopify.com/s/files/1/0805/4777/4752/files/DER000966_R2.jpg?v=1759470659,DER000966_R1.jpg
Marquise Quill Diamond Earrings,9 KT / White Gold,9K,1.725,0.302,22095.0,50728361918752,https://cdn.shopify.com/s/files/1/0805/4777/4752/files/SPER01100_W1.jpg?v=1751372772,https://cdn.shopify.com/s/files/1/0805/4777/4752/files/SPER01100_W2.jpg?v=1751372772,SPER01100_W1.jpg
Marquise Quill Diamond Earrings,14 KT / White Gold,14K,1.955,0.302,30094.0,50136867963168,https://cdn.shopify.com/s/files/1/0805/4777/4752/files/SPER01100_W1.jpg?v=1751372772,https://cdn.shopify.com/s/files/1/0805/4777/4752/files/SPER01100_W2.jpg?v=1751372772,SPER01100_W1.jpg
Marquise Quill Diamond Earrings,18 KT / White Gold,18K,2.3,0.302,39569.0,50136868061472,https://cdn.shopify.com/s/files/1/0805/4777/4752/files/SPER01100_W1.jpg?v=1751372772,https://cdn.shopify.com/s/files/1/0805/4777/4752/files/SPER01100_W2.jpg?v=1751372772,SPER01100_W1.jpg
Dainty Glow Diamond Earrings,9 KT / Yellow Gold,9K,1.575,0.38,22111.0,50728500134176,https://cdn.shopify.com/s/files/1/0805/4777/4752/files/CZ-K-ER-15451_Y1.jpg?v=1751373042,https://cdn.shopify.com/s/files/1/0805/4777/4752/files/CZ-K-ER-15451_Y2.jpg?v=1751373042,CZ-K-ER-15451_Y1.jpg
Dainty Glow Diamond Earrings,14 KT / Yellow Gold,14K,1.785,0.38,29415.0,49872669901088,https://cdn.shopify.com/s/files/1/0805/4777/4752/files/CZ-K-ER-15451_Y1.jpg?v=1751373042,https://cdn.shopify.com/s/files/1/0805/4777/4752/files/CZ-K-ER-15451_Y2.jpg?v=1751373042,CZ-K-ER-15451_Y1.jpg
Dainty Glow Diamond Earrings,18 KT / Yellow Gold,18K,2.1,0.38,38066.0,49872669999392,https://cdn.shopify.com/s/files/1/0805/4777/4752/files/CZ-K-ER-15451_Y1.jpg?v=1751373042,https://cdn.shopify.com/s/files/1/0805/4777/4752/files/CZ-K-ER-15451_Y2.jpg?v=1751373042,CZ-K-ER-15451_Y1.jpg
The Apex Two Tone Diamond Earrings,9 KT / Yellow Gold,9K,1.5,0.405,22208.0,50728486109472,https://cdn.shopify.com/s/files/1/0805/4777/4752/files/CZ-K-ER-15448_Y1.jpg?v=1751373030,https://cdn.shopify.com/s/files/1/0805/4777/4752/files/CZ-K-ER-15448_Y2.jpg?v=1751373030,CZ-K-ER-15448_Y1.jpg
The Apex Two Tone Diamond Earrings,14 KT / Yellow Gold,14K,1.7,0.405,29164.0,49872671113504,https://cdn.shopify.com/s/files/1/0805/4777/4752/files/CZ-K-ER-15448_Y1.jpg?v=1751373030,https://cdn.shopify.com/s/files/1/0805/4777/4752/files/CZ-K-ER-15448_Y2.jpg?v=1751373030,CZ-K-ER-15448_Y1.jpg
The Apex Two Tone Diamond Earrings,18 KT / Yellow Gold,18K,2.0,0.405,37403.0,49872671211808,https://cdn.shopify.com/s/files/1/0805/4777/4752/files/CZ-K-ER-15448_Y1.jpg?v=1751373030,https://cdn.shopify.com/s/files/1/0805/4777/4752/files/CZ-K-ER-15448_Y2.jpg?v=1751373030,CZ-K-ER-15448_Y1.jpg
Precision Hoop Diamond Bali Earrings,9 KT / Yellow Gold,9K,1.59,0.38,22225.0,50728310047008,https://cdn.shopify.com/s/files/1/0805/4777/4752/files/DER001100_Y1.jpg?v=1754118939,https://cdn.shopify.com/s/files/1/0805/4777/4752/files/DER001100_Y2.jpg?v=1763633548,DER001100_Y1.jpg
Precision Hoop Diamond Bali Earrings,14 KT / Yellow Gold,14K,1.802,0.38,29599.0,50523556839712,https://cdn.shopify.com/s/files/1/0805/4777/4752/files/DER001100_Y1.jpg?v=1754118939,https://cdn.shopify.com/s/files/1/0805/4777/4752/files/DER001100_Y2.jpg?v=1763633548,DER001100_Y1.jpg
Precision Hoop Diamond Bali Earrings,18 KT / Yellow Gold,18K,2.12,0.38,38332.0,50523556938016,https://cdn.shopify.com/s/files/1/0805/4777/4752/files/DER001100_Y1.jpg?v=1754118939,https://cdn.shopify.com/s/files/1/0805/4777/4752/files/DER001100_Y2.jpg?v=1763633548,DER001100_Y1.jpg
Little Eyes Diamond Stud Earrings,9 KT / Yellow Gold,9K,1.35,0.45,22268.0,50728336425248,https://cdn.shopify.com/s/files/1/0805/4777/4752/files/DER001086_Y1.jpg?v=1754118889,https://cdn.shopify.com/s/files/1/0805/4777/4752/files/DER001086_Y2.jpg?v=1763633152,DER001086_Y1.jpg
Little Eyes Diamond Stud Earrings,14 KT / Yellow Gold,14K,1.53,0.45,28528.0,50523551596832,https://cdn.shopify.com/s/files/1/0805/4777/4752/files/DER001086_Y1.jpg?v=1754118889,https://cdn.shopify.com/s/files/1/0805/4777/4752/files/DER001086_Y2.jpg?v=1763633152,DER001086_Y1.jpg
Little Eyes Diamond Stud Earrings,18 KT / Yellow Gold,18K,1.8,0.45,35943.0,50523551695136,https://cdn.shopify.com/s/files/1/0805/4777/4752/files/DER001086_Y1.jpg?v=1754118889,https://cdn.shopify.com/s/files/1/0805/4777/4752/files/DER001086_Y2.jpg?v=1763633152,DER001086_Y1.jpg
Goldloop Lamps Fashion Diamond Dangler Earrings,9 KT / Yellow Gold,9K,1.8,0.322,22274.0,50728347271456,https://cdn.shopify.com/s/files/1/0805/4777/4752/files/DER001010_Y1.jpg?v=1750415148,https://cdn.shopify.com/s/files/1/0805/4777/4752/files/DER001010_Y2.jpg?v=1750415256,DER001010_Y1.jpg
Goldloop Lamps Fashion Diamond Dangler Earrings,14 KT / Yellow Gold,14K,2.04,0.322,30622.0,50311326073120,https://cdn.shopify.com/s/files/1/0805/4777/4752/files/DER001010_Y1.jpg?v=1750415148,https://cdn.shopify.com/s/files/1/0805/4777/4752/files/DER001010_Y2.jpg?v=1750415256,DER001010_Y1.jpg
Goldloop Lamps Fashion Diamond Dangler Earrings,18 KT / Yellow Gold,18K,2.4,0.322,40508.0,50311326171424,https://cdn.shopify.com/s/files/1/0805/4777/4752/files/DER001010_Y1.jpg?v=1750415148,https://cdn.shopify.com/s/files/1/0805/4777/4752/files/DER001010_Y2.jpg?v=1750415256,DER001010_Y1.jpg
Interlaced Glow Diamond Earrings,9 KT / Rose Gold,9K,1.425,0.43,22305.0,50730016604448,https://cdn.shopify.com/s/files/1/0805/4777/4752/files/CZ-K-ER-15450_R1.jpg?v=1751373069,https://cdn.shopify.com/s/files/1/0805/4777/4752/files/CZ-K-ER-15450_R2.jpg?v=1751373069,CZ-K-ER-15450_R1.jpg
Interlaced Glow Diamond Earrings,14 KT / Rose Gold,14K,1.615,0.43,28913.0,49872665674016,https://cdn.shopify.com/s/files/1/0805/4777/4752/files/CZ-K-ER-15450_R1.jpg?v=1751373069,https://cdn.shopify.com/s/files/1/0805/4777/4752/files/CZ-K-ER-15450_R2.jpg?v=1751373069,CZ-K-ER-15450_R1.jpg
Interlaced Glow Diamond Earrings,18 KT / Rose Gold,18K,1.9,0.43,36740.0,49872665772320,https://cdn.shopify.com/s/files/1/0805/4777/4752/files/CZ-K-ER-15450_R1.jpg?v=1751373069,https://cdn.shopify.com/s/files/1/0805/4777/4752/files/CZ-K-ER-15450_R2.jpg?v=1751373069,CZ-K-ER-15450_R1.jpg
Angular Spark Two Tone Diamond Earrings,9 KT / Yellow Gold,9K,1.425,0.43,22305.0,50728480669984,https://cdn.shopify.com/s/files/1/0805/4777/4752/files/CZ-K-ER-11477_Y1.jpg?v=1750166910,https://cdn.shopify.com/s/files/1/0805/4777/4752/files/CZ-K-ER-11477_Y2.jpg?v=1750166911,CZ-K-ER-11477_Y1.jpg
Angular Spark Two Tone Diamond Earrings,14 KT / Yellow Gold,14K,1.615,0.43,28913.0,49872672850208,https://cdn.shopify.com/s/files/1/0805/4777/4752/files/CZ-K-ER-11477_Y1.jpg?v=1750166910,https://cdn.shopify.com/s/files/1/0805/4777/4752/files/CZ-K-ER-11477_Y2.jpg?v=1750166911,CZ-K-ER-11477_Y1.jpg
Angular Spark Two Tone Diamond Earrings,18 KT / Yellow Gold,18K,1.9,0.43,36740.0,49872672948512,https://cdn.shopify.com/s/files/1/0805/4777/4752/files/CZ-K-ER-11477_Y1.jpg?v=1750166910,https://cdn.shopify.com/s/files/1/0805/4777/4752/files/CZ-K-ER-11477_Y2.jpg?v=1750166911,CZ-K-ER-11477_Y1.jpg
Radiant Six Diamond Earrings,9 KT / Rose Gold,9K,1.65,0.366,22308.0,50730016178464,https://cdn.shopify.com/s/files/1/0805/4777/4752/files/CZ-K-ER-7579_R1.jpg?v=1751373060,https://cdn.shopify.com/s/files/1/0805/4777/4752/files/CZ-K-ER-7579_R2.jpg?v=1751373060,CZ-K-ER-7579_R1.jpg
Radiant Six Diamond Earrings,14 KT / Rose Gold,14K,1.87,0.366,29960.0,49872667050272,https://cdn.shopify.com/s/files/1/0805/4777/4752/files/CZ-K-ER-7579_R1.jpg?v=1751373060,https://cdn.shopify.com/s/files/1/0805/4777/4752/files/CZ-K-ER-7579_R2.jpg?v=1751373060,CZ-K-ER-7579_R1.jpg
Radiant Six Diamond Earrings,18 KT / Rose Gold,18K,2.2,0.366,39022.0,49872667148576,https://cdn.shopify.com/s/files/1/0805/4777/4752/files/CZ-K-ER-7579_R1.jpg?v=1751373060,https://cdn.shopify.com/s/files/1/0805/4777/4752/files/CZ-K-ER-7579_R2.jpg?v=1751373060,CZ-K-ER-7579_R1.jpg
Fourfold Sparkle Diamond Earrings,9 KT / Yellow Gold,9K,1.425,0.406,22428.0,50728362869024,https://cdn.shopify.com/s/files/1/0805/4777/4752/files/SPER01098_Y1.jpg?v=1751372783,https://cdn.shopify.com/s/files/1/0805/4777/4752/files/SPER01098_Y2.jpg?v=1763635156,SPER01098_Y1.jpg
Fourfold Sparkle Diamond Earrings,14 KT / Yellow Gold,14K,1.615,0.406,29036.0,50136866717984,https://cdn.shopify.com/s/files/1/0805/4777/4752/files/SPER01098_Y1.jpg?v=1751372783,https://cdn.shopify.com/s/files/1/0805/4777/4752/files/SPER01098_Y2.jpg?v=1763635156,SPER01098_Y1.jpg
Fourfold Sparkle Diamond Earrings,18 KT / Yellow Gold,18K,1.9,0.406,36863.0,50136866816288,https://cdn.shopify.com/s/files/1/0805/4777/4752/files/SPER01098_Y1.jpg?v=1751372783,https://cdn.shopify.com/s/files/1/0805/4777/4752/files/SPER01098_Y2.jpg?v=1763635156,SPER01098_Y1.jpg
Infinite Brilliance Diamond Earrings,9 KT / Yellow Gold,9K,2.025,0.266,22491.0,50730108092704,https://cdn.shopify.com/s/files/1/0805/4777/4752/files/SER000120_Y1.jpg?v=1752058875,https://cdn.shopify.com/s/files/1/0805/4777/4752/files/SER000120_Y2.jpg?v=1771239443,SER000120_Y1.jpg
Infinite Brilliance Diamond Earrings,14 KT / Yellow Gold,14K,2.295,0.266,31882.0,49032033075488,https://cdn.shopify.com/s/files/1/0805/4777/4752/files/SER000120_Y1.jpg?v=1752058875,https://cdn.shopify.com/s/files/1/0805/4777/4752/files/SER000120_Y2.jpg?v=1771239443,SER000120_Y1.jpg
Infinite Brilliance Diamond Earrings,18 KT / Yellow Gold,18K,2.7,0.266,43004.0,49848151441696,https://cdn.shopify.com/s/files/1/0805/4777/4752/files/SER000120_Y1.jpg?v=1752058875,https://cdn.shopify.com/s/files/1/0805/4777/4752/files/SER000120_Y2.jpg?v=1771239443,SER000120_Y1.jpg
Timeless Spark Diamond Earrings,9 KT / Yellow Gold,9K,1.9125,0.3,22543.0,50730033348896,https://cdn.shopify.com/s/files/1/0805/4777/4752/files/SER001067_Y1.jpg?v=1750222916,https://cdn.shopify.com/s/files/1/0805/4777/4752/files/SER001067_Y2.jpg?v=1750222916,SER001067_Y1.jpg
Timeless Spark Diamond Earrings,14 KT / Yellow Gold,14K,2.1675,0.3,31412.0,49509066703136,https://cdn.shopify.com/s/files/1/0805/4777/4752/files/SER001067_Y1.jpg?v=1750222916,https://cdn.shopify.com/s/files/1/0805/4777/4752/files/SER001067_Y2.jpg?v=1750222916,SER001067_Y1.jpg
Timeless Spark Diamond Earrings,18 KT / Yellow Gold,18K,2.55,0.3,41916.0,49848416108832,https://cdn.shopify.com/s/files/1/0805/4777/4752/files/SER001067_Y1.jpg?v=1750222916,https://cdn.shopify.com/s/files/1/0805/4777/4752/files/SER001067_Y2.jpg?v=1750222916,SER001067_Y1.jpg
Leona Diamond Earrings,9 KT / Yellow Gold,9K,1.5,0.42,22608.0,50728489353504,https://cdn.shopify.com/s/files/1/0805/4777/4752/files/CZ-K-ER-29015_Y1.jpg?v=1751373032,https://cdn.shopify.com/s/files/1/0805/4777/4752/files/CZ-K-ER-29015_Y2.jpg?v=1751373032,CZ-K-ER-29015_Y1.jpg
Leona Diamond Earrings,14 KT / Yellow Gold,14K,1.7,0.42,29564.0,49872670916896,https://cdn.shopify.com/s/files/1/0805/4777/4752/files/CZ-K-ER-29015_Y1.jpg?v=1751373032,https://cdn.shopify.com/s/files/1/0805/4777/4752/files/CZ-K-ER-29015_Y2.jpg?v=1751373032,CZ-K-ER-29015_Y1.jpg
Leona Diamond Earrings,18 KT / Yellow Gold,18K,2.0,0.42,37803.0,49872671015200,https://cdn.shopify.com/s/files/1/0805/4777/4752/files/CZ-K-ER-29015_Y1.jpg?v=1751373032,https://cdn.shopify.com/s/files/1/0805/4777/4752/files/CZ-K-ER-29015_Y2.jpg?v=1751373032,CZ-K-ER-29015_Y1.jpg
Lyanne Diamond Earrings,9 KT / Rose Gold,9K,2.175,0.228,22618.0,50728460058912,https://cdn.shopify.com/s/files/1/0805/4777/4752/files/RK-PNB-302E_R1.jpg?v=1751372963,https://cdn.shopify.com/s/files/1/0805/4777/4752/files/RK-PNB-302E_R2.jpg?v=1751372963,RK-PNB-302E_R1.jpg
Lyanne Diamond Earrings,14 KT / Rose Gold,14K,2.465,0.228,32704.0,49907303842080,https://cdn.shopify.com/s/files/1/0805/4777/4752/files/RK-PNB-302E_R1.jpg?v=1751372963,https://cdn.shopify.com/s/files/1/0805/4777/4752/files/RK-PNB-302E_R2.jpg?v=1751372963,RK-PNB-302E_R1.jpg
Lyanne Diamond Earrings,18 KT / Rose Gold,18K,2.9,0.228,44651.0,49907303940384,https://cdn.shopify.com/s/files/1/0805/4777/4752/files/RK-PNB-302E_R1.jpg?v=1751372963,https://cdn.shopify.com/s/files/1/0805/4777/4752/files/RK-PNB-302E_R2.jpg?v=1751372963,RK-PNB-302E_R1.jpg
Tri-Petal Shine Diamond Earrings,9 KT / Rose Gold,9K,1.575,0.402,22698.0,50730029482272,https://cdn.shopify.com/s/files/1/0805/4777/4752/files/CZ-K-ER-15452_R1.jpg?v=1751373066,https://cdn.shopify.com/s/files/1/0805/4777/4752/files/CZ-K-ER-15452_R2.jpg?v=1751373066,CZ-K-ER-15452_R1.jpg
Tri-Petal Shine Diamond Earrings,14 KT / Rose Gold,14K,1.785,0.402,30002.0,49872666067232,https://cdn.shopify.com/s/files/1/0805/4777/4752/files/CZ-K-ER-15452_R1.jpg?v=1751373066,https://cdn.shopify.com/s/files/1/0805/4777/4752/files/CZ-K-ER-15452_R2.jpg?v=1751373066,CZ-K-ER-15452_R1.jpg
Tri-Petal Shine Diamond Earrings,18 KT / Rose Gold,18K,2.1,0.402,38653.0,49872666165536,https://cdn.shopify.com/s/files/1/0805/4777/4752/files/CZ-K-ER-15452_R1.jpg?v=1751373066,https://cdn.shopify.com/s/files/1/0805/4777/4752/files/CZ-K-ER-15452_R2.jpg?v=1751373066,CZ-K-ER-15452_R1.jpg
StarReign Diamond Earrings,9 KT / Yellow Gold,9K,1.6125,0.359,22700.0,50728362672416,https://cdn.shopify.com/s/files/1/0805/4777/4752/files/SPER01092_Y1.jpg?v=1751372778,https://cdn.shopify.com/s/files/1/0805/4777/4752/files/SPER01092_Y2.jpg?v=1751372779,SPER01092_Y1.jpg
StarReign Diamond Earrings,14 KT / Yellow Gold,14K,1.8275,0.359,30177.0,50136867143968,https://cdn.shopify.com/s/files/1/0805/4777/4752/files/SPER01092_Y1.jpg?v=1751372778,https://cdn.shopify.com/s/files/1/0805/4777/4752/files/SPER01092_Y2.jpg?v=1751372779,SPER01092_Y1.jpg
StarReign Diamond Earrings,18 KT / Yellow Gold,18K,2.15,0.359,39034.0,50136867242272,https://cdn.shopify.com/s/files/1/0805/4777/4752/files/SPER01092_Y1.jpg?v=1751372778,https://cdn.shopify.com/s/files/1/0805/4777/4752/files/SPER01092_Y2.jpg?v=1751372779,SPER01092_Y1.jpg
Noah Floral Diamond Earrings,9 KT / Rose Gold,9K,1.7625,0.352,22790.0,50728480309536,https://cdn.shopify.com/s/files/1/0805/4777/4752/files/RK-PNB-328E_R1.jpg?v=1751372989,https://cdn.shopify.com/s/files/1/0805/4777/4752/files/RK-PNB-328E_R2.jpg?v=1763635084,RK-PNB-328E_R1.jpg
Noah Floral Diamond Earrings,14 KT / Rose Gold,14K,1.9975,0.352,30963.0,49907245482272,https://cdn.shopify.com/s/files/1/0805/4777/4752/files/RK-PNB-328E_R1.jpg?v=1751372989,https://cdn.shopify.com/s/files/1/0805/4777/4752/files/RK-PNB-328E_R2.jpg?v=1763635084,RK-PNB-328E_R1.jpg
Noah Floral Diamond Earrings,18 KT / Rose Gold,18K,2.35,0.352,40644.0,49907245580576,https://cdn.shopify.com/s/files/1/0805/4777/4752/files/RK-PNB-328E_R1.jpg?v=1751372989,https://cdn.shopify.com/s/files/1/0805/4777/4752/files/RK-PNB-328E_R2.jpg?v=1763635084,RK-PNB-328E_R1.jpg
Dipped in Luxe Diamond Earrings,9 KT / Yellow Gold,9K,1.725,0.33,22842.0,50728376205600,https://cdn.shopify.com/s/files/1/0805/4777/4752/files/DER000954_Y1.jpg?v=1756378207,https://cdn.shopify.com/s/files/1/0805/4777/4752/files/DER000954_Y2.jpg?v=1756378664,DER000954_Y1.jpg
Dipped in Luxe Diamond Earrings,14 KT / Yellow Gold,14K,1.955,0.33,30841.0,50136737644832,https://cdn.shopify.com/s/files/1/0805/4777/4752/files/DER000954_Y1.jpg?v=1756378207,https://cdn.shopify.com/s/files/1/0805/4777/4752/files/DER000954_Y2.jpg?v=1756378664,DER000954_Y1.jpg
Dipped in Luxe Diamond Earrings,18 KT / Yellow Gold,18K,2.3,0.33,40316.0,50136737743136,https://cdn.shopify.com/s/files/1/0805/4777/4752/files/DER000954_Y1.jpg?v=1756378207,https://cdn.shopify.com/s/files/1/0805/4777/4752/files/DER000954_Y2.jpg?v=1756378664,DER000954_Y1.jpg
Soft Glow Diamond Earrings,9 KT / Yellow Gold,9K,1.575,0.408,22858.0,50728502919456,https://cdn.shopify.com/s/files/1/0805/4777/4752/files/CZ-K-ER-7577_Y1.jpg?v=1751373046,https://cdn.shopify.com/s/files/1/0805/4777/4752/files/CZ-K-ER-7577_Y2.jpg?v=1751373046,CZ-K-ER-7577_Y1.jpg
Soft Glow Diamond Earrings,14 KT / Yellow Gold,14K,1.785,0.408,30162.0,49872669311264,https://cdn.shopify.com/s/files/1/0805/4777/4752/files/CZ-K-ER-7577_Y1.jpg?v=1751373046,https://cdn.shopify.com/s/files/1/0805/4777/4752/files/CZ-K-ER-7577_Y2.jpg?v=1751373046,CZ-K-ER-7577_Y1.jpg
Soft Glow Diamond Earrings,18 KT / Yellow Gold,18K,2.1,0.408,38813.0,49872669409568,https://cdn.shopify.com/s/files/1/0805/4777/4752/files/CZ-K-ER-7577_Y1.jpg?v=1751373046,https://cdn.shopify.com/s/files/1/0805/4777/4752/files/CZ-K-ER-7577_Y2.jpg?v=1751373046,CZ-K-ER-7577_Y1.jpg
Eloise Diamond Earrings,9 KT / Yellow Gold,9K,1.65,0.39,22948.0,50728457273632,https://cdn.shopify.com/s/files/1/0805/4777/4752/files/RK-RBT-18_Y1.jpg?v=1751372957,https://cdn.shopify.com/s/files/1/0805/4777/4752/files/RK-RBT-18_Y2.jpg?v=1751372957,RK-RBT-18_Y1.jpg
Eloise Diamond Earrings,14 KT / Yellow Gold,14K,1.87,0.39,30600.0,49907308724512,https://cdn.shopify.com/s/files/1/0805/4777/4752/files/RK-RBT-18_Y1.jpg?v=1751372957,https://cdn.shopify.com/s/files/1/0805/4777/4752/files/RK-RBT-18_Y2.jpg?v=1751372957,RK-RBT-18_Y1.jpg
Eloise Diamond Earrings,18 KT / Yellow Gold,18K,2.2,0.39,39663.0,49907308822816,https://cdn.shopify.com/s/files/1/0805/4777/4752/files/RK-RBT-18_Y1.jpg?v=1751372957,https://cdn.shopify.com/s/files/1/0805/4777/4752/files/RK-RBT-18_Y2.jpg?v=1751372957,RK-RBT-18_Y1.jpg
The Forefront Glow Diamond Earrings,9 KT / Yellow Gold,9K,1.65,0.394,23055.0,50730017784096,https://cdn.shopify.com/s/files/1/0805/4777/4752/files/CZ-K-ER-15892_Y1.jpg?v=1751373075,https://cdn.shopify.com/s/files/1/0805/4777/4752/files/CZ-K-ER-15892_Y2.jpg?v=1751373075,CZ-K-ER-15892_Y1.jpg
The Forefront Glow Diamond Earrings,14 KT / Yellow Gold,14K,1.87,0.394,30707.0,49872665084192,https://cdn.shopify.com/s/files/1/0805/4777/4752/files/CZ-K-ER-15892_Y1.jpg?v=1751373075,https://cdn.shopify.com/s/files/1/0805/4777/4752/files/CZ-K-ER-15892_Y2.jpg?v=1751373075,CZ-K-ER-15892_Y1.jpg
The Forefront Glow Diamond Earrings,18 KT / Yellow Gold,18K,2.2,0.394,39769.0,49872665182496,https://cdn.shopify.com/s/files/1/0805/4777/4752/files/CZ-K-ER-15892_Y1.jpg?v=1751373075,https://cdn.shopify.com/s/files/1/0805/4777/4752/files/CZ-K-ER-15892_Y2.jpg?v=1751373075,CZ-K-ER-15892_Y1.jpg
Zena Diamond Earrings,9 KT / Yellow Gold,9K,1.725,0.376,23145.0,50728459501856,https://cdn.shopify.com/s/files/1/0805/4777/4752/files/RK-RBT-33_Y1.jpg?v=1751372959,https://cdn.shopify.com/s/files/1/0805/4777/4752/files/RK-RBT-33_Y2.jpg?v=1751372959,RK-RBT-33_Y1.jpg
Zena Diamond Earrings,14 KT / Yellow Gold,14K,1.955,0.376,31144.0,49907308429600,https://cdn.shopify.com/s/files/1/0805/4777/4752/files/RK-RBT-33_Y1.jpg?v=1751372959,https://cdn.shopify.com/s/files/1/0805/4777/4752/files/RK-RBT-33_Y2.jpg?v=1751372959,RK-RBT-33_Y1.jpg
Zena Diamond Earrings,18 KT / Yellow Gold,18K,2.3,0.376,40619.0,49907308527904,https://cdn.shopify.com/s/files/1/0805/4777/4752/files/RK-RBT-33_Y1.jpg?v=1751372959,https://cdn.shopify.com/s/files/1/0805/4777/4752/files/RK-RBT-33_Y2.jpg?v=1751372959,RK-RBT-33_Y1.jpg
Alluring Vortex Diamond Earrings,9 KT / Yellow Gold,9K,1.725,0.342,23162.0,50728376107296,https://cdn.shopify.com/s/files/1/0805/4777/4752/files/DER000946_Y1.jpg?v=1756378167,https://cdn.shopify.com/s/files/1/0805/4777/4752/files/DER000946_Y2.jpg?v=1756378641,DER000946_Y1.jpg
Alluring Vortex Diamond Earrings,14 KT / Yellow Gold,14K,1.955,0.342,31161.0,50136737906976,https://cdn.shopify.com/s/files/1/0805/4777/4752/files/DER000946_Y1.jpg?v=1756378167,https://cdn.shopify.com/s/files/1/0805/4777/4752/files/DER000946_Y2.jpg?v=1756378641,DER000946_Y1.jpg
Alluring Vortex Diamond Earrings,18 KT / Yellow Gold,18K,2.3,0.342,40636.0,50136738005280,https://cdn.shopify.com/s/files/1/0805/4777/4752/files/DER000946_Y1.jpg?v=1756378167,https://cdn.shopify.com/s/files/1/0805/4777/4752/files/DER000946_Y2.jpg?v=1756378641,DER000946_Y1.jpg
Starlit Tango Diamond Stud Earrings,9 KT / Rose Gold,9K,2.1,0.27,23168.0,50728232943904,https://cdn.shopify.com/s/files/1/0805/4777/4752/files/DER001225_R1.jpg?v=1757053534,https://cdn.shopify.com/s/files/1/0805/4777/4752/files/DER001225_R2.jpg?v=1767694950,DER001225_R1.jpg
Starlit Tango Diamond Stud Earrings,14 KT / Rose Gold,14K,2.38,0.27,32907.0,50632485404960,https://cdn.shopify.com/s/files/1/0805/4777/4752/files/DER001225_R1.jpg?v=1757053534,https://cdn.shopify.com/s/files/1/0805/4777/4752/files/DER001225_R2.jpg?v=1767694950,DER001225_R1.jpg
Starlit Tango Diamond Stud Earrings,18 KT / Rose Gold,18K,2.8,0.27,44441.0,50632485503264,https://cdn.shopify.com/s/files/1/0805/4777/4752/files/DER001225_R1.jpg?v=1757053534,https://cdn.shopify.com/s/files/1/0805/4777/4752/files/DER001225_R2.jpg?v=1767694950,DER001225_R1.jpg
Periwinkle Diamond Earrings,9 KT / Yellow Gold,9K,2.325,0.206,23171.0,50728377614624,https://cdn.shopify.com/s/files/1/0805/4777/4752/files/RK-PNB-257E_Y1.jpg?v=1751372907,https://cdn.shopify.com/s/files/1/0805/4777/4752/files/RK-PNB-257E_Y2.jpg?v=1751372907,RK-PNB-257E_Y1.jpg
Periwinkle Diamond Earrings,14 KT / Yellow Gold,14K,2.635,0.206,33953.0,49907333857568,https://cdn.shopify.com/s/files/1/0805/4777/4752/files/RK-PNB-257E_Y1.jpg?v=1751372907,https://cdn.shopify.com/s/files/1/0805/4777/4752/files/RK-PNB-257E_Y2.jpg?v=1751372907,RK-PNB-257E_Y1.jpg
Periwinkle Diamond Earrings,18 KT / Yellow Gold,18K,3.1,0.206,46723.0,49907333955872,https://cdn.shopify.com/s/files/1/0805/4777/4752/files/RK-PNB-257E_Y1.jpg?v=1751372907,https://cdn.shopify.com/s/files/1/0805/4777/4752/files/RK-PNB-257E_Y2.jpg?v=1751372907,RK-PNB-257E_Y1.jpg
Lush Diamond Glow Earrings,9 KT / Rose Gold,9K,1.65,0.4,23215.0,50730043801888,https://cdn.shopify.com/s/files/1/0805/4777/4752/files/DER000598_R1.jpg?v=1750222991,https://cdn.shopify.com/s/files/1/0805/4777/4752/files/DER000598_R2.jpg?v=1767692863,DER000598_R1.jpg
Lush Diamond Glow Earrings,14 KT / Rose Gold,14K,1.87,0.4,30867.0,49509061230880,https://cdn.shopify.com/s/files/1/0805/4777/4752/files/DER000598_R1.jpg?v=1750222991,https://cdn.shopify.com/s/files/1/0805/4777/4752/files/DER000598_R2.jpg?v=1767692863,DER000598_R1.jpg
Lush Diamond Glow Earrings,18 KT / Rose Gold,18K,2.2,0.4,39929.0,49848249057568,https://cdn.shopify.com/s/files/1/0805/4777/4752/files/DER000598_R1.jpg?v=1750222991,https://cdn.shopify.com/s/files/1/0805/4777/4752/files/DER000598_R2.jpg?v=1767692863,DER000598_R1.jpg
The Union Diamond Earrings,9 KT / Rose Gold,9K,1.65,0.4,23215.0,50728483750176,https://cdn.shopify.com/s/files/1/0805/4777/4752/files/CZ-K-ER-7580_R1.jpg?v=1751373028,https://cdn.shopify.com/s/files/1/0805/4777/4752/files/CZ-K-ER-7580_R2.jpg?v=1751373028,CZ-K-ER-7580_R1.jpg
The Union Diamond Earrings,14 KT / Rose Gold,14K,1.87,0.4,30867.0,49872671375648,https://cdn.shopify.com/s/files/1/0805/4777/4752/files/CZ-K-ER-7580_R1.jpg?v=1751373028,https://cdn.shopify.com/s/files/1/0805/4777/4752/files/CZ-K-ER-7580_R2.jpg?v=1751373028,CZ-K-ER-7580_R1.jpg
The Union Diamond Earrings,18 KT / Rose Gold,18K,2.2,0.4,39929.0,49872671473952,https://cdn.shopify.com/s/files/1/0805/4777/4752/files/CZ-K-ER-7580_R1.jpg?v=1751373028,https://cdn.shopify.com/s/files/1/0805/4777/4752/files/CZ-K-ER-7580_R2.jpg?v=1751373028,CZ-K-ER-7580_R1.jpg
Alayna Diamond Earrings,9 KT / Yellow Gold,9K,1.65,0.4,23215.0,50728480506144,https://cdn.shopify.com/s/files/1/0805/4777/4752/files/CZ-K-ER-8654_Y1.jpg?v=1751372993,https://cdn.shopify.com/s/files/1/0805/4777/4752/files/CZ-K-ER-8654_Y2.jpg?v=1751372993,CZ-K-ER-8654_Y1.jpg
Alayna Diamond Earrings,14 KT / Yellow Gold,14K,1.87,0.4,30867.0,49872673112352,https://cdn.shopify.com/s/files/1/0805/4777/4752/files/CZ-K-ER-8654_Y1.jpg?v=1751372993,https://cdn.shopify.com/s/files/1/0805/4777/4752/files/CZ-K-ER-8654_Y2.jpg?v=1751372993,CZ-K-ER-8654_Y1.jpg
Alayna Diamond Earrings,18 KT / Yellow Gold,18K,2.2,0.4,39929.0,49872673210656,https://cdn.shopify.com/s/files/1/0805/4777/4752/files/CZ-K-ER-8654_Y1.jpg?v=1751372993,https://cdn.shopify.com/s/files/1/0805/4777/4752/files/CZ-K-ER-8654_Y2.jpg?v=1751372993,CZ-K-ER-8654_Y1.jpg
Velvet Embrace Diamond Earrings,9 KT / Rose Gold,9K,1.875,0.336,23218.0,50730131128608,https://cdn.shopify.com/s/files/1/0805/4777/4752/files/DER000602_R1.jpg?v=1750223445,https://cdn.shopify.com/s/files/1/0805/4777/4752/files/DER000602_R2.jpg?v=1750223445,DER000602_R1.jpg
Velvet Embrace Diamond Earrings,14 KT / Rose Gold,14K,2.125,0.336,31913.0,49032009744672,https://cdn.shopify.com/s/files/1/0805/4777/4752/files/DER000602_R1.jpg?v=1750223445,https://cdn.shopify.com/s/files/1/0805/4777/4752/files/DER000602_R2.jpg?v=1750223445,DER000602_R1.jpg
Velvet Embrace Diamond Earrings,18 KT / Rose Gold,18K,2.5,0.336,42212.0,49848419483936,https://cdn.shopify.com/s/files/1/0805/4777/4752/files/DER000602_R1.jpg?v=1750223445,https://cdn.shopify.com/s/files/1/0805/4777/4752/files/DER000602_R2.jpg?v=1750223445,DER000602_R1.jpg
Opulent Angle Diamond Earrings,9 KT / Yellow Gold,9K,2.0625,0.283,23230.0,50728384332064,https://cdn.shopify.com/s/files/1/0805/4777/4752/files/RK-PNB-269E_Y1.jpg?v=1751372930,https://cdn.shopify.com/s/files/1/0805/4777/4752/files/RK-PNB-269E_Y2.jpg?v=1751372930,RK-PNB-269E_Y1.jpg
Opulent Angle Diamond Earrings,14 KT / Yellow Gold,14K,2.3375,0.283,32794.0,49907332808992,https://cdn.shopify.com/s/files/1/0805/4777/4752/files/RK-PNB-269E_Y1.jpg?v=1751372930,https://cdn.shopify.com/s/files/1/0805/4777/4752/files/RK-PNB-269E_Y2.jpg?v=1751372930,RK-PNB-269E_Y1.jpg
Opulent Angle Diamond Earrings,18 KT / Yellow Gold,18K,2.75,0.283,44123.0,49907332907296,https://cdn.shopify.com/s/files/1/0805/4777/4752/files/RK-PNB-269E_Y1.jpg?v=1751372930,https://cdn.shopify.com/s/files/1/0805/4777/4752/files/RK-PNB-269E_Y2.jpg?v=1751372930,RK-PNB-269E_Y1.jpg
Spade of Sparkle Diamond Earrings,9 KT / White Gold,9K,1.875,0.301,23289.0,50728361820448,https://cdn.shopify.com/s/files/1/0805/4777/4752/files/SPER01094_W1.jpg?v=1751372770,https://cdn.shopify.com/s/files/1/0805/4777/4752/files/SPER01094_W2.jpg?v=1751372770,SPER01094_W1.jpg
Spade of Sparkle Diamond Earrings,14 KT / White Gold,14K,2.125,0.301,31984.0,50136870289696,https://cdn.shopify.com/s/files/1/0805/4777/4752/files/SPER01094_W1.jpg?v=1751372770,https://cdn.shopify.com/s/files/1/0805/4777/4752/files/SPER01094_W2.jpg?v=1751372770,SPER01094_W1.jpg
Spade of Sparkle Diamond Earrings,18 KT / White Gold,18K,2.5,0.301,42282.0,50136870388000,https://cdn.shopify.com/s/files/1/0805/4777/4752/files/SPER01094_W1.jpg?v=1751372770,https://cdn.shopify.com/s/files/1/0805/4777/4752/files/SPER01094_W2.jpg?v=1751372770,SPER01094_W1.jpg
Trinity Glow Diamond Stud Earrings,9 KT / White Gold,9K,1.275,0.51,23298.0,50728239497504,https://cdn.shopify.com/s/files/1/0805/4777/4752/files/DER001244_W1.jpg?v=1761631418,https://cdn.shopify.com/s/files/1/0805/4777/4752/files/DER001244_W2.jpg?v=1767695104,DER001244_W1.jpg
Trinity Glow Diamond Stud Earrings,14 KT / White Gold,14K,1.445,0.51,29211.0,50632476033312,https://cdn.shopify.com/s/files/1/0805/4777/4752/files/DER001244_W1.jpg?v=1761631418,https://cdn.shopify.com/s/files/1/0805/4777/4752/files/DER001244_W2.jpg?v=1767695104,DER001244_W1.jpg
Trinity Glow Diamond Stud Earrings,18 KT / White Gold,18K,1.7,0.51,36214.0,50632476131616,https://cdn.shopify.com/s/files/1/0805/4777/4752/files/DER001244_W1.jpg?v=1761631418,https://cdn.shopify.com/s/files/1/0805/4777/4752/files/DER001244_W2.jpg?v=1767695104,DER001244_W1.jpg
Linear Baugette Diamond Bali Earrings,9 KT / White Gold,9K,1.8375,0.35,23306.0,50728302477600,https://cdn.shopify.com/s/files/1/0805/4777/4752/files/DER001137_W1.jpg?v=1754287743,https://cdn.shopify.com/s/files/1/0805/4777/4752/files/DER001137_W2.jpg?v=1754287743,DER001137_W1.jpg
Linear Baugette Diamond Bali Earrings,14 KT / White Gold,14K,2.0825,0.35,31828.0,50523559821600,https://cdn.shopify.com/s/files/1/0805/4777/4752/files/DER001137_W1.jpg?v=1754287743,https://cdn.shopify.com/s/files/1/0805/4777/4752/files/DER001137_W2.jpg?v=1754287743,DER001137_W1.jpg
Linear Baugette Diamond Bali Earrings,18 KT / White Gold,18K,2.45,0.35,41920.0,50523559919904,https://cdn.shopify.com/s/files/1/0805/4777/4752/files/DER001137_W1.jpg?v=1754287743,https://cdn.shopify.com/s/files/1/0805/4777/4752/files/DER001137_W2.jpg?v=1754287743,DER001137_W1.jpg
The Teardrop Diamond Earrings,9 KT / Yellow Gold,9K,1.6875,0.36,23337.0,50728362475808,https://cdn.shopify.com/s/files/1/0805/4777/4752/files/SPER01108_Y1_2574e98d-d065-421a-8efa-e79a994d5d07.jpg?v=1753168524,https://cdn.shopify.com/s/files/1/0805/4777/4752/files/SPER01108.jpg?v=1753168524,SPER01108_Y1_2574e98d-d065-421a-8efa-e79a994d5d07.jpg
The Teardrop Diamond Earrings,14 KT / Yellow Gold,14K,1.9125,0.36,31162.0,50136867340576,https://cdn.shopify.com/s/files/1/0805/4777/4752/files/SPER01108_Y1_2574e98d-d065-421a-8efa-e79a994d5d07.jpg?v=1753168524,https://cdn.shopify.com/s/files/1/0805/4777/4752/files/SPER01108.jpg?v=1753168524,SPER01108_Y1_2574e98d-d065-421a-8efa-e79a994d5d07.jpg
The Teardrop Diamond Earrings,18 KT / Yellow Gold,18K,2.25,0.36,40431.0,50136867438880,https://cdn.shopify.com/s/files/1/0805/4777/4752/files/SPER01108_Y1_2574e98d-d065-421a-8efa-e79a994d5d07.jpg?v=1753168524,https://cdn.shopify.com/s/files/1/0805/4777/4752/files/SPER01108.jpg?v=1753168524,SPER01108_Y1_2574e98d-d065-421a-8efa-e79a994d5d07.jpg
Lite Luxe Diamond Earrings,9 KT / Yellow Gold,9K,2.175,0.256,23365.0,50728455471392,https://cdn.shopify.com/s/files/1/0805/4777/4752/files/RK-PNB-240E_Y1.jpg?v=1751372955,https://cdn.shopify.com/s/files/1/0805/4777/4752/files/RK-PNB-240E_Y2.jpg?v=1751372956,RK-PNB-240E_Y1.jpg
Lite Luxe Diamond Earrings,14 KT / Yellow Gold,14K,2.465,0.256,33451.0,49907309019424,https://cdn.shopify.com/s/files/1/0805/4777/4752/files/RK-PNB-240E_Y1.jpg?v=1751372955,https://cdn.shopify.com/s/files/1/0805/4777/4752/files/RK-PNB-240E_Y2.jpg?v=1751372956,RK-PNB-240E_Y1.jpg
Lite Luxe Diamond Earrings,18 KT / Yellow Gold,18K,2.9,0.256,45397.0,49907309117728,https://cdn.shopify.com/s/files/1/0805/4777/4752/files/RK-PNB-240E_Y1.jpg?v=1751372955,https://cdn.shopify.com/s/files/1/0805/4777/4752/files/RK-PNB-240E_Y2.jpg?v=1751372956,RK-PNB-240E_Y1.jpg
New Horizon Diamond Earrings,9 KT / Rose Gold,9K,1.575,0.428,23392.0,50728481718560,https://cdn.shopify.com/s/files/1/0805/4777/4752/files/CZ-K-ER-29016_R1.jpg?v=1751373016,https://cdn.shopify.com/s/files/1/0805/4777/4752/files/CZ-K-ER-29016_R2.jpg?v=1751373016,CZ-K-ER-29016_R1.jpg
New Horizon Diamond Earrings,14 KT / Rose Gold,14K,1.785,0.428,30696.0,49872672555296,https://cdn.shopify.com/s/files/1/0805/4777/4752/files/CZ-K-ER-29016_R1.jpg?v=1751373016,https://cdn.shopify.com/s/files/1/0805/4777/4752/files/CZ-K-ER-29016_R2.jpg?v=1751373016,CZ-K-ER-29016_R1.jpg
New Horizon Diamond Earrings,18 KT / Rose Gold,18K,2.1,0.428,39346.0,49872672653600,https://cdn.shopify.com/s/files/1/0805/4777/4752/files/CZ-K-ER-29016_R1.jpg?v=1751373016,https://cdn.shopify.com/s/files/1/0805/4777/4752/files/CZ-K-ER-29016_R2.jpg?v=1751373016,CZ-K-ER-29016_R1.jpg
Zia Diamond Earrings,9 KT / Rose Gold,9K,1.65,0.41,23482.0,50730016309536,https://cdn.shopify.com/s/files/1/0805/4777/4752/files/CZ-K-ER-15453_R1.jpg?v=1751373062,https://cdn.shopify.com/s/files/1/0805/4777/4752/files/CZ-K-ER-15453_R2.jpg?v=1751373062,CZ-K-ER-15453_R1.jpg
Zia Diamond Earrings,14 KT / Rose Gold,14K,1.87,0.41,31133.0,49872666722592,https://cdn.shopify.com/s/files/1/0805/4777/4752/files/CZ-K-ER-15453_R1.jpg?v=1751373062,https://cdn.shopify.com/s/files/1/0805/4777/4752/files/CZ-K-ER-15453_R2.jpg?v=1751373062,CZ-K-ER-15453_R1.jpg
Zia Diamond Earrings,18 KT / Rose Gold,18K,2.2,0.41,40196.0,49872666820896,https://cdn.shopify.com/s/files/1/0805/4777/4752/files/CZ-K-ER-15453_R1.jpg?v=1751373062,https://cdn.shopify.com/s/files/1/0805/4777/4752/files/CZ-K-ER-15453_R2.jpg?v=1751373062,CZ-K-ER-15453_R1.jpg
Zahira Diamond Earrings,9 KT / Yellow Gold,9K,1.194,0.542,23536.0,50728483291424,https://cdn.shopify.com/s/files/1/0805/4777/4752/files/CZ-K-ER-5959_Y1.jpg?v=1751373024,https://cdn.shopify.com/s/files/1/0805/4777/4752/files/CZ-K-ER-5959_Y2.jpg?v=1751373024,CZ-K-ER-5959_Y1.jpg
Zahira Diamond Earrings,14 KT / Yellow Gold,14K,1.3532,0.542,29073.0,49872671801632,https://cdn.shopify.com/s/files/1/0805/4777/4752/files/CZ-K-ER-5959_Y1.jpg?v=1751373024,https://cdn.shopify.com/s/files/1/0805/4777/4752/files/CZ-K-ER-5959_Y2.jpg?v=1751373024,CZ-K-ER-5959_Y1.jpg
Zahira Diamond Earrings,18 KT / Yellow Gold,18K,1.59,0.542,35607.0,49872671899936,https://cdn.shopify.com/s/files/1/0805/4777/4752/files/CZ-K-ER-5959_Y1.jpg?v=1751373024,https://cdn.shopify.com/s/files/1/0805/4777/4752/files/CZ-K-ER-5959_Y2.jpg?v=1751373024,CZ-K-ER-5959_Y1.jpg
Sleek and Sweet Diamond Earrings,9 KT / Yellow Gold,9K,1.725,0.362,23695.0,50728376303904,https://cdn.shopify.com/s/files/1/0805/4777/4752/files/DER000961_Y1_1f84f81b-e408-4287-b20b-10b19dd1a2a4.jpg?v=1760012264,https://cdn.shopify.com/s/files/1/0805/4777/4752/files/DER000961_Y2_a4d09bce-a116-44d0-9dd8-6d058287d452.jpg?v=1763633118,DER000961_Y1_1f84f81b-e408-4287-b20b-10b19dd1a2a4.jpg
Sleek and Sweet Diamond Earrings,14 KT / Yellow Gold,14K,1.955,0.362,31695.0,50136736923936,https://cdn.shopify.com/s/files/1/0805/4777/4752/files/DER000961_Y1_1f84f81b-e408-4287-b20b-10b19dd1a2a4.jpg?v=1760012264,https://cdn.shopify.com/s/files/1/0805/4777/4752/files/DER000961_Y2_a4d09bce-a116-44d0-9dd8-6d058287d452.jpg?v=1763633118,DER000961_Y1_1f84f81b-e408-4287-b20b-10b19dd1a2a4.jpg
Sleek and Sweet Diamond Earrings,18 KT / Yellow Gold,18K,2.3,0.362,41170.0,50136737022240,https://cdn.shopify.com/s/files/1/0805/4777/4752/files/DER000961_Y1_1f84f81b-e408-4287-b20b-10b19dd1a2a4.jpg?v=1760012264,https://cdn.shopify.com/s/files/1/0805/4777/4752/files/DER000961_Y2_a4d09bce-a116-44d0-9dd8-6d058287d452.jpg?v=1763633118,DER000961_Y1_1f84f81b-e408-4287-b20b-10b19dd1a2a4.jpg
Lena Diamond Earrings,9 KT / Rose Gold,9K,1.65,0.42,23748.0,50728481947936,https://cdn.shopify.com/s/files/1/0805/4777/4752/files/CZ-K-ER-11474_R1_6c41236b-3cca-4b8a-8853-63ae014cd1fd.jpg?v=1751373018,https://cdn.shopify.com/s/files/1/0805/4777/4752/files/CZ-K-ER-11474_R2.jpg?v=1751373018,CZ-K-ER-11474_R1_6c41236b-3cca-4b8a-8853-63ae014cd1fd.jpg
Lena Diamond Earrings,14 KT / Rose Gold,14K,1.87,0.42,31400.0,49872672358688,https://cdn.shopify.com/s/files/1/0805/4777/4752/files/CZ-K-ER-11474_R1_6c41236b-3cca-4b8a-8853-63ae014cd1fd.jpg?v=1751373018,https://cdn.shopify.com/s/files/1/0805/4777/4752/files/CZ-K-ER-11474_R2.jpg?v=1751373018,CZ-K-ER-11474_R1_6c41236b-3cca-4b8a-8853-63ae014cd1fd.jpg
Lena Diamond Earrings,18 KT / Rose Gold,18K,2.2,0.42,40463.0,49872672456992,https://cdn.shopify.com/s/files/1/0805/4777/4752/files/CZ-K-ER-11474_R1_6c41236b-3cca-4b8a-8853-63ae014cd1fd.jpg?v=1751373018,https://cdn.shopify.com/s/files/1/0805/4777/4752/files/CZ-K-ER-11474_R2.jpg?v=1751373018,CZ-K-ER-11474_R1_6c41236b-3cca-4b8a-8853-63ae014cd1fd.jpg
Ripple Light Diamond Stud Earrings,9 KT / Yellow Gold,9K,2.475,0.19,23885.0,50728292286752,https://cdn.shopify.com/s/files/1/0805/4777/4752/files/DER001127_Y1.jpg?v=1754119025,https://cdn.shopify.com/s/files/1/0805/4777/4752/files/DER001127_Y2.jpg?v=1754119313,DER001127_Y1.jpg
Ripple Light Diamond Stud Earrings,14 KT / Yellow Gold,14K,2.805,0.19,35362.0,50523572764960,https://cdn.shopify.com/s/files/1/0805/4777/4752/files/DER001127_Y1.jpg?v=1754119025,https://cdn.shopify.com/s/files/1/0805/4777/4752/files/DER001127_Y2.jpg?v=1754119313,DER001127_Y1.jpg
Ripple Light Diamond Stud Earrings,18 KT / Yellow Gold,18K,3.3,0.19,48957.0,50523572863264,https://cdn.shopify.com/s/files/1/0805/4777/4752/files/DER001127_Y1.jpg?v=1754119025,https://cdn.shopify.com/s/files/1/0805/4777/4752/files/DER001127_Y2.jpg?v=1754119313,DER001127_Y1.jpg
Sapphire Mirage Diamond Earrings,9 KT / Rose Gold,9K,1.8375,0.372,23893.0,50730040295712,https://cdn.shopify.com/s/files/1/0805/4777/4752/files/SER001061_R3.jpg?v=1750222966,https://cdn.shopify.com/s/files/1/0805/4777/4752/files/SER001061_R1.jpg?v=1750222966,SER001061_R3.jpg
Sapphire Mirage Diamond Earrings,14 KT / Rose Gold,14K,2.0825,0.372,32415.0,49509062902048,https://cdn.shopify.com/s/files/1/0805/4777/4752/files/SER001061_R1.jpg?v=1750222966,https://cdn.shopify.com/s/files/1/0805/4777/4752/files/SER001061_R2.jpg?v=1750222966,SER001061_R1.jpg
Sapphire Mirage Diamond Earrings,18 KT / Rose Gold,18K,2.45,0.372,42507.0,49848406212896,https://cdn.shopify.com/s/files/1/0805/4777/4752/files/SER001061_R1.jpg?v=1750222966,https://cdn.shopify.com/s/files/1/0805/4777/4752/files/SER001061_R2.jpg?v=1750222966,SER001061_R1.jpg
All Day Pear Shine Diamond Earrings,9 KT / Yellow Gold,9K,2.31,0.24,23964.0,50728263942432,https://cdn.shopify.com/s/files/1/0805/4777/4752/files/NJ-CNT0084_Y1.jpg?v=1756105158,https://cdn.shopify.com/s/files/1/0805/4777/4752/files/NJ-CNT0084_Y2.jpg?v=1767696579,NJ-CNT0084_Y1.jpg
All Day Pear Shine Diamond Earrings,14 KT / Yellow Gold,14K,2.618,0.24,34677.0,50617328664864,https://cdn.shopify.com/s/files/1/0805/4777/4752/files/NJ-CNT0084_Y1.jpg?v=1756105158,https://cdn.shopify.com/s/files/1/0805/4777/4752/files/NJ-CNT0084_Y2.jpg?v=1767696579,NJ-CNT0084_Y1.jpg
All Day Pear Shine Diamond Earrings,18 KT / Yellow Gold,18K,3.08,0.24,47365.0,50617328763168,https://cdn.shopify.com/s/files/1/0805/4777/4752/files/NJ-CNT0084_Y1.jpg?v=1756105158,https://cdn.shopify.com/s/files/1/0805/4777/4752/files/NJ-CNT0084_Y2.jpg?v=1767696579,NJ-CNT0084_Y1.jpg
Celestial Blue Diamond Dangler Earrings,9 KT / Rose Gold,9K,1.899,0.32,23991.0,50728374403360,https://cdn.shopify.com/s/files/1/0805/4777/4752/files/DER000944_R1.jpg?v=1759840287,https://cdn.shopify.com/s/files/1/0805/4777/4752/files/DER000944_R2.jpg?v=1759840287,DER000944_R1.jpg
Celestial Blue Diamond Dangler Earrings,14 KT / Rose Gold,14K,2.1522,0.32,32797.0,50136740462880,https://cdn.shopify.com/s/files/1/0805/4777/4752/files/DER000944_R1.jpg?v=1759840287,https://cdn.shopify.com/s/files/1/0805/4777/4752/files/DER000944_R2.jpg?v=1759840287,DER000944_R1.jpg
Celestial Blue Diamond Dangler Earrings,18 KT / Rose Gold,18K,2.53,0.32,43203.0,50136740561184,https://cdn.shopify.com/s/files/1/0805/4777/4752/files/DER000944_R1.jpg?v=1759840287,https://cdn.shopify.com/s/files/1/0805/4777/4752/files/DER000944_R2.jpg?v=1759840287,DER000944_R1.jpg
Cosmic Shine Diamond Earrings,9 KT / Rose Gold,9K,1.5,0.472,23995.0,50728482898208,https://cdn.shopify.com/s/files/1/0805/4777/4752/files/CZ-K-ER-11415_R1.jpg?v=1751373022,https://cdn.shopify.com/s/files/1/0805/4777/4752/files/CZ-K-ER-11415_R2.jpg?v=1763629351,CZ-K-ER-11415_R1.jpg
Cosmic Shine Diamond Earrings,14 KT / Rose Gold,14K,1.7,0.472,30951.0,49872671965472,https://cdn.shopify.com/s/files/1/0805/4777/4752/files/CZ-K-ER-11415_R1.jpg?v=1751373022,https://cdn.shopify.com/s/files/1/0805/4777/4752/files/CZ-K-ER-11415_R2.jpg?v=1763629351,CZ-K-ER-11415_R1.jpg
Cosmic Shine Diamond Earrings,18 KT / Rose Gold,18K,2.0,0.472,39190.0,49872672063776,https://cdn.shopify.com/s/files/1/0805/4777/4752/files/CZ-K-ER-11415_R1.jpg?v=1751373022,https://cdn.shopify.com/s/files/1/0805/4777/4752/files/CZ-K-ER-11415_R2.jpg?v=1763629351,CZ-K-ER-11415_R1.jpg
Shimmering Opal Diamond Earrings,9 KT / Yellow Gold,9K,2.25,0.26,24041.0,50730024927520,https://cdn.shopify.com/s/files/1/0805/4777/4752/files/SER001066_Y1.jpg?v=1750222899,https://cdn.shopify.com/s/files/1/0805/4777/4752/files/SER001066_Y2.jpg?v=1750222899,SER001066_Y1.jpg
Shimmering Opal Diamond Earrings,14 KT / Yellow Gold,14K,2.55,0.26,34476.0,49509067882784,https://cdn.shopify.com/s/files/1/0805/4777/4752/files/SER001066_Y1.jpg?v=1750222899,https://cdn.shopify.com/s/files/1/0805/4777/4752/files/SER001066_Y2.jpg?v=1750222899,SER001066_Y1.jpg
Shimmering Opal Diamond Earrings,18 KT / Yellow Gold,18K,3.0,0.26,46834.0,49848411816224,https://cdn.shopify.com/s/files/1/0805/4777/4752/files/SER001066_Y1.jpg?v=1750222899,https://cdn.shopify.com/s/files/1/0805/4777/4752/files/SER001066_Y2.jpg?v=1750222899,SER001066_Y1.jpg
Ethereal Aura Diamond Earrings,9 KT / Yellow Gold,9K,1.875,0.37,24125.0,50730630676768,https://cdn.shopify.com/s/files/1/0805/4777/4752/files/DER000448_Y1.jpg?v=1751375651,https://cdn.shopify.com/s/files/1/0805/4777/4752/files/DER000448_Y2.jpg?v=1767692263,DER000448_Y1.jpg
Ethereal Aura Diamond Earrings,14 KT / Yellow Gold,14K,2.125,0.37,32820.0,47436118851872,https://cdn.shopify.com/s/files/1/0805/4777/4752/files/DER000448_Y1.jpg?v=1751375651,https://cdn.shopify.com/s/files/1/0805/4777/4752/files/DER000448_Y2.jpg?v=1767692263,DER000448_Y1.jpg
Ethereal Aura Diamond Earrings,18 KT / Yellow Gold,18K,2.5,0.37,43119.0,49846574219552,https://cdn.shopify.com/s/files/1/0805/4777/4752/files/DER000448_Y1.jpg?v=1751375651,https://cdn.shopify.com/s/files/1/0805/4777/4752/files/DER000448_Y2.jpg?v=1767692263,DER000448_Y1.jpg
50 Cents Princess Diamond Men's Ear Stud,9 KT / Yellow Gold,9K,0.9,0.5,24144.0,51003218264352,https://cdn.shopify.com/s/files/1/0805/4777/4752/files/KI-ERG00013-050_Y1.jpg?v=1764770855,https://cdn.shopify.com/s/files/1/0805/4777/4752/files/Modelphotoin1080x1080-09_a8ec7d58-c9af-48c4-adf9-eac1f4efd445.jpg?v=1764825444,KI-ERG00013-050_Y1.jpg
50 Cents Princess Diamond Men's Ear Stud,14 KT / Yellow Gold,14K,1.02,0.5,28318.0,51003218362656,https://cdn.shopify.com/s/files/1/0805/4777/4752/files/KI-ERG00013-050_Y1.jpg?v=1764770855,https://cdn.shopify.com/s/files/1/0805/4777/4752/files/Modelphotoin1080x1080-09_a8ec7d58-c9af-48c4-adf9-eac1f4efd445.jpg?v=1764825444,KI-ERG00013-050_Y1.jpg
50 Cents Princess Diamond Men's Ear Stud,18 KT / Yellow Gold,18K,1.2,0.5,33261.0,51003218460960,https://cdn.shopify.com/s/files/1/0805/4777/4752/files/KI-ERG00013-050_Y1.jpg?v=1764770855,https://cdn.shopify.com/s/files/1/0805/4777/4752/files/Modelphotoin1080x1080-09_a8ec7d58-c9af-48c4-adf9-eac1f4efd445.jpg?v=1764825444,KI-ERG00013-050_Y1.jpg
Luxe Petals Diamond Earrings,9 KT / Yellow Gold,9K,1.425,0.5,24172.0,50728490467616,https://cdn.shopify.com/s/files/1/0805/4777/4752/files/CZ-K-ER-7526_Y1.jpg?v=1751373034,https://cdn.shopify.com/s/files/1/0805/4777/4752/files/CZ-K-ER-7526_Y2.jpg?v=1751373034,CZ-K-ER-7526_Y1.jpg
Luxe Petals Diamond Earrings,14 KT / Yellow Gold,14K,1.615,0.5,30780.0,49872670720288,https://cdn.shopify.com/s/files/1/0805/4777/4752/files/CZ-K-ER-7526_Y1.jpg?v=1751373034,https://cdn.shopify.com/s/files/1/0805/4777/4752/files/CZ-K-ER-7526_Y2.jpg?v=1751373034,CZ-K-ER-7526_Y1.jpg
Luxe Petals Diamond Earrings,18 KT / Yellow Gold,18K,1.9,0.5,38607.0,49872670818592,https://cdn.shopify.com/s/files/1/0805/4777/4752/files/CZ-K-ER-7526_Y1.jpg?v=1751373034,https://cdn.shopify.com/s/files/1/0805/4777/4752/files/CZ-K-ER-7526_Y2.jpg?v=1751373034,CZ-K-ER-7526_Y1.jpg
Serene Diamond Earrings,9 KT / Rose Gold,9K,1.8375,0.342,24180.0,50728373944608,https://cdn.shopify.com/s/files/1/0805/4777/4752/files/DER000953_R1.jpg?v=1759921290,https://cdn.shopify.com/s/files/1/0805/4777/4752/files/DER000953_R2.jpg?v=1763633107,DER000953_R1.jpg
Serene Diamond Earrings,14 KT / Rose Gold,14K,2.0825,0.342,32701.0,50136741216544,https://cdn.shopify.com/s/files/1/0805/4777/4752/files/DER000953_R1.jpg?v=1759921290,https://cdn.shopify.com/s/files/1/0805/4777/4752/files/DER000953_R2.jpg?v=1763633107,DER000953_R1.jpg
Serene Diamond Earrings,18 KT / Rose Gold,18K,2.45,0.342,42794.0,50136741314848,https://cdn.shopify.com/s/files/1/0805/4777/4752/files/DER000953_R1.jpg?v=1759921290,https://cdn.shopify.com/s/files/1/0805/4777/4752/files/DER000953_R2.jpg?v=1763633107,DER000953_R1.jpg
Lace Wing Diamond Earrings,9 KT / White Gold,9K,1.95,0.312,24192.0,50728361394464,https://cdn.shopify.com/s/files/1/0805/4777/4752/files/SPER01113_W1.jpg?v=1751372764,https://cdn.shopify.com/s/files/1/0805/4777/4752/files/SPER01113_W2.jpg?v=1751372764,SPER01113_W1.jpg
Lace Wing Diamond Earrings,14 KT / White Gold,14K,2.21,0.312,33235.0,50136874254624,https://cdn.shopify.com/s/files/1/0805/4777/4752/files/SPER01113_W1.jpg?v=1751372764,https://cdn.shopify.com/s/files/1/0805/4777/4752/files/SPER01113_W2.jpg?v=1751372764,SPER01113_W1.jpg
Lace Wing Diamond Earrings,18 KT / White Gold,18K,2.6,0.312,43946.0,50136874352928,https://cdn.shopify.com/s/files/1/0805/4777/4752/files/SPER01113_W1.jpg?v=1751372764,https://cdn.shopify.com/s/files/1/0805/4777/4752/files/SPER01113_W2.jpg?v=1751372764,SPER01113_W1.jpg
Pear of Hearts Diamond Stud Earrings,9 KT / Yellow Gold,9K,1.48512,0.5,24231.0,51063837720864,https://cdn.shopify.com/s/files/1/0805/4777/4752/files/KI-ER00405-PE-025_Y1.jpg?v=1766488595,https://cdn.shopify.com/s/files/1/0805/4777/4752/files/KI-ER00405-PE-025_Y2.jpg?v=1766488752,KI-ER00405-PE-025_Y1.jpg
Pear of Hearts Diamond Stud Earrings,14 KT / Yellow Gold,14K,1.63,0.5,30616.0,51063837819168,https://cdn.shopify.com/s/files/1/0805/4777/4752/files/KI-ER00405-PE-025_Y1.jpg?v=1766488595,https://cdn.shopify.com/s/files/1/0805/4777/4752/files/KI-ER00405-PE-025_Y2.jpg?v=1766488752,KI-ER00405-PE-025_Y1.jpg
Pear of Hearts Diamond Stud Earrings,18 KT / Yellow Gold,18K,1.9584,0.5,39011.0,51063837917472,https://cdn.shopify.com/s/files/1/0805/4777/4752/files/KI-ER00405-PE-025_Y1.jpg?v=1766488595,https://cdn.shopify.com/s/files/1/0805/4777/4752/files/KI-ER00405-PE-025_Y2.jpg?v=1766488752,KI-ER00405-PE-025_Y1.jpg
Window Gem Diamond Earrings,9 KT / White Gold,9K,1.875,0.338,24276.0,50728361722144,https://cdn.shopify.com/s/files/1/0805/4777/4752/files/SPER01110_W1.jpg?v=1751372768,https://cdn.shopify.com/s/files/1/0805/4777/4752/files/SPER01110_W2.jpg?v=1751372768,SPER01110_W1.jpg
Window Gem Diamond Earrings,14 KT / White Gold,14K,2.125,0.338,32971.0,50136870650144,https://cdn.shopify.com/s/files/1/0805/4777/4752/files/SPER01110_W1.jpg?v=1751372768,https://cdn.shopify.com/s/files/1/0805/4777/4752/files/SPER01110_W2.jpg?v=1751372768,SPER01110_W1.jpg
Window Gem Diamond Earrings,18 KT / White Gold,18K,2.5,0.338,43269.0,50136870748448,https://cdn.shopify.com/s/files/1/0805/4777/4752/files/SPER01110_W1.jpg?v=1751372768,https://cdn.shopify.com/s/files/1/0805/4777/4752/files/SPER01110_W2.jpg?v=1751372768,SPER01110_W1.jpg
Eve Diamond Earrings,9 KT / Yellow Gold,9K,1.875,0.376,24285.0,50728480112928,https://cdn.shopify.com/s/files/1/0805/4777/4752/files/RBT-32_Y1.jpg?v=1751372986,https://cdn.shopify.com/s/files/1/0805/4777/4752/files/RBT-32_Y2_a8e1d79a-bea6-45c9-9b73-ea232d2bb47d.jpg?v=1751372986,RBT-32_Y1.jpg
Eve Diamond Earrings,14 KT / Yellow Gold,14K,2.125,0.376,32980.0,49907252363552,https://cdn.shopify.com/s/files/1/0805/4777/4752/files/RBT-32_Y1.jpg?v=1751372986,https://cdn.shopify.com/s/files/1/0805/4777/4752/files/RBT-32_Y2_a8e1d79a-bea6-45c9-9b73-ea232d2bb47d.jpg?v=1751372986,RBT-32_Y1.jpg
Eve Diamond Earrings,18 KT / Yellow Gold,18K,2.5,0.376,43279.0,49907252461856,https://cdn.shopify.com/s/files/1/0805/4777/4752/files/RBT-32_Y1.jpg?v=1751372986,https://cdn.shopify.com/s/files/1/0805/4777/4752/files/RBT-32_Y2_a8e1d79a-bea6-45c9-9b73-ea232d2bb47d.jpg?v=1751372986,RBT-32_Y1.jpg
Nestle Jewels Diamond Earrings,9 KT / Yellow Gold,9K,1.7625,0.374,24320.0,50728375976224,https://cdn.shopify.com/s/files/1/0805/4777/4752/files/DER000956_Y1.jpg?v=1760012254,https://cdn.shopify.com/s/files/1/0805/4777/4752/files/DER000956_Y2.jpg?v=1763633111,DER000956_Y1.jpg
Nestle Jewels Diamond Earrings,14 KT / Yellow Gold,14K,1.9975,0.374,32494.0,50136738136352,https://cdn.shopify.com/s/files/1/0805/4777/4752/files/DER000956_Y1.jpg?v=1760012254,https://cdn.shopify.com/s/files/1/0805/4777/4752/files/DER000956_Y2.jpg?v=1763633111,DER000956_Y1.jpg
Nestle Jewels Diamond Earrings,18 KT / Yellow Gold,18K,2.35,0.374,42175.0,50136738234656,https://cdn.shopify.com/s/files/1/0805/4777/4752/files/DER000956_Y1.jpg?v=1760012254,https://cdn.shopify.com/s/files/1/0805/4777/4752/files/DER000956_Y2.jpg?v=1763633111,DER000956_Y1.jpg
Cushion Curve Diamond Earrings,9 KT / Yellow Gold,9K,2.0625,0.29,24521.0,50728360804640,https://cdn.shopify.com/s/files/1/0805/4777/4752/files/SPER01089_Y1.jpg?v=1751372752,https://cdn.shopify.com/s/files/1/0805/4777/4752/files/SPER01089_Y2.jpg?v=1751372752,SPER01089_Y1.jpg
Cushion Curve Diamond Earrings,14 KT / Yellow Gold,14K,2.3375,0.29,34086.0,50136876482848,https://cdn.shopify.com/s/files/1/0805/4777/4752/files/SPER01089_Y1.jpg?v=1751372752,https://cdn.shopify.com/s/files/1/0805/4777/4752/files/SPER01089_Y2.jpg?v=1751372752,SPER01089_Y1.jpg
Cushion Curve Diamond Earrings,18 KT / Yellow Gold,18K,2.75,0.29,45414.0,50136876581152,https://cdn.shopify.com/s/files/1/0805/4777/4752/files/SPER01089_Y1.jpg?v=1751372752,https://cdn.shopify.com/s/files/1/0805/4777/4752/files/SPER01089_Y2.jpg?v=1751372752,SPER01089_Y1.jpg
Dora Diamond Earrings,9 KT / Rose Gold,9K,2.2575,0.28,24632.0,50728377909536,https://cdn.shopify.com/s/files/1/0805/4777/4752/files/RK-PNB-292E_R1.jpg?v=1750167586,https://cdn.shopify.com/s/files/1/0805/4777/4752/files/RK-PNB-292E_R2.jpg?v=1763635072,RK-PNB-292E_R1.jpg
Dora Diamond Earrings,14 KT / Rose Gold,14K,2.5585,0.28,35101.0,49907333497120,https://cdn.shopify.com/s/files/1/0805/4777/4752/files/RK-PNB-292E_R1.jpg?v=1750167586,https://cdn.shopify.com/s/files/1/0805/4777/4752/files/RK-PNB-292E_R2.jpg?v=1763635072,RK-PNB-292E_R1.jpg
Dora Diamond Earrings,18 KT / Rose Gold,18K,3.01,0.28,47501.0,49907333595424,https://cdn.shopify.com/s/files/1/0805/4777/4752/files/RK-PNB-292E_R1.jpg?v=1750167586,https://cdn.shopify.com/s/files/1/0805/4777/4752/files/RK-PNB-292E_R2.jpg?v=1763635072,RK-PNB-292E_R1.jpg
Crystal Breeze Diamond Earrings,9 KT / Rose Gold,9K,1.8375,0.402,24694.0,50730040099104,https://cdn.shopify.com/s/files/1/0805/4777/4752/files/SER001047_R1.jpg?v=1750222961,https://cdn.shopify.com/s/files/1/0805/4777/4752/files/SER001047_R2.jpg?v=1750222961,SER001047_R1.jpg
Crystal Breeze Diamond Earrings,14 KT / Rose Gold,14K,2.0825,0.402,33215.0,49509063557408,https://cdn.shopify.com/s/files/1/0805/4777/4752/files/SER001047_R1.jpg?v=1750222961,https://cdn.shopify.com/s/files/1/0805/4777/4752/files/SER001047_R2.jpg?v=1750222961,SER001047_R1.jpg
Crystal Breeze Diamond Earrings,18 KT / Rose Gold,18K,2.45,0.402,43308.0,49846251290912,https://cdn.shopify.com/s/files/1/0805/4777/4752/files/SER001047_R1.jpg?v=1750222961,https://cdn.shopify.com/s/files/1/0805/4777/4752/files/SER001047_R2.jpg?v=1750222961,SER001047_R1.jpg
Trickle Luxe Diamond Earrings,9 KT / Yellow Gold,9K,1.8,0.38,24786.0,50728375648544,https://cdn.shopify.com/s/files/1/0805/4777/4752/files/DER000955_Y1.jpg?v=1756378211,https://cdn.shopify.com/s/files/1/0805/4777/4752/files/DER000955_Y2.jpg?v=1756378667,DER000955_Y1.jpg
Trickle Luxe Diamond Earrings,14 KT / Yellow Gold,14K,2.04,0.38,33133.0,50136738890016,https://cdn.shopify.com/s/files/1/0805/4777/4752/files/DER000955_Y1.jpg?v=1756378211,https://cdn.shopify.com/s/files/1/0805/4777/4752/files/DER000955_Y2.jpg?v=1756378667,DER000955_Y1.jpg
Trickle Luxe Diamond Earrings,18 KT / Yellow Gold,18K,2.4,0.38,43020.0,50136738988320,https://cdn.shopify.com/s/files/1/0805/4777/4752/files/DER000955_Y1.jpg?v=1756378211,https://cdn.shopify.com/s/files/1/0805/4777/4752/files/DER000955_Y2.jpg?v=1756378667,DER000955_Y1.jpg
Adele Diamond Earrings,9 KT / Rose Gold,9K,2.175,0.312,24859.0,50728380268832,https://cdn.shopify.com/s/files/1/0805/4777/4752/files/RK-RBT-28_R1.jpg?v=1751372929,https://cdn.shopify.com/s/files/1/0805/4777/4752/files/RK-RBT-28_R2.jpg?v=1751372929,RK-RBT-28_R1.jpg
Adele Diamond Earrings,14 KT / Rose Gold,14K,2.465,0.312,34945.0,49907333005600,https://cdn.shopify.com/s/files/1/0805/4777/4752/files/RK-RBT-28_R1.jpg?v=1751372929,https://cdn.shopify.com/s/files/1/0805/4777/4752/files/RK-RBT-28_R2.jpg?v=1751372929,RK-RBT-28_R1.jpg
Adele Diamond Earrings,18 KT / Rose Gold,18K,2.9,0.312,46891.0,49907333103904,https://cdn.shopify.com/s/files/1/0805/4777/4752/files/RK-RBT-28_R1.jpg?v=1751372929,https://cdn.shopify.com/s/files/1/0805/4777/4752/files/RK-RBT-28_R2.jpg?v=1751372929,RK-RBT-28_R1.jpg
Eternal Elegance Diamond Dangler,9 KT / Rose Gold,9K,1.8,0.42,24889.0,50730630349088,https://cdn.shopify.com/s/files/1/0805/4777/4752/files/DER000449_R1.jpg?v=1751375629,https://cdn.shopify.com/s/files/1/0805/4777/4752/files/DER000449_R2.jpg?v=1751375629,DER000449_R1.jpg
Eternal Elegance Diamond Dangler,14 KT / Rose Gold,14K,2.04,0.42,33236.0,47436123242784,https://cdn.shopify.com/s/files/1/0805/4777/4752/files/DER000449_R1.jpg?v=1751375629,https://cdn.shopify.com/s/files/1/0805/4777/4752/files/DER000449_R2.jpg?v=1751375629,DER000449_R1.jpg
Eternal Elegance Diamond Dangler,18 KT / Rose Gold,18K,2.4,0.42,43123.0,49846569730336,https://cdn.shopify.com/s/files/1/0805/4777/4752/files/DER000449_R1.jpg?v=1751375629,https://cdn.shopify.com/s/files/1/0805/4777/4752/files/DER000449_R2.jpg?v=1751375629,DER000449_R1.jpg
Gleaming Ripples Diamond Earrings,9 KT / Yellow Gold,9K,1.95,0.379,24935.0,50728437383456,https://cdn.shopify.com/s/files/1/0805/4777/4752/files/RK-RBT-63_Y1.jpg?v=1751372950,https://cdn.shopify.com/s/files/1/0805/4777/4752/files/RK-RBT-63_Y2.jpg?v=1751372950,RK-RBT-63_Y1.jpg
Gleaming Ripples Diamond Earrings,14 KT / Yellow Gold,14K,2.21,0.379,33978.0,49907317342496,https://cdn.shopify.com/s/files/1/0805/4777/4752/files/RK-RBT-63_Y1.jpg?v=1751372950,https://cdn.shopify.com/s/files/1/0805/4777/4752/files/RK-RBT-63_Y2.jpg?v=1751372950,RK-RBT-63_Y1.jpg
Gleaming Ripples Diamond Earrings,18 KT / Yellow Gold,18K,2.6,0.379,44689.0,49907317440800,https://cdn.shopify.com/s/files/1/0805/4777/4752/files/RK-RBT-63_Y1.jpg?v=1751372950,https://cdn.shopify.com/s/files/1/0805/4777/4752/files/RK-RBT-63_Y2.jpg?v=1751372950,RK-RBT-63_Y1.jpg
Crystal Aura Diamond Earrings,9 KT / Rose Gold,9K,2.25,0.297,25029.0,50730025025824,https://cdn.shopify.com/s/files/1/0805/4777/4752/files/SER001052_R1.jpg?v=1750222901,https://cdn.shopify.com/s/files/1/0805/4777/4752/files/SER001052_R2.jpg?v=1750222901,SER001052_R1.jpg
Crystal Aura Diamond Earrings,14 KT / Rose Gold,14K,2.55,0.297,35463.0,49509067456800,https://cdn.shopify.com/s/files/1/0805/4777/4752/files/SER001052_R1.jpg?v=1750222901,https://cdn.shopify.com/s/files/1/0805/4777/4752/files/SER001052_R2.jpg?v=1750222901,SER001052_R1.jpg
Crystal Aura Diamond Earrings,18 KT / Rose Gold,18K,3.0,0.297,47821.0,49846244868384,https://cdn.shopify.com/s/files/1/0805/4777/4752/files/SER001052_R1.jpg?v=1750222901,https://cdn.shopify.com/s/files/1/0805/4777/4752/files/SER001052_R2.jpg?v=1750222901,SER001052_R1.jpg
Starla Diamond Earrings,9 KT / Yellow Gold,9K,1.875,0.406,25085.0,50728472445216,https://cdn.shopify.com/s/files/1/0805/4777/4752/files/RK-RBT-19_Y1.jpg?v=1751372977,https://cdn.shopify.com/s/files/1/0805/4777/4752/files/RK-RBT-19_Y2.jpg?v=1751372977,RK-RBT-19_Y1.jpg
Starla Diamond Earrings,14 KT / Yellow Gold,14K,2.125,0.406,33781.0,49907270680864,https://cdn.shopify.com/s/files/1/0805/4777/4752/files/RK-RBT-19_Y1.jpg?v=1751372977,https://cdn.shopify.com/s/files/1/0805/4777/4752/files/RK-RBT-19_Y2.jpg?v=1751372977,RK-RBT-19_Y1.jpg
Starla Diamond Earrings,18 KT / Yellow Gold,18K,2.5,0.406,44079.0,49907270779168,https://cdn.shopify.com/s/files/1/0805/4777/4752/files/RK-RBT-19_Y1.jpg?v=1751372977,https://cdn.shopify.com/s/files/1/0805/4777/4752/files/RK-RBT-19_Y2.jpg?v=1751372977,RK-RBT-19_Y1.jpg
Soft Glam Round Diamond Stud Earrings,9 KT / Yellow Gold,9K,0.98098,0.66,25094.0,51045542592800,https://cdn.shopify.com/s/files/1/0805/4777/4752/files/KI-ER00119-030_Y1.jpg?v=1766126273,https://cdn.shopify.com/s/files/1/0805/4777/4752/files/KI-ER00119-030_Y2.jpg?v=1766126475,KI-ER00119-030_Y1.jpg
Soft Glam Round Diamond Stud Earrings,14 KT / Yellow Gold,14K,1.08,0.66,29342.0,51045542691104,https://cdn.shopify.com/s/files/1/0805/4777/4752/files/KI-ER00119-030_Y1.jpg?v=1766126273,https://cdn.shopify.com/s/files/1/0805/4777/4752/files/KI-ER00119-030_Y2.jpg?v=1766126475,KI-ER00119-030_Y1.jpg
Soft Glam Round Diamond Stud Earrings,18 KT / Yellow Gold,18K,1.2936,0.66,34856.0,51045542789408,https://cdn.shopify.com/s/files/1/0805/4777/4752/files/KI-ER00119-030_Y1.jpg?v=1766126273,https://cdn.shopify.com/s/files/1/0805/4777/4752/files/KI-ER00119-030_Y2.jpg?v=1766126475,KI-ER00119-030_Y1.jpg
Gold Marvels Diamond Earrings,9 KT / Rose Gold,9K,2.002,0.36,25171.0,50728376402208,https://cdn.shopify.com/s/files/1/0805/4777/4752/files/DER000948_R1.jpg?v=1759471962,https://cdn.shopify.com/s/files/1/0805/4777/4752/files/DER000948_R2.jpg?v=1759471962,DER000948_R1.jpg
Gold Marvels Diamond Earrings,14 KT / Rose Gold,14K,2.2,0.36,33803.0,50136736629024,https://cdn.shopify.com/s/files/1/0805/4777/4752/files/DER000948_R1.jpg?v=1759471962,https://cdn.shopify.com/s/files/1/0805/4777/4752/files/DER000948_R2.jpg?v=1759471962,DER000948_R1.jpg
Gold Marvels Diamond Earrings,18 KT / Rose Gold,18K,2.64,0.36,45095.0,50136736727328,https://cdn.shopify.com/s/files/1/0805/4777/4752/files/DER000948_R1.jpg?v=1759471962,https://cdn.shopify.com/s/files/1/0805/4777/4752/files/DER000948_R2.jpg?v=1759471962,DER000948_R1.jpg
Enchanted Glow Diamond Earrings,9 KT / White Gold,9K,2.025,0.368,25212.0,50730631659808,https://cdn.shopify.com/s/files/1/0805/4777/4752/files/DER000450_W1.jpg?v=1753962745,https://cdn.shopify.com/s/files/1/0805/4777/4752/files/DER000450_W2.jpg?v=1767692314,DER000450_W1.jpg
Enchanted Glow Diamond Earrings,14 KT / White Gold,14K,2.295,0.368,34603.0,49035987419424,https://cdn.shopify.com/s/files/1/0805/4777/4752/files/DER000450_W1.jpg?v=1753962745,https://cdn.shopify.com/s/files/1/0805/4777/4752/files/DER000450_W2.jpg?v=1767692314,DER000450_W1.jpg
Enchanted Glow Diamond Earrings,18 KT / White Gold,18K,2.7,0.368,45725.0,49846546235680,https://cdn.shopify.com/s/files/1/0805/4777/4752/files/DER000450_W1.jpg?v=1753962745,https://cdn.shopify.com/s/files/1/0805/4777/4752/files/DER000450_W2.jpg?v=1767692314,DER000450_W1.jpg
Ribbon Fashion Diamond Hoop Earrings,9 KT / Yellow Gold,9K,2.475,0.242,25272.0,50728346157344,https://cdn.shopify.com/s/files/1/0805/4777/4752/files/DER001018_Y1.jpg?v=1750415160,https://cdn.shopify.com/s/files/1/0805/4777/4752/files/DER001018_Y2.jpg?v=1750415266,DER001018_Y1.jpg
Ribbon Fashion Diamond Hoop Earrings,14 KT / Yellow Gold,14K,2.805,0.242,36750.0,50311326662944,https://cdn.shopify.com/s/files/1/0805/4777/4752/files/DER001018_Y1.jpg?v=1750415160,https://cdn.shopify.com/s/files/1/0805/4777/4752/files/DER001018_Y2.jpg?v=1750415266,DER001018_Y1.jpg
Ribbon Fashion Diamond Hoop Earrings,18 KT / Yellow Gold,18K,3.3,0.242,50344.0,50311326761248,https://cdn.shopify.com/s/files/1/0805/4777/4752/files/DER001018_Y1.jpg?v=1750415160,https://cdn.shopify.com/s/files/1/0805/4777/4752/files/DER001018_Y2.jpg?v=1750415266,DER001018_Y1.jpg
Valeria Diamond Earrings,9 KT / Yellow Gold,9K,1.8,0.435,25289.0,50728460943648,https://cdn.shopify.com/s/files/1/0805/4777/4752/files/RK-RBT-35_Y1.jpg?v=1751372970,https://cdn.shopify.com/s/files/1/0805/4777/4752/files/RK-RBT-35_Y2.jpg?v=1751372970,RK-RBT-35_Y1.jpg
Valeria Diamond Earrings,14 KT / Yellow Gold,14K,2.04,0.435,33636.0,49907290210592,https://cdn.shopify.com/s/files/1/0805/4777/4752/files/RK-RBT-35_Y1.jpg?v=1751372970,https://cdn.shopify.com/s/files/1/0805/4777/4752/files/RK-RBT-35_Y2.jpg?v=1751372970,RK-RBT-35_Y1.jpg
Valeria Diamond Earrings,18 KT / Yellow Gold,18K,2.4,0.435,43523.0,49907290308896,https://cdn.shopify.com/s/files/1/0805/4777/4752/files/RK-RBT-35_Y1.jpg?v=1751372970,https://cdn.shopify.com/s/files/1/0805/4777/4752/files/RK-RBT-35_Y2.jpg?v=1751372970,RK-RBT-35_Y1.jpg
Divine Floreta Diamond Earrings,9 KT / Rose Gold,9K,1.8,0.44,25422.0,50730215637280,https://cdn.shopify.com/s/files/1/0805/4777/4752/files/DER000163_R1.jpg?v=1754572090,https://cdn.shopify.com/s/files/1/0805/4777/4752/files/Product23.jpg?v=1754572090,DER000163_R1.jpg
Divine Floreta Diamond Earrings,14 KT / Rose Gold,14K,2.04,0.44,33770.0,47558965002528,https://cdn.shopify.com/s/files/1/0805/4777/4752/files/DER000163_R1.jpg?v=1754572090,https://cdn.shopify.com/s/files/1/0805/4777/4752/files/Product23.jpg?v=1754572090,DER000163_R1.jpg
Divine Floreta Diamond Earrings,18 KT / Rose Gold,18K,2.4,0.44,43656.0,49846489284896,https://cdn.shopify.com/s/files/1/0805/4777/4752/files/DER000163_R1.jpg?v=1754572090,https://cdn.shopify.com/s/files/1/0805/4777/4752/files/Product23.jpg?v=1754572090,DER000163_R1.jpg
LiteLuxe Diamond Earrings,9 KT / Yellow Gold,9K,1.95,0.4,25496.0,50728460452128,https://cdn.shopify.com/s/files/1/0805/4777/4752/files/RK-RBT-46_Y1.jpg?v=1751372966,https://cdn.shopify.com/s/files/1/0805/4777/4752/files/RK-RBT-46_Y2.jpg?v=1751372966,RK-RBT-46_Y1.jpg
LiteLuxe Diamond Earrings,14 KT / Yellow Gold,14K,2.21,0.4,34539.0,49907298763040,https://cdn.shopify.com/s/files/1/0805/4777/4752/files/RK-RBT-46_Y1.jpg?v=1751372966,https://cdn.shopify.com/s/files/1/0805/4777/4752/files/RK-RBT-46_Y2.jpg?v=1751372966,RK-RBT-46_Y1.jpg
LiteLuxe Diamond Earrings,18 KT / Yellow Gold,18K,2.6,0.4,45249.0,49907298861344,https://cdn.shopify.com/s/files/1/0805/4777/4752/files/RK-RBT-46_Y1.jpg?v=1751372966,https://cdn.shopify.com/s/files/1/0805/4777/4752/files/RK-RBT-46_Y2.jpg?v=1751372966,RK-RBT-46_Y1.jpg
Twinkle Blossom Diamond Earrings,9 KT / Yellow Gold,9K,2.0625,0.368,25497.0,50730024468768,https://cdn.shopify.com/s/files/1/0805/4777/4752/files/SER001060_Y1.jpg?v=1750222895,https://cdn.shopify.com/s/files/1/0805/4777/4752/files/SER001060_Y2.jpg?v=1750222895,SER001060_Y1.jpg
Twinkle Blossom Diamond Earrings,14 KT / Yellow Gold,14K,2.3375,0.368,35062.0,49509068112160,https://cdn.shopify.com/s/files/1/0805/4777/4752/files/SER001060_Y1.jpg?v=1750222895,https://cdn.shopify.com/s/files/1/0805/4777/4752/files/SER001060_Y2.jpg?v=1750222895,SER001060_Y1.jpg
Twinkle Blossom Diamond Earrings,18 KT / Yellow Gold,18K,2.75,0.368,46390.0,49848418926880,https://cdn.shopify.com/s/files/1/0805/4777/4752/files/SER001060_Y1.jpg?v=1750222895,https://cdn.shopify.com/s/files/1/0805/4777/4752/files/SER001060_Y2.jpg?v=1750222895,SER001060_Y1.jpg
The Pink Shift Fashion Diamond Dangler Earrings,9 KT / Rose Gold,9K,2.55,0.231,25549.0,50728345862432,https://cdn.shopify.com/s/files/1/0805/4777/4752/files/DER001015_R1.jpg?v=1750684099,https://cdn.shopify.com/s/files/1/0805/4777/4752/files/DER001015_R2.jpg?v=1750684099,DER001015_R1.jpg
The Pink Shift Fashion Diamond Dangler Earrings,14 KT / Rose Gold,14K,2.89,0.231,37374.0,50311326859552,https://cdn.shopify.com/s/files/1/0805/4777/4752/files/DER001015_R1.jpg?v=1750684099,https://cdn.shopify.com/s/files/1/0805/4777/4752/files/DER001015_R2.jpg?v=1750684099,DER001015_R1.jpg
The Pink Shift Fashion Diamond Dangler Earrings,18 KT / Rose Gold,18K,3.4,0.231,51380.0,50311326957856,https://cdn.shopify.com/s/files/1/0805/4777/4752/files/DER001015_R1.jpg?v=1750684099,https://cdn.shopify.com/s/files/1/0805/4777/4752/files/DER001015_R2.jpg?v=1750684099,DER001015_R1.jpg
Swift Swirl Diamond Earrings,9 KT / Yellow Gold,9K,2.025,0.382,25586.0,50728460681504,https://cdn.shopify.com/s/files/1/0805/4777/4752/files/RK-RBT-60_Y1.jpg?v=1751372968,https://cdn.shopify.com/s/files/1/0805/4777/4752/files/RK-RBT-60_Y2.jpg?v=1751372968,RK-RBT-60_Y1.jpg
Swift Swirl Diamond Earrings,14 KT / Yellow Gold,14K,2.295,0.382,34976.0,49907295715616,https://cdn.shopify.com/s/files/1/0805/4777/4752/files/RK-RBT-60_Y1.jpg?v=1751372968,https://cdn.shopify.com/s/files/1/0805/4777/4752/files/RK-RBT-60_Y2.jpg?v=1751372968,RK-RBT-60_Y1.jpg
Swift Swirl Diamond Earrings,18 KT / Yellow Gold,18K,2.7,0.382,46099.0,49907295813920,https://cdn.shopify.com/s/files/1/0805/4777/4752/files/RK-RBT-60_Y1.jpg?v=1751372968,https://cdn.shopify.com/s/files/1/0805/4777/4752/files/RK-RBT-60_Y2.jpg?v=1751372968,RK-RBT-60_Y1.jpg
Turkish Blue Diamond Earrings,9 KT / Yellow Gold,9K,1.425,0.525,25602.0,50728364933408,https://cdn.shopify.com/s/files/1/0805/4777/4752/files/DER000924_Y1.jpg?v=1756378076,https://cdn.shopify.com/s/files/1/0805/4777/4752/files/DER000924_Y2.jpg?v=1756378589,DER000924_Y1.jpg
Turkish Blue Diamond Earrings,14 KT / Yellow Gold,14K,1.615,0.525,32210.0,50136764023072,https://cdn.shopify.com/s/files/1/0805/4777/4752/files/DER000924_Y1.jpg?v=1756378076,https://cdn.shopify.com/s/files/1/0805/4777/4752/files/DER000924_Y2.jpg?v=1756378589,DER000924_Y1.jpg
Turkish Blue Diamond Earrings,18 KT / Yellow Gold,18K,1.9,0.525,40037.0,50136764121376,https://cdn.shopify.com/s/files/1/0805/4777/4752/files/DER000924_Y1.jpg?v=1756378076,https://cdn.shopify.com/s/files/1/0805/4777/4752/files/DER000924_Y2.jpg?v=1756378589,DER000924_Y1.jpg
Floral Pear Diamond Dangler Earrings,9 KT / Yellow Gold,9K,1.5288,0.54,25618.0,51116290048288,https://cdn.shopify.com/s/files/1/0805/4777/4752/files/MJ-ELMEER66410_Y1_8dd6624b-4ab2-4653-822b-1c407d04e351.jpg?v=1768563728,https://cdn.shopify.com/s/files/1/0805/4777/4752/files/MJ-ELMEER66410_Y2_bb85699d-53b1-4f34-a33f-d1437cbf9c1e.jpg?v=1768563728,MJ-ELMEER66410_Y1_8dd6624b-4ab2-4653-822b-1c407d04e351.jpg
Floral Pear Diamond Dangler Earrings,14 KT / Yellow Gold,14K,1.68,0.54,32210.0,51116290146592,https://cdn.shopify.com/s/files/1/0805/4777/4752/files/MJ-ELMEER66410_Y1_8dd6624b-4ab2-4653-822b-1c407d04e351.jpg?v=1768563728,https://cdn.shopify.com/s/files/1/0805/4777/4752/files/MJ-ELMEER66410_Y2_bb85699d-53b1-4f34-a33f-d1437cbf9c1e.jpg?v=1768563728,MJ-ELMEER66410_Y1_8dd6624b-4ab2-4653-822b-1c407d04e351.jpg
Floral Pear Diamond Dangler Earrings,18 KT / Yellow Gold,18K,2.016,0.54,40833.0,51116290244896,https://cdn.shopify.com/s/files/1/0805/4777/4752/files/MJ-ELMEER66410_Y1_8dd6624b-4ab2-4653-822b-1c407d04e351.jpg?v=1768563728,https://cdn.shopify.com/s/files/1/0805/4777/4752/files/MJ-ELMEER66410_Y2_bb85699d-53b1-4f34-a33f-d1437cbf9c1e.jpg?v=1768563728,MJ-ELMEER66410_Y1_8dd6624b-4ab2-4653-822b-1c407d04e351.jpg
Stud Muffin Solitaire Diamond Ear Studs,9 KT / Yellow Gold,9K,1.125,0.5,25702.0,50728227930400,https://cdn.shopify.com/s/files/1/0805/4777/4752/files/DER000754-00-0.50_Y1.jpg?v=1758087288,https://cdn.shopify.com/s/files/1/0805/4777/4752/files/DER000754-00-0.50_Y2.jpg?v=1767693802,DER000754-00-0.50_Y1.jpg
Stud Muffin Solitaire Diamond Ear Studs,14 KT / Yellow Gold,14K,1.275,0.5,30919.0,50695460258080,https://cdn.shopify.com/s/files/1/0805/4777/4752/files/DER000754-00-0.50_Y1.jpg?v=1758087288,https://cdn.shopify.com/s/files/1/0805/4777/4752/files/DER000754-00-0.50_Y2.jpg?v=1767693802,DER000754-00-0.50_Y1.jpg
Stud Muffin Solitaire Diamond Ear Studs,18 KT / Yellow Gold,18K,1.5,0.5,37099.0,50695460356384,https://cdn.shopify.com/s/files/1/0805/4777/4752/files/DER000754-00-0.50_Y1.jpg?v=1758087288,https://cdn.shopify.com/s/files/1/0805/4777/4752/files/DER000754-00-0.50_Y2.jpg?v=1767693802,DER000754-00-0.50_Y1.jpg
Shamrock Spark Diamond Earrings,9 KT / Yellow Gold,9K,1.875,0.436,25886.0,50728503574816,https://cdn.shopify.com/s/files/1/0805/4777/4752/files/CZ-K-ER-15893_Y1.jpg?v=1751373048,https://cdn.shopify.com/s/files/1/0805/4777/4752/files/CZ-K-ER-15893_Y2.jpg?v=1751373048,CZ-K-ER-15893_Y1.jpg
Shamrock Spark Diamond Earrings,14 KT / Yellow Gold,14K,2.125,0.436,34581.0,49872669016352,https://cdn.shopify.com/s/files/1/0805/4777/4752/files/CZ-K-ER-15893_Y1.jpg?v=1751373048,https://cdn.shopify.com/s/files/1/0805/4777/4752/files/CZ-K-ER-15893_Y2.jpg?v=1751373048,CZ-K-ER-15893_Y1.jpg
Shamrock Spark Diamond Earrings,18 KT / Yellow Gold,18K,2.5,0.436,44880.0,49872669114656,https://cdn.shopify.com/s/files/1/0805/4777/4752/files/CZ-K-ER-15893_Y1.jpg?v=1751373048,https://cdn.shopify.com/s/files/1/0805/4777/4752/files/CZ-K-ER-15893_Y2.jpg?v=1751373048,CZ-K-ER-15893_Y1.jpg
Dots in Motion Diamond Drop Earrings,9 KT / White Gold,9K,1.875,0.44,25992.0,50728302379296,https://cdn.shopify.com/s/files/1/0805/4777/4752/files/DER001097_W1.jpg?v=1754125780,https://cdn.shopify.com/s/files/1/0805/4777/4752/files/DER001097_W2.jpg?v=1763633530,DER001097_W1.jpg
Dots in Motion Diamond Drop Earrings,14 KT / White Gold,14K,2.125,0.44,34688.0,50523560214816,https://cdn.shopify.com/s/files/1/0805/4777/4752/files/DER001097_W1.jpg?v=1754125780,https://cdn.shopify.com/s/files/1/0805/4777/4752/files/DER001097_W2.jpg?v=1763633530,DER001097_W1.jpg
Dots in Motion Diamond Drop Earrings,18 KT / White Gold,18K,2.5,0.44,44986.0,50523560313120,https://cdn.shopify.com/s/files/1/0805/4777/4752/files/DER001097_W1.jpg?v=1754125780,https://cdn.shopify.com/s/files/1/0805/4777/4752/files/DER001097_W2.jpg?v=1763633530,DER001097_W1.jpg
DuoPear Diamond Earrings,9 KT / Rose Gold,9K,1.911,0.424,26171.0,50728377057568,https://cdn.shopify.com/s/files/1/0805/4777/4752/files/DER000949_R1.jpg?v=1759473035,https://cdn.shopify.com/s/files/1/0805/4777/4752/files/DER000949_R2.jpg?v=1759473035,DER000949_R1.jpg
DuoPear Diamond Earrings,14 KT / Rose Gold,14K,2.1,0.424,34411.0,50136734695712,https://cdn.shopify.com/s/files/1/0805/4777/4752/files/DER000949_R1.jpg?v=1759473035,https://cdn.shopify.com/s/files/1/0805/4777/4752/files/DER000949_R2.jpg?v=1759473035,DER000949_R1.jpg
DuoPear Diamond Earrings,18 KT / Rose Gold,18K,2.52,0.424,45189.0,50136734794016,https://cdn.shopify.com/s/files/1/0805/4777/4752/files/DER000949_R1.jpg?v=1759473035,https://cdn.shopify.com/s/files/1/0805/4777/4752/files/DER000949_R2.jpg?v=1759473035,DER000949_R1.jpg
Triangular Round Dot Diamond Stud Earrings,9 KT / Rose Gold,9K,2.275,0.356,26183.0,51157651325216,https://cdn.shopify.com/s/files/1/0805/4777/4752/files/DER001482_R1.jpg?v=1771232447,https://cdn.shopify.com/s/files/1/0805/4777/4752/files/DER001482_R2.jpg?v=1771232447,DER001482_R1.jpg
Triangular Round Dot Diamond Stud Earrings,14 KT / Rose Gold,14K,2.5,0.356,35992.0,51157651423520,https://cdn.shopify.com/s/files/1/0805/4777/4752/files/DER001482_R1.jpg?v=1771232447,https://cdn.shopify.com/s/files/1/0805/4777/4752/files/DER001482_R2.jpg?v=1771232447,DER001482_R1.jpg
Triangular Round Dot Diamond Stud Earrings,18 KT / Rose Gold,18K,3.0,0.356,48823.0,51157651521824,https://cdn.shopify.com/s/files/1/0805/4777/4752/files/DER001482_R1.jpg?v=1771232447,https://cdn.shopify.com/s/files/1/0805/4777/4752/files/DER001482_R2.jpg?v=1771232447,DER001482_R1.jpg
Laminar Merlot Diamond Earrings,9 KT / Yellow Gold,9K,2.4,0.275,26210.0,50728343109920,https://cdn.shopify.com/s/files/1/0805/4777/4752/files/DER000996_Y1.jpg?v=1750673917,https://cdn.shopify.com/s/files/1/0805/4777/4752/files/DER000996_Y2.jpg?v=1750673973,DER000996_Y1.jpg
Laminar Merlot Diamond Earrings,14 KT / Yellow Gold,14K,2.72,0.275,37340.0,50323945816352,https://cdn.shopify.com/s/files/1/0805/4777/4752/files/DER000996_Y1.jpg?v=1750673917,https://cdn.shopify.com/s/files/1/0805/4777/4752/files/DER000996_Y2.jpg?v=1750673973,DER000996_Y1.jpg
Laminar Merlot Diamond Earrings,18 KT / Yellow Gold,18K,3.2,0.275,50522.0,50323945914656,https://cdn.shopify.com/s/files/1/0805/4777/4752/files/DER000996_Y1.jpg?v=1750673917,https://cdn.shopify.com/s/files/1/0805/4777/4752/files/DER000996_Y2.jpg?v=1750673973,DER000996_Y1.jpg
Lily Luck Diamond Earrings,9 KT / Yellow Gold,9K,1.875,0.45,26259.0,50728242970912,https://cdn.shopify.com/s/files/1/0805/4777/4752/files/NJ-CNT0086_Y1.jpg?v=1756105161,https://cdn.shopify.com/s/files/1/0805/4777/4752/files/NJ-CNT0086_Y2.jpg?v=1767696588,NJ-CNT0086_Y1.jpg
Lily Luck Diamond Earrings,14 KT / Yellow Gold,14K,2.125,0.45,34954.0,50617329516832,https://cdn.shopify.com/s/files/1/0805/4777/4752/files/NJ-CNT0086_Y1.jpg?v=1756105161,https://cdn.shopify.com/s/files/1/0805/4777/4752/files/NJ-CNT0086_Y2.jpg?v=1767696588,NJ-CNT0086_Y1.jpg
Lily Luck Diamond Earrings,18 KT / Yellow Gold,18K,2.5,0.45,45253.0,50617329615136,https://cdn.shopify.com/s/files/1/0805/4777/4752/files/NJ-CNT0086_Y1.jpg?v=1756105161,https://cdn.shopify.com/s/files/1/0805/4777/4752/files/NJ-CNT0086_Y2.jpg?v=1767696588,NJ-CNT0086_Y1.jpg
Midnight Azure Fashion Diamond Dangler Earrings,9 KT / Rose Gold,9K,2.639,0.26,26292.0,50728346517792,https://cdn.shopify.com/s/files/1/0805/4777/4752/files/DER001005_R1.jpg?v=1750683826,https://cdn.shopify.com/s/files/1/0805/4777/4752/files/DER001005_R2.jpg?v=1750683826,DER001005_R1.jpg
Midnight Azure Fashion Diamond Dangler Earrings,14 KT / Rose Gold,14K,2.9,0.26,37671.0,50311326400800,https://cdn.shopify.com/s/files/1/0805/4777/4752/files/DER001005_R1.jpg?v=1750683826,https://cdn.shopify.com/s/files/1/0805/4777/4752/files/DER001005_R2.jpg?v=1750683826,DER001005_R1.jpg
Midnight Azure Fashion Diamond Dangler Earrings,18 KT / Rose Gold,18K,3.48,0.26,52555.0,50311326499104,https://cdn.shopify.com/s/files/1/0805/4777/4752/files/DER001005_R1.jpg?v=1750683826,https://cdn.shopify.com/s/files/1/0805/4777/4752/files/DER001005_R2.jpg?v=1750683826,DER001005_R1.jpg
Celestial Veil Diamond Earrings,9 KT / Rose Gold,9K,2.4,0.302,26302.0,50730035347744,https://cdn.shopify.com/s/files/1/0805/4777/4752/files/DER000753_R1.jpg?v=1750222923,https://cdn.shopify.com/s/files/1/0805/4777/4752/files/DER000753_R2.jpg?v=1767695794,DER000753_R1.jpg
Celestial Veil Diamond Earrings,14 KT / Rose Gold,14K,2.72,0.302,37432.0,49509066146080,https://cdn.shopify.com/s/files/1/0805/4777/4752/files/DER000753_R1.jpg?v=1750222923,https://cdn.shopify.com/s/files/1/0805/4777/4752/files/DER000753_R2.jpg?v=1767695794,DER000753_R1.jpg
Celestial Veil Diamond Earrings,18 KT / Rose Gold,18K,3.2,0.302,50614.0,49846238413088,https://cdn.shopify.com/s/files/1/0805/4777/4752/files/DER000753_R1.jpg?v=1750222923,https://cdn.shopify.com/s/files/1/0805/4777/4752/files/DER000753_R2.jpg?v=1767695794,DER000753_R1.jpg
Kite Flight Diamond Earrings,9 KT / Yellow Gold,9K,2.025,0.37,26350.0,50728361296160,https://cdn.shopify.com/s/files/1/0805/4777/4752/files/SPER01087_Y1.jpg?v=1751372762,https://cdn.shopify.com/s/files/1/0805/4777/4752/files/SPER01087_Y2.jpg?v=1751372762,SPER01087_Y1.jpg
Kite Flight Diamond Earrings,14 KT / Yellow Gold,14K,2.295,0.37,35741.0,50136875008288,https://cdn.shopify.com/s/files/1/0805/4777/4752/files/SPER01087_Y1.jpg?v=1751372762,https://cdn.shopify.com/s/files/1/0805/4777/4752/files/SPER01087_Y2.jpg?v=1751372762,SPER01087_Y1.jpg
Kite Flight Diamond Earrings,18 KT / Yellow Gold,18K,2.7,0.37,46863.0,50136875106592,https://cdn.shopify.com/s/files/1/0805/4777/4752/files/SPER01087_Y1.jpg?v=1751372762,https://cdn.shopify.com/s/files/1/0805/4777/4752/files/SPER01087_Y2.jpg?v=1751372762,SPER01087_Y1.jpg
Latif Diamond Earrings,9 KT / Yellow Gold,9K,2.0565,0.363,26420.0,50728360608032,https://cdn.shopify.com/s/files/1/0805/4777/4752/files/SPER01109_Y1.jpg?v=1751372750,https://cdn.shopify.com/s/files/1/0805/4777/4752/files/SPER01109_Y2.jpg?v=1751372750,SPER01109_Y1.jpg
Latif Diamond Earrings,14 KT / Yellow Gold,14K,2.3307,0.363,35956.0,50136876679456,https://cdn.shopify.com/s/files/1/0805/4777/4752/files/SPER01109_Y1.jpg?v=1751372750,https://cdn.shopify.com/s/files/1/0805/4777/4752/files/SPER01109_Y2.jpg?v=1751372750,SPER01109_Y1.jpg
Latif Diamond Earrings,18 KT / Yellow Gold,18K,2.74,0.363,47228.0,50136876777760,https://cdn.shopify.com/s/files/1/0805/4777/4752/files/SPER01109_Y1.jpg?v=1751372750,https://cdn.shopify.com/s/files/1/0805/4777/4752/files/SPER01109_Y2.jpg?v=1751372750,SPER01109_Y1.jpg
Trinkle Diamond Earrings,9 KT / Yellow Gold,9K,1.875,0.422,26517.0,50728362770720,https://cdn.shopify.com/s/files/1/0805/4777/4752/files/SPER01111_Y1.jpg?v=1751372781,https://cdn.shopify.com/s/files/1/0805/4777/4752/files/SPER01111_Y2.jpg?v=1751372781,SPER01111_Y1.jpg
Trinkle Diamond Earrings,14 KT / Yellow Gold,14K,2.125,0.422,35212.0,50136866947360,https://cdn.shopify.com/s/files/1/0805/4777/4752/files/SPER01111_Y1.jpg?v=1751372781,https://cdn.shopify.com/s/files/1/0805/4777/4752/files/SPER01111_Y2.jpg?v=1751372781,SPER01111_Y1.jpg
Trinkle Diamond Earrings,18 KT / Yellow Gold,18K,2.5,0.422,45510.0,50136867045664,https://cdn.shopify.com/s/files/1/0805/4777/4752/files/SPER01111_Y1.jpg?v=1751372781,https://cdn.shopify.com/s/files/1/0805/4777/4752/files/SPER01111_Y2.jpg?v=1751372781,SPER01111_Y1.jpg
Radiant Heart Diamond Earrings,9 KT / Yellow Gold,9K,1.875,0.46,26526.0,50730631823648,https://cdn.shopify.com/s/files/1/0805/4777/4752/files/DER000447_Y1.jpg?v=1750225931,https://cdn.shopify.com/s/files/1/0805/4777/4752/files/DER000447_Y2.jpg?v=1763632684,DER000447_Y1.jpg
Radiant Heart Diamond Earrings,14 KT / Yellow Gold,14K,2.125,0.46,35221.0,47436007997728,https://cdn.shopify.com/s/files/1/0805/4777/4752/files/DER000447_Y1.jpg?v=1750225931,https://cdn.shopify.com/s/files/1/0805/4777/4752/files/DER000447_Y2.jpg?v=1763632684,DER000447_Y1.jpg
Radiant Heart Diamond Earrings,18 KT / Yellow Gold,18K,2.5,0.46,45520.0,49848382161184,https://cdn.shopify.com/s/files/1/0805/4777/4752/files/DER000447_Y1.jpg?v=1750225931,https://cdn.shopify.com/s/files/1/0805/4777/4752/files/DER000447_Y2.jpg?v=1763632684,DER000447_Y1.jpg
Cubic Glitter Diamond Earrings,9 KT / Yellow Gold,9K,1.95,0.441,26589.0,50728480014624,https://cdn.shopify.com/s/files/1/0805/4777/4752/files/RK-RBT-65_y1.jpg?v=1751372984,https://cdn.shopify.com/s/files/1/0805/4777/4752/files/RK-RBT-65_Y2.jpg?v=1751372984,RK-RBT-65_y1.jpg
Cubic Glitter Diamond Earrings,14 KT / Yellow Gold,14K,2.21,0.441,35632.0,49907256459552,https://cdn.shopify.com/s/files/1/0805/4777/4752/files/RK-RBT-65_y1.jpg?v=1751372984,https://cdn.shopify.com/s/files/1/0805/4777/4752/files/RK-RBT-65_Y2.jpg?v=1751372984,RK-RBT-65_y1.jpg
Cubic Glitter Diamond Earrings,18 KT / Yellow Gold,18K,2.6,0.441,46343.0,49907256557856,https://cdn.shopify.com/s/files/1/0805/4777/4752/files/RK-RBT-65_y1.jpg?v=1751372984,https://cdn.shopify.com/s/files/1/0805/4777/4752/files/RK-RBT-65_Y2.jpg?v=1751372984,RK-RBT-65_y1.jpg
Arcline Diamond Bali Earrings,9 KT / Yellow Gold,9K,2.3625,0.324,26604.0,50728294547744,https://cdn.shopify.com/s/files/1/0805/4777/4752/files/DER001122_Y1.jpg?v=1754119009,https://cdn.shopify.com/s/files/1/0805/4777/4752/files/DER001122_Y2.jpg?v=1754119300,DER001122_Y1.jpg
Arcline Diamond Bali Earrings,14 KT / Yellow Gold,14K,2.6775,0.324,37560.0,50523566080288,https://cdn.shopify.com/s/files/1/0805/4777/4752/files/DER001122_Y1.jpg?v=1754119009,https://cdn.shopify.com/s/files/1/0805/4777/4752/files/DER001122_Y2.jpg?v=1754119300,DER001122_Y1.jpg
Arcline Diamond Bali Earrings,18 KT / Yellow Gold,18K,3.15,0.324,50536.0,50523566178592,https://cdn.shopify.com/s/files/1/0805/4777/4752/files/DER001122_Y1.jpg?v=1754119009,https://cdn.shopify.com/s/files/1/0805/4777/4752/files/DER001122_Y2.jpg?v=1754119300,DER001122_Y1.jpg
Supernova Minis Diamond Stud Earrings,9 KT / Rose Gold,9K,1.677,0.52,26621.0,50728306966816,https://cdn.shopify.com/s/files/1/0805/4777/4752/files/DER001073_R1.jpg?v=1755688177,https://cdn.shopify.com/s/files/1/0805/4777/4752/files/DER001073_R2.jpg?v=1755688177,DER001073_R1.jpg
Supernova Minis Diamond Stud Earrings,14 KT / Rose Gold,14K,1.9006,0.52,34398.0,50523557953824,https://cdn.shopify.com/s/files/1/0805/4777/4752/files/DER001073_R1.jpg?v=1755688177,https://cdn.shopify.com/s/files/1/0805/4777/4752/files/DER001073_R2.jpg?v=1755688177,DER001073_R1.jpg
Supernova Minis Diamond Stud Earrings,18 KT / Rose Gold,18K,2.24,0.52,43658.0,50523558052128,https://cdn.shopify.com/s/files/1/0805/4777/4752/files/DER001073_R1.jpg?v=1755688177,https://cdn.shopify.com/s/files/1/0805/4777/4752/files/DER001073_R2.jpg?v=1755688177,DER001073_R1.jpg
Radiant Feather Diamond Earrings,9 KT / Yellow Gold,9K,2.175,0.38,26673.0,50730022994208,https://cdn.shopify.com/s/files/1/0805/4777/4752/files/SER001064_Y1.jpg?v=1750222875,https://cdn.shopify.com/s/files/1/0805/4777/4752/files/SER001064_Y2.jpg?v=1750222875,SER001064_Y1.jpg
Radiant Feather Diamond Earrings,14 KT / Yellow Gold,14K,2.465,0.38,36759.0,49509069750560,https://cdn.shopify.com/s/files/1/0805/4777/4752/files/SER001064_Y1.jpg?v=1750222875,https://cdn.shopify.com/s/files/1/0805/4777/4752/files/SER001064_Y2.jpg?v=1750222875,SER001064_Y1.jpg
Radiant Feather Diamond Earrings,18 KT / Yellow Gold,18K,2.9,0.38,48705.0,49848381964576,https://cdn.shopify.com/s/files/1/0805/4777/4752/files/SER001064_Y1.jpg?v=1750222875,https://cdn.shopify.com/s/files/1/0805/4777/4752/files/SER001064_Y2.jpg?v=1750222875,SER001064_Y1.jpg
Stellar Shine Diamond Earrings,9 KT / Rose Gold,9K,1.5,0.574,26716.0,50730015850784,https://cdn.shopify.com/s/files/1/0805/4777/4752/files/CZ-K-ER-11416_R1.jpg?v=1751373057,https://cdn.shopify.com/s/files/1/0805/4777/4752/files/CZ-K-ER-11416_R2.jpg?v=1751373056,CZ-K-ER-11416_R1.jpg
Stellar Shine Diamond Earrings,14 KT / Rose Gold,14K,1.7,0.574,33672.0,49872667640096,https://cdn.shopify.com/s/files/1/0805/4777/4752/files/CZ-K-ER-11416_R1.jpg?v=1751373057,https://cdn.shopify.com/s/files/1/0805/4777/4752/files/CZ-K-ER-11416_R2.jpg?v=1751373056,CZ-K-ER-11416_R1.jpg
Stellar Shine Diamond Earrings,18 KT / Rose Gold,18K,2.0,0.574,41911.0,49872667738400,https://cdn.shopify.com/s/files/1/0805/4777/4752/files/CZ-K-ER-11416_R1.jpg?v=1751373057,https://cdn.shopify.com/s/files/1/0805/4777/4752/files/CZ-K-ER-11416_R2.jpg?v=1751373056,CZ-K-ER-11416_R1.jpg
Spiral Muse Diamond Earrings,9 KT / Yellow Gold,9K,1.8765,0.43,26742.0,50728375222560,https://cdn.shopify.com/s/files/1/0805/4777/4752/files/DER000947_Y1.jpg?v=1756378171,https://cdn.shopify.com/s/files/1/0805/4777/4752/files/DER000947_Y2.jpg?v=1763633101,DER000947_Y1.jpg
Spiral Muse Diamond Earrings,14 KT / Yellow Gold,14K,2.1267,0.43,35444.0,50136740069664,https://cdn.shopify.com/s/files/1/0805/4777/4752/files/DER000947_Y1.jpg?v=1756378171,https://cdn.shopify.com/s/files/1/0805/4777/4752/files/DER000947_Y2.jpg?v=1763633101,DER000947_Y1.jpg
Spiral Muse Diamond Earrings,18 KT / Yellow Gold,18K,2.5,0.43,45727.0,50136740167968,https://cdn.shopify.com/s/files/1/0805/4777/4752/files/DER000947_Y1.jpg?v=1756378171,https://cdn.shopify.com/s/files/1/0805/4777/4752/files/DER000947_Y2.jpg?v=1763633101,DER000947_Y1.jpg
Geometric Open Frame Diamond Stud Earrings,9 KT / Yellow Gold,9K,2.025,0.426,26759.0,51157653815584,https://cdn.shopify.com/s/files/1/0805/4777/4752/files/DER001212_Y1.jpg?v=1771505757,https://cdn.shopify.com/s/files/1/0805/4777/4752/files/DER001212_Y2.jpg?v=1771505757,DER001212_Y1.jpg
Geometric Open Frame Diamond Stud Earrings,14 KT / Yellow Gold,14K,2.295,0.426,36150.0,51157653913888,https://cdn.shopify.com/s/files/1/0805/4777/4752/files/DER001212_Y1.jpg?v=1771505757,https://cdn.shopify.com/s/files/1/0805/4777/4752/files/DER001212_Y2.jpg?v=1771505757,DER001212_Y1.jpg
Geometric Open Frame Diamond Stud Earrings,18 KT / Yellow Gold,18K,2.7,0.426,47273.0,51157654012192,https://cdn.shopify.com/s/files/1/0805/4777/4752/files/DER001212_Y1.jpg?v=1771505757,https://cdn.shopify.com/s/files/1/0805/4777/4752/files/DER001212_Y2.jpg?v=1771505757,DER001212_Y1.jpg
Pave Prism Diamond Stud Earrings,9 KT / Rose Gold,9K,1.9875,0.44,26848.0,50728234778912,https://cdn.shopify.com/s/files/1/0805/4777/4752/files/DER001220_R1.jpg?v=1757052377,https://cdn.shopify.com/s/files/1/0805/4777/4752/files/DER001220_R2.jpg?v=1767694906,DER001220_R1.jpg
Pave Prism Diamond Stud Earrings,14 KT / Rose Gold,14K,2.2525,0.44,36065.0,50632483995936,https://cdn.shopify.com/s/files/1/0805/4777/4752/files/DER001220_R1.jpg?v=1757052377,https://cdn.shopify.com/s/files/1/0805/4777/4752/files/DER001220_R2.jpg?v=1767694906,DER001220_R1.jpg
Pave Prism Diamond Stud Earrings,18 KT / Rose Gold,18K,2.65,0.44,46981.0,50632484094240,https://cdn.shopify.com/s/files/1/0805/4777/4752/files/DER001220_R1.jpg?v=1757052377,https://cdn.shopify.com/s/files/1/0805/4777/4752/files/DER001220_R2.jpg?v=1767694906,DER001220_R1.jpg
Contour Glam Diamond Stud Earrings,9 KT / Rose Gold,9K,1.7775,0.5,26852.0,50728227045664,https://cdn.shopify.com/s/files/1/0805/4777/4752/files/DER000165_R1.jpg?v=1758100046,https://cdn.shopify.com/s/files/1/0805/4777/4752/files/DER000165_R2.jpg?v=1767690332,DER000165_R1.jpg
Contour Glam Diamond Stud Earrings,14 KT / Rose Gold,14K,2.0145,0.5,35095.0,50695461765408,https://cdn.shopify.com/s/files/1/0805/4777/4752/files/DER000165_R1.jpg?v=1758100046,https://cdn.shopify.com/s/files/1/0805/4777/4752/files/DER000165_R2.jpg?v=1767690332,DER000165_R1.jpg
Contour Glam Diamond Stud Earrings,18 KT / Rose Gold,18K,2.37,0.5,44858.0,50695461863712,https://cdn.shopify.com/s/files/1/0805/4777/4752/files/DER000165_R1.jpg?v=1758100046,https://cdn.shopify.com/s/files/1/0805/4777/4752/files/DER000165_R2.jpg?v=1767690332,DER000165_R1.jpg
Venetian Drop Diamond Earrings,9 KT / Yellow Gold,9K,2.025,0.394,26990.0,50728361197856,https://cdn.shopify.com/s/files/1/0805/4777/4752/files/SPER01095_Y1.jpg?v=1751372760,https://cdn.shopify.com/s/files/1/0805/4777/4752/files/SPER01095_Y2.jpg?v=1751372760,SPER01095_Y1.jpg
Venetian Drop Diamond Earrings,14 KT / Yellow Gold,14K,2.295,0.394,36381.0,50136875434272,https://cdn.shopify.com/s/files/1/0805/4777/4752/files/SPER01095_Y1.jpg?v=1751372760,https://cdn.shopify.com/s/files/1/0805/4777/4752/files/SPER01095_Y2.jpg?v=1751372760,SPER01095_Y1.jpg
Venetian Drop Diamond Earrings,18 KT / Yellow Gold,18K,2.7,0.394,47504.0,50136875532576,https://cdn.shopify.com/s/files/1/0805/4777/4752/files/SPER01095_Y1.jpg?v=1751372760,https://cdn.shopify.com/s/files/1/0805/4777/4752/files/SPER01095_Y2.jpg?v=1751372760,SPER01095_Y1.jpg
Sparkle Botanics Diamond Earrings,9 KT / Yellow Gold,9K,1.8,0.468,27133.0,50728375550240,https://cdn.shopify.com/s/files/1/0805/4777/4752/files/DER000962_Y1.jpg?v=1759830477,https://cdn.shopify.com/s/files/1/0805/4777/4752/files/DER000962_Y2.jpg?v=1759830499,DER000962_Y1.jpg
Sparkle Botanics Diamond Earrings,14 KT / Yellow Gold,14K,2.04,0.468,35481.0,50136739348768,https://cdn.shopify.com/s/files/1/0805/4777/4752/files/DER000962_Y1.jpg?v=1759830477,https://cdn.shopify.com/s/files/1/0805/4777/4752/files/DER000962_Y2.jpg?v=1759830499,DER000962_Y1.jpg
Sparkle Botanics Diamond Earrings,18 KT / Yellow Gold,18K,2.4,0.468,45367.0,50136739447072,https://cdn.shopify.com/s/files/1/0805/4777/4752/files/DER000962_Y1.jpg?v=1759830477,https://cdn.shopify.com/s/files/1/0805/4777/4752/files/DER000962_Y2.jpg?v=1759830499,DER000962_Y1.jpg
Twilight Star Diamond Earrings,9 KT / Yellow Gold,9K,2.625,0.27,27159.0,50730090889504,https://cdn.shopify.com/s/files/1/0805/4777/4752/files/DER000636_Y1.jpg?v=1750223095,https://cdn.shopify.com/s/files/1/0805/4777/4752/files/DER000636_Y2.jpg?v=1750223095,DER000636_Y1.jpg
Twilight Star Diamond Earrings,14 KT / Yellow Gold,14K,2.975,0.27,39332.0,49509051760928,https://cdn.shopify.com/s/files/1/0805/4777/4752/files/DER000636_Y1.jpg?v=1750223095,https://cdn.shopify.com/s/files/1/0805/4777/4752/files/DER000636_Y2.jpg?v=1750223095,DER000636_Y1.jpg
Twilight Star Diamond Earrings,18 KT / Yellow Gold,18K,3.5,0.27,53751.0,49848418763040,https://cdn.shopify.com/s/files/1/0805/4777/4752/files/DER000636_Y1.jpg?v=1750223095,https://cdn.shopify.com/s/files/1/0805/4777/4752/files/DER000636_Y2.jpg?v=1750223095,DER000636_Y1.jpg
Diamond Dalliance Elegance Earrings,9 KT / Yellow Gold,9K,2.1,0.42,27169.0,50730253615392,https://cdn.shopify.com/s/files/1/0805/4777/4752/files/SER000096_Y1.jpg?v=1752495227,https://cdn.shopify.com/s/files/1/0805/4777/4752/files/SER000096_Y2.jpg?v=1752495262,SER000096_Y1.jpg
Diamond Dalliance Elegance Earrings,14 KT / Yellow Gold,14K,2.38,0.42,36908.0,47558961299744,https://cdn.shopify.com/s/files/1/0805/4777/4752/files/SER000096_Y1.jpg?v=1752495227,https://cdn.shopify.com/s/files/1/0805/4777/4752/files/SER000096_Y2.jpg?v=1752495262,SER000096_Y1.jpg
Diamond Dalliance Elegance Earrings,18 KT / Yellow Gold,18K,2.8,0.42,48443.0,49846368207136,https://cdn.shopify.com/s/files/1/0805/4777/4752/files/SER000096_Y1.jpg?v=1752495227,https://cdn.shopify.com/s/files/1/0805/4777/4752/files/SER000096_Y2.jpg?v=1752495262,SER000096_Y1.jpg
Floral Dip Diamond Earrings,9 KT / Yellow Gold,9K,1.8,0.47,27187.0,50728375419168,https://cdn.shopify.com/s/files/1/0805/4777/4752/files/DER000952_Y1.jpg?v=1756378196,https://cdn.shopify.com/s/files/1/0805/4777/4752/files/DER000952_Y2.jpg?v=1756378659,DER000952_Y1.jpg
Floral Dip Diamond Earrings,14 KT / Yellow Gold,14K,2.04,0.47,35534.0,50136739610912,https://cdn.shopify.com/s/files/1/0805/4777/4752/files/DER000952_Y1.jpg?v=1756378196,https://cdn.shopify.com/s/files/1/0805/4777/4752/files/DER000952_Y2.jpg?v=1756378659,DER000952_Y1.jpg
Floral Dip Diamond Earrings,18 KT / Yellow Gold,18K,2.4,0.47,45421.0,50136739709216,https://cdn.shopify.com/s/files/1/0805/4777/4752/files/DER000952_Y1.jpg?v=1756378196,https://cdn.shopify.com/s/files/1/0805/4777/4752/files/DER000952_Y2.jpg?v=1756378659,DER000952_Y1.jpg
Orbelle Classic Round Diamond Earrings,9 KT / Yellow Gold,9K,0.75,0.6,27198.0,50728348516640,https://cdn.shopify.com/s/files/1/0805/4777/4752/files/SER001012-00-0.30_Y1.jpg?v=1752484187,https://cdn.shopify.com/s/files/1/0805/4777/4752/files/SER001012-00-0.30_Y2.jpg?v=1771239464,SER001012-00-0.30_Y1.jpg
Orbelle Classic Round Diamond Earrings,14 KT / Yellow Gold,14K,0.85,0.6,30676.0,50309690753312,https://cdn.shopify.com/s/files/1/0805/4777/4752/files/SER001012-00-0.30_Y1.jpg?v=1752484187,https://cdn.shopify.com/s/files/1/0805/4777/4752/files/SER001012-00-0.30_Y2.jpg?v=1771239464,SER001012-00-0.30_Y1.jpg
Orbelle Classic Round Diamond Earrings,18 KT / Yellow Gold,18K,1.0,0.6,34795.0,50309690851616,https://cdn.shopify.com/s/files/1/0805/4777/4752/files/SER001012-00-0.30_Y1.jpg?v=1752484187,https://cdn.shopify.com/s/files/1/0805/4777/4752/files/SER001012-00-0.30_Y2.jpg?v=1771239464,SER001012-00-0.30_Y1.jpg
Spiral Star Marquise Round Diamond Stud Earrings,9 KT / Rose Gold,9K,1.95,0.468,27310.0,51157652537632,https://cdn.shopify.com/s/files/1/0805/4777/4752/files/DER001209_R1.jpg?v=1771505647,https://cdn.shopify.com/s/files/1/0805/4777/4752/files/DER001209_W1.jpg?v=1771505647,DER001209_R1.jpg
Spiral Star Marquise Round Diamond Stud Earrings,14 KT / Rose Gold,14K,2.21,0.468,36353.0,51157652635936,https://cdn.shopify.com/s/files/1/0805/4777/4752/files/DER001209_R1.jpg?v=1771505647,https://cdn.shopify.com/s/files/1/0805/4777/4752/files/DER001209_W1.jpg?v=1771505647,DER001209_R1.jpg
Spiral Star Marquise Round Diamond Stud Earrings,18 KT / Rose Gold,18K,2.6,0.468,47063.0,51157652734240,https://cdn.shopify.com/s/files/1/0805/4777/4752/files/DER001209_R1.jpg?v=1771505647,https://cdn.shopify.com/s/files/1/0805/4777/4752/files/DER001209_W1.jpg?v=1771505647,DER001209_R1.jpg
Refined Radiance Diamond Earrings,9 KT / Rose Gold,9K,1.65525,0.556,27416.0,50730627105056,https://cdn.shopify.com/s/files/1/0805/4777/4752/files/DER000211_R1.jpg?v=1751375601,https://cdn.shopify.com/s/files/1/0805/4777/4752/files/DER000211_R2.jpg?v=1763632175,DER000211_R1.jpg
Refined Radiance Diamond Earrings,14 KT / Rose Gold,14K,1.87595,0.556,35092.0,47558922207520,https://cdn.shopify.com/s/files/1/0805/4777/4752/files/DER000211_R1.jpg?v=1751375601,https://cdn.shopify.com/s/files/1/0805/4777/4752/files/DER000211_R2.jpg?v=1763632175,DER000211_R1.jpg
Refined Radiance Diamond Earrings,18 KT / Rose Gold,18K,2.21,0.556,44221.0,49848388190496,https://cdn.shopify.com/s/files/1/0805/4777/4752/files/DER000211_R1.jpg?v=1751375601,https://cdn.shopify.com/s/files/1/0805/4777/4752/files/DER000211_R2.jpg?v=1763632175,DER000211_R1.jpg
Isla Diamond Earrings,9 KT / Yellow Gold,9K,1.9875,0.462,27435.0,50728431092000,https://cdn.shopify.com/s/files/1/0805/4777/4752/files/RK-RBT-26_Y1.jpg?v=1751372941,https://cdn.shopify.com/s/files/1/0805/4777/4752/files/RK-RBT-26_Y2.jpg?v=1763635089,RK-RBT-26_Y1.jpg
Isla Diamond Earrings,14 KT / Yellow Gold,14K,2.2525,0.462,36652.0,49907322585376,https://cdn.shopify.com/s/files/1/0805/4777/4752/files/RK-RBT-26_Y1.jpg?v=1751372941,https://cdn.shopify.com/s/files/1/0805/4777/4752/files/RK-RBT-26_Y2.jpg?v=1763635089,RK-RBT-26_Y1.jpg
Isla Diamond Earrings,18 KT / Yellow Gold,18K,2.65,0.462,47568.0,49907322683680,https://cdn.shopify.com/s/files/1/0805/4777/4752/files/RK-RBT-26_Y1.jpg?v=1751372941,https://cdn.shopify.com/s/files/1/0805/4777/4752/files/RK-RBT-26_Y2.jpg?v=1763635089,RK-RBT-26_Y1.jpg
Floro Diamond Earrings,9 KT / Rose Gold,9K,1.863,0.498,27448.0,50728482668832,https://cdn.shopify.com/s/files/1/0805/4777/4752/files/CZ-K-ER-29017_R1.jpg?v=1751373020,https://cdn.shopify.com/s/files/1/0805/4777/4752/files/CZ-K-ER-29017_R2.jpg?v=1763632146,CZ-K-ER-29017_R1.jpg
Floro Diamond Earrings,14 KT / Rose Gold,14K,2.1114,0.498,36088.0,49872672162080,https://cdn.shopify.com/s/files/1/0805/4777/4752/files/CZ-K-ER-29017_R1.jpg?v=1751373020,https://cdn.shopify.com/s/files/1/0805/4777/4752/files/CZ-K-ER-29017_R2.jpg?v=1763632146,CZ-K-ER-29017_R1.jpg
Floro Diamond Earrings,18 KT / Rose Gold,18K,2.48,0.498,46272.0,49872672260384,https://cdn.shopify.com/s/files/1/0805/4777/4752/files/CZ-K-ER-29017_R1.jpg?v=1751373020,https://cdn.shopify.com/s/files/1/0805/4777/4752/files/CZ-K-ER-29017_R2.jpg?v=1763632146,CZ-K-ER-29017_R1.jpg
Tessa Diamong Earrings,9 KT / Yellow Gold,9K,1.8,0.518,27503.0,50728432730400,https://cdn.shopify.com/s/files/1/0805/4777/4752/files/RK-RBT-17_Y1.jpg?v=1751372944,https://cdn.shopify.com/s/files/1/0805/4777/4752/files/RK-RBT-17_Y2.jpg?v=1751372944,RK-RBT-17_Y1.jpg
Tessa Diamong Earrings,14 KT / Yellow Gold,14K,2.04,0.518,35850.0,49907318620448,https://cdn.shopify.com/s/files/1/0805/4777/4752/files/RK-RBT-17_Y1.jpg?v=1751372944,https://cdn.shopify.com/s/files/1/0805/4777/4752/files/RK-RBT-17_Y2.jpg?v=1751372944,RK-RBT-17_Y1.jpg
Tessa Diamong Earrings,18 KT / Yellow Gold,18K,2.4,0.518,45737.0,49907318718752,https://cdn.shopify.com/s/files/1/0805/4777/4752/files/RK-RBT-17_Y1.jpg?v=1751372944,https://cdn.shopify.com/s/files/1/0805/4777/4752/files/RK-RBT-17_Y2.jpg?v=1751372944,RK-RBT-17_Y1.jpg
Curved Wave Diamond Stud Earrings,9 KT / Rose Gold,9K,1.93375,0.5,27521.0,51116290408736,https://cdn.shopify.com/s/files/1/0805/4777/4752/files/MJ-ER67213_R1_cc49adf8-6180-45e9-9855-2bb1c9a75d68.jpg?v=1769667860,https://cdn.shopify.com/s/files/1/0805/4777/4752/files/MJ-ER67213_R2_a8712145-c03b-4203-b25f-bb2bacc1b10f.jpg?v=1769667860,MJ-ER67213_R1_cc49adf8-6180-45e9-9855-2bb1c9a75d68.jpg
Curved Wave Diamond Stud Earrings,14 KT / Rose Gold,14K,2.13,0.5,35907.0,51116290507040,https://cdn.shopify.com/s/files/1/0805/4777/4752/files/MJ-ER67213_R1_cc49adf8-6180-45e9-9855-2bb1c9a75d68.jpg?v=1769667860,https://cdn.shopify.com/s/files/1/0805/4777/4752/files/MJ-ER67213_R2_a8712145-c03b-4203-b25f-bb2bacc1b10f.jpg?v=1769667860,MJ-ER67213_R1_cc49adf8-6180-45e9-9855-2bb1c9a75d68.jpg
Curved Wave Diamond Stud Earrings,18 KT / Rose Gold,18K,2.55,0.5,46766.0,51116290605344,https://cdn.shopify.com/s/files/1/0805/4777/4752/files/MJ-ER67213_R1_cc49adf8-6180-45e9-9855-2bb1c9a75d68.jpg?v=1769667860,https://cdn.shopify.com/s/files/1/0805/4777/4752/files/MJ-ER67213_R2_a8712145-c03b-4203-b25f-bb2bacc1b10f.jpg?v=1769667860,MJ-ER67213_R1_cc49adf8-6180-45e9-9855-2bb1c9a75d68.jpg
Three Spoke Diamond Stud Earrings,9 KT / Rose Gold,9K,1.8375,0.51,27575.0,51157651030304,https://cdn.shopify.com/s/files/1/0805/4777/4752/files/DER001213_R1.jpg?v=1771505777,https://cdn.shopify.com/s/files/1/0805/4777/4752/files/DER001213_W1.jpg?v=1771505777,DER001213_R1.jpg
Three Spoke Diamond Stud Earrings,14 KT / Rose Gold,14K,2.0825,0.51,36096.0,51157651128608,https://cdn.shopify.com/s/files/1/0805/4777/4752/files/DER001213_R1.jpg?v=1771505777,https://cdn.shopify.com/s/files/1/0805/4777/4752/files/DER001213_W1.jpg?v=1771505777,DER001213_R1.jpg
Three Spoke Diamond Stud Earrings,18 KT / Rose Gold,18K,2.45,0.51,46189.0,51157651226912,https://cdn.shopify.com/s/files/1/0805/4777/4752/files/DER001213_R1.jpg?v=1771505777,https://cdn.shopify.com/s/files/1/0805/4777/4752/files/DER001213_W1.jpg?v=1771505777,DER001213_R1.jpg
Crimson Leaf Diamond Earrings,9 KT / Yellow Gold,9K,1.929,0.442,27654.0,50728373846304,https://cdn.shopify.com/s/files/1/0805/4777/4752/files/DER000960_Y1.jpg?v=1759830472,https://cdn.shopify.com/s/files/1/0805/4777/4752/files/DER000960_Y2.jpg?v=1759830496,DER000960_Y1.jpg
Crimson Leaf Diamond Earrings,14 KT / Yellow Gold,14K,2.1862,0.442,36600.0,50136741511456,https://cdn.shopify.com/s/files/1/0805/4777/4752/files/DER000960_Y1.jpg?v=1759830472,https://cdn.shopify.com/s/files/1/0805/4777/4752/files/DER000960_Y2.jpg?v=1759830496,DER000960_Y1.jpg
Crimson Leaf Diamond Earrings,18 KT / Yellow Gold,18K,2.57,0.442,47171.0,50136741609760,https://cdn.shopify.com/s/files/1/0805/4777/4752/files/DER000960_Y1.jpg?v=1759830472,https://cdn.shopify.com/s/files/1/0805/4777/4752/files/DER000960_Y2.jpg?v=1759830496,DER000960_Y1.jpg
Squared One Diamond Bali Earrings,9 KT / Rose Gold,9K,2.445,0.34,27658.0,50728293794080,https://cdn.shopify.com/s/files/1/0805/4777/4752/files/DER001147_R1.jpg?v=1754378879,https://cdn.shopify.com/s/files/1/0805/4777/4752/files/DER001147_R2.jpg?v=1754378879,DER001147_R1.jpg
Squared One Diamond Bali Earrings,14 KT / Rose Gold,14K,2.771,0.34,38997.0,50523570798880,https://cdn.shopify.com/s/files/1/0805/4777/4752/files/DER001147_R1.jpg?v=1754378879,https://cdn.shopify.com/s/files/1/0805/4777/4752/files/DER001147_R2.jpg?v=1754378879,DER001147_R1.jpg
Squared One Diamond Bali Earrings,18 KT / Rose Gold,18K,3.26,0.34,52426.0,50523570897184,https://cdn.shopify.com/s/files/1/0805/4777/4752/files/DER001147_R1.jpg?v=1754378879,https://cdn.shopify.com/s/files/1/0805/4777/4752/files/DER001147_R2.jpg?v=1754378879,DER001147_R1.jpg
Shield Drop Diamond Earrings,9 KT / Yellow Gold,9K,2.35725,0.318,27667.0,50728360116512,https://cdn.shopify.com/s/files/1/0805/4777/4752/files/SPER01091_Y1.jpg?v=1751372736,https://cdn.shopify.com/s/files/1/0805/4777/4752/files/SPER01091_Y2.jpg?v=1751372736,SPER01091_Y1.jpg
Shield Drop Diamond Earrings,14 KT / Yellow Gold,14K,2.67155,0.318,38598.0,50136878481696,https://cdn.shopify.com/s/files/1/0805/4777/4752/files/SPER01091_Y1.jpg?v=1751372736,https://cdn.shopify.com/s/files/1/0805/4777/4752/files/SPER01091_Y2.jpg?v=1751372736,SPER01091_Y1.jpg
Shield Drop Diamond Earrings,18 KT / Yellow Gold,18K,3.14,0.318,51509.0,50136878580000,https://cdn.shopify.com/s/files/1/0805/4777/4752/files/SPER01091_Y1.jpg?v=1751372736,https://cdn.shopify.com/s/files/1/0805/4777/4752/files/SPER01091_Y2.jpg?v=1751372736,SPER01091_Y1.jpg
The Meridian Diamond Earrings,9 KT / Yellow Gold,9K,2.1,0.397,27681.0,50728360509728,https://cdn.shopify.com/s/files/1/0805/4777/4752/files/SPER01107_Y1.jpg?v=1751372747,https://cdn.shopify.com/s/files/1/0805/4777/4752/files/SPER01107_Y2.jpg?v=1763635160,SPER01107_Y1.jpg
The Meridian Diamond Earrings,14 KT / Yellow Gold,14K,2.38,0.397,37419.0,50136876876064,https://cdn.shopify.com/s/files/1/0805/4777/4752/files/SPER01107_Y1.jpg?v=1751372747,https://cdn.shopify.com/s/files/1/0805/4777/4752/files/SPER01107_Y2.jpg?v=1763635160,SPER01107_Y1.jpg
The Meridian Diamond Earrings,18 KT / Yellow Gold,18K,2.8,0.397,48954.0,50136876974368,https://cdn.shopify.com/s/files/1/0805/4777/4752/files/SPER01107_Y1.jpg?v=1751372747,https://cdn.shopify.com/s/files/1/0805/4777/4752/files/SPER01107_Y2.jpg?v=1763635160,SPER01107_Y1.jpg
Daphne Diamond Earrings,9 KT / Rose Gold,9K,2.475,0.336,27779.0,50728460255520,https://cdn.shopify.com/s/files/1/0805/4777/4752/files/RK-PNB-316E_R1.jpg?v=1751372964,https://cdn.shopify.com/s/files/1/0805/4777/4752/files/RK-PNB-316E_R2.jpg?v=1763635078,RK-PNB-316E_R1.jpg
Daphne Diamond Earrings,14 KT / Rose Gold,14K,2.805,0.336,39257.0,49907299090720,https://cdn.shopify.com/s/files/1/0805/4777/4752/files/RK-PNB-316E_R1.jpg?v=1751372964,https://cdn.shopify.com/s/files/1/0805/4777/4752/files/RK-PNB-316E_R2.jpg?v=1763635078,RK-PNB-316E_R1.jpg
Daphne Diamond Earrings,18 KT / Rose Gold,18K,3.3,0.336,52851.0,49907299189024,https://cdn.shopify.com/s/files/1/0805/4777/4752/files/RK-PNB-316E_R1.jpg?v=1751372964,https://cdn.shopify.com/s/files/1/0805/4777/4752/files/RK-PNB-316E_R2.jpg?v=1763635078,RK-PNB-316E_R1.jpg
Anchor Diamond Stud Earrings,9 KT / Yellow Gold,9K,2.457,0.366,27784.0,51157653487904,https://cdn.shopify.com/s/files/1/0805/4777/4752/files/DER001490_Y1.jpg?v=1771227021,https://cdn.shopify.com/s/files/1/0805/4777/4752/files/DER001490_Y2.jpg?v=1771227082,DER001490_Y1.jpg
Anchor Diamond Stud Earrings,14 KT / Yellow Gold,14K,2.7,0.366,38379.0,51157653586208,https://cdn.shopify.com/s/files/1/0805/4777/4752/files/DER001490_Y1.jpg?v=1771227021,https://cdn.shopify.com/s/files/1/0805/4777/4752/files/DER001490_Y2.jpg?v=1771227082,DER001490_Y1.jpg
Anchor Diamond Stud Earrings,18 KT / Yellow Gold,18K,3.24,0.366,52236.0,51157653684512,https://cdn.shopify.com/s/files/1/0805/4777/4752/files/DER001490_Y1.jpg?v=1771227021,https://cdn.shopify.com/s/files/1/0805/4777/4752/files/DER001490_Y2.jpg?v=1771227082,DER001490_Y1.jpg
Shimmerwings Diamond Stud Earrings,9 KT / Yellow Gold,9K,1.35,0.66,27870.0,50728239235360,https://cdn.shopify.com/s/files/1/0805/4777/4752/files/DER001241_Y1.jpg?v=1756378303,https://cdn.shopify.com/s/files/1/0805/4777/4752/files/DER001241_Y2.jpg?v=1767694993,DER001241_Y1.jpg
Shimmerwings Diamond Stud Earrings,14 KT / Yellow Gold,14K,1.53,0.66,34131.0,50632476459296,https://cdn.shopify.com/s/files/1/0805/4777/4752/files/DER001241_Y1.jpg?v=1756378303,https://cdn.shopify.com/s/files/1/0805/4777/4752/files/DER001241_Y2.jpg?v=1767694993,DER001241_Y1.jpg
Shimmerwings Diamond Stud Earrings,18 KT / Yellow Gold,18K,1.8,0.66,41546.0,50632476557600,https://cdn.shopify.com/s/files/1/0805/4777/4752/files/DER001241_Y1.jpg?v=1756378303,https://cdn.shopify.com/s/files/1/0805/4777/4752/files/DER001241_Y2.jpg?v=1767694993,DER001241_Y1.jpg
Sparkling Hearts Diamond Stud Earrings,9 KT / Yellow Gold,9K,2.265,0.4,27890.0,50728294842656,https://cdn.shopify.com/s/files/1/0805/4777/4752/files/DER001152_Y1.jpg?v=1754119091,https://cdn.shopify.com/s/files/1/0805/4777/4752/files/DER001152_Y2.jpg?v=1763634042,DER001152_Y1.jpg
Sparkling Hearts Diamond Stud Earrings,14 KT / Yellow Gold,14K,2.567,0.4,38394.0,50523565097248,https://cdn.shopify.com/s/files/1/0805/4777/4752/files/DER001152_Y1.jpg?v=1754119091,https://cdn.shopify.com/s/files/1/0805/4777/4752/files/DER001152_Y2.jpg?v=1763634042,DER001152_Y1.jpg
Sparkling Hearts Diamond Stud Earrings,18 KT / Yellow Gold,18K,3.02,0.4,50835.0,50523565195552,https://cdn.shopify.com/s/files/1/0805/4777/4752/files/DER001152_Y1.jpg?v=1754119091,https://cdn.shopify.com/s/files/1/0805/4777/4752/files/DER001152_Y2.jpg?v=1763634042,DER001152_Y1.jpg
Arched Pave Halo Diamond Stud Earrings,9 KT / Yellow Gold,9K,2.275,0.42,27890.0,51157651685664,https://cdn.shopify.com/s/files/1/0805/4777/4752/files/DER001486_Y1.jpg?v=1771227010,https://cdn.shopify.com/s/files/1/0805/4777/4752/files/DER001486_Y2.jpg?v=1771227074,DER001486_Y1.jpg
Arched Pave Halo Diamond Stud Earrings,14 KT / Yellow Gold,14K,2.5,0.42,37700.0,51157651783968,https://cdn.shopify.com/s/files/1/0805/4777/4752/files/DER001486_Y1.jpg?v=1771227010,https://cdn.shopify.com/s/files/1/0805/4777/4752/files/DER001486_Y2.jpg?v=1771227074,DER001486_Y1.jpg
Arched Pave Halo Diamond Stud Earrings,18 KT / Yellow Gold,18K,3.0,0.42,50531.0,51157651882272,https://cdn.shopify.com/s/files/1/0805/4777/4752/files/DER001486_Y1.jpg?v=1771227010,https://cdn.shopify.com/s/files/1/0805/4777/4752/files/DER001486_Y2.jpg?v=1771227074,DER001486_Y1.jpg
Butterfly Marquise Diamond Stud Earrings,9 KT / Rose Gold,9K,1.19925,0.71,28058.0,51116289491232,https://cdn.shopify.com/s/files/1/0805/4777/4752/files/MJ-ER62273_R1.jpg?v=1768566222,https://cdn.shopify.com/s/files/1/0805/4777/4752/files/MJ-ER62273_W1.jpg?v=1768566222,MJ-ER62273_R1.jpg
Butterfly Marquise Diamond Stud Earrings,14 KT / Rose Gold,14K,1.35915,0.71,33619.0,51116289589536,https://cdn.shopify.com/s/files/1/0805/4777/4752/files/MJ-ER62273_R1.jpg?v=1768566222,https://cdn.shopify.com/s/files/1/0805/4777/4752/files/MJ-ER62273_W1.jpg?v=1768566222,MJ-ER62273_R1.jpg
Butterfly Marquise Diamond Stud Earrings,18 KT / Rose Gold,18K,1.6,0.71,40219.0,51116289687840,https://cdn.shopify.com/s/files/1/0805/4777/4752/files/MJ-ER62273_R1.jpg?v=1768566222,https://cdn.shopify.com/s/files/1/0805/4777/4752/files/MJ-ER62273_W1.jpg?v=1768566222,MJ-ER62273_R1.jpg
Mini Blossom Round Diamond Stud Earrings,9 KT / Yellow Gold,9K,1.875,0.518,28073.0,51116290834720,https://cdn.shopify.com/s/files/1/0805/4777/4752/files/MJ-ELMEPT65899E_Y1_d27eb57d-1c0f-4346-bcf7-511b935af0cd.jpg?v=1769666701,https://cdn.shopify.com/s/files/1/0805/4777/4752/files/MJ-ELMEPT65899E_Y2_642c4591-f659-48f4-ba33-716fc98d674a.jpg?v=1769666737,MJ-ELMEPT65899E_Y1_d27eb57d-1c0f-4346-bcf7-511b935af0cd.jpg
Mini Blossom Round Diamond Stud Earrings,14 KT / Yellow Gold,14K,2.125,0.518,36768.0,51116290933024,https://cdn.shopify.com/s/files/1/0805/4777/4752/files/MJ-ELMEPT65899E_Y1_d27eb57d-1c0f-4346-bcf7-511b935af0cd.jpg?v=1769666701,https://cdn.shopify.com/s/files/1/0805/4777/4752/files/MJ-ELMEPT65899E_Y2_642c4591-f659-48f4-ba33-716fc98d674a.jpg?v=1769666737,MJ-ELMEPT65899E_Y1_d27eb57d-1c0f-4346-bcf7-511b935af0cd.jpg
Mini Blossom Round Diamond Stud Earrings,18 KT / Yellow Gold,18K,2.5,0.518,47067.0,51116291031328,https://cdn.shopify.com/s/files/1/0805/4777/4752/files/MJ-ELMEPT65899E_Y1_d27eb57d-1c0f-4346-bcf7-511b935af0cd.jpg?v=1769666701,https://cdn.shopify.com/s/files/1/0805/4777/4752/files/MJ-ELMEPT65899E_Y2_642c4591-f659-48f4-ba33-716fc98d674a.jpg?v=1769666737,MJ-ELMEPT65899E_Y1_d27eb57d-1c0f-4346-bcf7-511b935af0cd.jpg
Morning Mist Diamond Stud Earrings,9 KT / Rose Gold,9K,1.3125,0.682,28172.0,50728334950688,https://cdn.shopify.com/s/files/1/0805/4777/4752/files/DER001088_R1.jpg?v=1754125610,https://cdn.shopify.com/s/files/1/0805/4777/4752/files/DER001088_R2.jpg?v=1763633166,DER001088_R1.jpg
Morning Mist Diamond Stud Earrings,14 KT / Rose Gold,14K,1.4875,0.682,34259.0,50523552743712,https://cdn.shopify.com/s/files/1/0805/4777/4752/files/DER001088_R1.jpg?v=1754125610,https://cdn.shopify.com/s/files/1/0805/4777/4752/files/DER001088_R2.jpg?v=1763633166,DER001088_R1.jpg
Morning Mist Diamond Stud Earrings,18 KT / Rose Gold,18K,1.75,0.682,41468.0,50523552842016,https://cdn.shopify.com/s/files/1/0805/4777/4752/files/DER001088_R1.jpg?v=1754125610,https://cdn.shopify.com/s/files/1/0805/4777/4752/files/DER001088_R2.jpg?v=1763633166,DER001088_R1.jpg
Nova Bloom Diamond Earrings,9 KT / Rose Gold,9K,2.025,0.44,28217.0,50728361099552,https://cdn.shopify.com/s/files/1/0805/4777/4752/files/SPER01106_R1.jpg?v=1751372758,https://cdn.shopify.com/s/files/1/0805/4777/4752/files/SPER01106_R2.jpg?v=1751372758,SPER01106_R1.jpg
Nova Bloom Diamond Earrings,14 KT / Rose Gold,14K,2.295,0.44,37608.0,50136875565344,https://cdn.shopify.com/s/files/1/0805/4777/4752/files/SPER01106_R1.jpg?v=1751372758,https://cdn.shopify.com/s/files/1/0805/4777/4752/files/SPER01106_R2.jpg?v=1751372758,SPER01106_R1.jpg
Nova Bloom Diamond Earrings,18 KT / Rose Gold,18K,2.7,0.44,48731.0,50136875663648,https://cdn.shopify.com/s/files/1/0805/4777/4752/files/SPER01106_R1.jpg?v=1751372758,https://cdn.shopify.com/s/files/1/0805/4777/4752/files/SPER01106_R2.jpg?v=1751372758,SPER01106_R1.jpg
Delicate Border Diamond Earrings,9 KT / Rose Gold,9K,1.9875,0.414,28223.0,50728373748000,https://cdn.shopify.com/s/files/1/0805/4777/4752/files/DER000958_R1.jpg?v=1759921025,https://cdn.shopify.com/s/files/1/0805/4777/4752/files/DER000958_R2.jpg?v=1759921025,DER000958_R1.jpg
Delicate Border Diamond Earrings,14 KT / Rose Gold,14K,2.2525,0.414,37440.0,50136741675296,https://cdn.shopify.com/s/files/1/0805/4777/4752/files/DER000958_R1.jpg?v=1759921025,https://cdn.shopify.com/s/files/1/0805/4777/4752/files/DER000958_R2.jpg?v=1759921025,DER000958_R1.jpg
Delicate Border Diamond Earrings,18 KT / Rose Gold,18K,2.65,0.414,48356.0,50136741773600,https://cdn.shopify.com/s/files/1/0805/4777/4752/files/DER000958_R1.jpg?v=1759921025,https://cdn.shopify.com/s/files/1/0805/4777/4752/files/DER000958_R2.jpg?v=1759921025,DER000958_R1.jpg
Tri-Flare Diamond Earrings,9 KT / Yellow Gold,9K,2.025,0.443,28297.0,50728361001248,https://cdn.shopify.com/s/files/1/0805/4777/4752/files/SPER01116_Y1.jpg?v=1751372756,https://cdn.shopify.com/s/files/1/0805/4777/4752/files/SPER01116_Y2.jpg?v=1751372756,SPER01116_Y1.jpg
Tri-Flare Diamond Earrings,14 KT / Yellow Gold,14K,2.295,0.443,37688.0,50136875827488,https://cdn.shopify.com/s/files/1/0805/4777/4752/files/SPER01116_Y1.jpg?v=1751372756,https://cdn.shopify.com/s/files/1/0805/4777/4752/files/SPER01116_Y2.jpg?v=1751372756,SPER01116_Y1.jpg
Tri-Flare Diamond Earrings,18 KT / Yellow Gold,18K,2.7,0.443,48811.0,50136875925792,https://cdn.shopify.com/s/files/1/0805/4777/4752/files/SPER01116_Y1.jpg?v=1751372756,https://cdn.shopify.com/s/files/1/0805/4777/4752/files/SPER01116_Y2.jpg?v=1751372756,SPER01116_Y1.jpg
Echo Drop Diamond Earrings,9 KT / Rose Gold,9K,1.9125,0.478,28316.0,50728361525536,https://cdn.shopify.com/s/files/1/0805/4777/4752/files/SPER01105_R1.jpg?v=1751372766,https://cdn.shopify.com/s/files/1/0805/4777/4752/files/SPER01105_R2.jpg?v=1751372766,SPER01105_R1.jpg
Echo Drop Diamond Earrings,14 KT / Rose Gold,14K,2.1675,0.478,37185.0,50136874025248,https://cdn.shopify.com/s/files/1/0805/4777/4752/files/SPER01105_R1.jpg?v=1751372766,https://cdn.shopify.com/s/files/1/0805/4777/4752/files/SPER01105_R2.jpg?v=1751372766,SPER01105_R1.jpg
Echo Drop Diamond Earrings,18 KT / Rose Gold,18K,2.55,0.478,47689.0,50136874123552,https://cdn.shopify.com/s/files/1/0805/4777/4752/files/SPER01105_R1.jpg?v=1751372766,https://cdn.shopify.com/s/files/1/0805/4777/4752/files/SPER01105_R2.jpg?v=1751372766,SPER01105_R1.jpg
Twilight Spark Diamond Earrings,9 KT / Rose Gold,9K,2.1,0.465,28370.0,50730094166304,https://cdn.shopify.com/s/files/1/0805/4777/4752/files/DER000640_R1.jpg?v=1750223097,https://cdn.shopify.com/s/files/1/0805/4777/4752/files/DER000640_R2.jpg?v=1750223097,DER000640_R1.jpg
Twilight Spark Diamond Earrings,14 KT / Rose Gold,14K,2.38,0.465,38109.0,49509051400480,https://cdn.shopify.com/s/files/1/0805/4777/4752/files/DER000640_R1.jpg?v=1750223097,https://cdn.shopify.com/s/files/1/0805/4777/4752/files/DER000640_R2.jpg?v=1750223097,DER000640_R1.jpg
Twilight Spark Diamond Earrings,18 KT / Rose Gold,18K,2.8,0.465,49643.0,49848418435360,https://cdn.shopify.com/s/files/1/0805/4777/4752/files/DER000640_R1.jpg?v=1750223097,https://cdn.shopify.com/s/files/1/0805/4777/4752/files/DER000640_R2.jpg?v=1750223097,DER000640_R1.jpg
Diamond Crescent Earrings,9 KT / Rose Gold,9K,2.475,0.372,28740.0,50730031481120,https://cdn.shopify.com/s/files/1/0805/4777/4752/files/DER000725_R1.jpg?v=1750222907,https://cdn.shopify.com/s/files/1/0805/4777/4752/files/DER000725_R2.jpg?v=1767693503,DER000725_R1.jpg
Diamond Crescent Earrings,14 KT / Rose Gold,14K,2.805,0.372,40218.0,49509067030816,https://cdn.shopify.com/s/files/1/0805/4777/4752/files/DER000725_R1.jpg?v=1750222907,https://cdn.shopify.com/s/files/1/0805/4777/4752/files/DER000725_R2.jpg?v=1767693503,DER000725_R1.jpg
Diamond Crescent Earrings,18 KT / Rose Gold,18K,3.3,0.372,53812.0,49846364438816,https://cdn.shopify.com/s/files/1/0805/4777/4752/files/DER000725_R1.jpg?v=1750222907,https://cdn.shopify.com/s/files/1/0805/4777/4752/files/DER000725_R2.jpg?v=1767693503,DER000725_R1.jpg
Crystal Oasis Diamond Earrings,9 KT / White Gold,9K,2.025,0.504,28840.0,50730022895904,https://cdn.shopify.com/s/files/1/0805/4777/4752/files/DER000749_W1.jpg?v=1750222872,https://cdn.shopify.com/s/files/1/0805/4777/4752/files/DER000749_W2.jpg?v=1767693556,DER000749_W1.jpg
Crystal Oasis Diamond Earrings,14 KT / White Gold,14K,2.295,0.504,38231.0,49509070405920,https://cdn.shopify.com/s/files/1/0805/4777/4752/files/DER000749_W1.jpg?v=1750222872,https://cdn.shopify.com/s/files/1/0805/4777/4752/files/DER000749_W2.jpg?v=1767693556,DER000749_W1.jpg
Crystal Oasis Diamond Earrings,18 KT / White Gold,18K,2.7,0.504,49353.0,49846259712288,https://cdn.shopify.com/s/files/1/0805/4777/4752/files/DER000749_W1.jpg?v=1750222872,https://cdn.shopify.com/s/files/1/0805/4777/4752/files/DER000749_W2.jpg?v=1767693556,DER000749_W1.jpg
Timeless Dream Diamond Earrings,9 KT / Rose Gold,9K,2.25,0.44,28843.0,50730035609888,https://cdn.shopify.com/s/files/1/0805/4777/4752/files/SER001075_R1.jpg?v=1750222925,https://cdn.shopify.com/s/files/1/0805/4777/4752/files/SER001075_R2.jpg?v=1750222925,SER001075_R1.jpg
Timeless Dream Diamond Earrings,14 KT / Rose Gold,14K,2.55,0.44,39278.0,49509065883936,https://cdn.shopify.com/s/files/1/0805/4777/4752/files/SER001075_R1.jpg?v=1750222925,https://cdn.shopify.com/s/files/1/0805/4777/4752/files/SER001075_R2.jpg?v=1750222925,SER001075_R1.jpg
Timeless Dream Diamond Earrings,18 KT / Rose Gold,18K,3.0,0.44,51636.0,49848415748384,https://cdn.shopify.com/s/files/1/0805/4777/4752/files/SER001075_R1.jpg?v=1750222925,https://cdn.shopify.com/s/files/1/0805/4777/4752/files/SER001075_R2.jpg?v=1750222925,SER001075_R1.jpg
Toi et Moi Pear Emerald Diamond Stud Earrings,9 KT / Yellow Gold,9K,1.8375,0.56,28909.0,50728236515616,https://cdn.shopify.com/s/files/1/0805/4777/4752/files/DER001228_Y1.jpg?v=1756378273,https://cdn.shopify.com/s/files/1/0805/4777/4752/files/DER001228_Y2.jpg?v=1767696158,DER001228_Y1.jpg
Toi et Moi Pear Emerald Diamond Stud Earrings,14 KT / Yellow Gold,14K,2.0825,0.56,37430.0,50632483078432,https://cdn.shopify.com/s/files/1/0805/4777/4752/files/DER001228_Y1.jpg?v=1756378273,https://cdn.shopify.com/s/files/1/0805/4777/4752/files/DER001228_Y2.jpg?v=1767696158,DER001228_Y1.jpg
Toi et Moi Pear Emerald Diamond Stud Earrings,18 KT / Yellow Gold,18K,2.45,0.56,47523.0,50632483176736,https://cdn.shopify.com/s/files/1/0805/4777/4752/files/DER001228_Y1.jpg?v=1756378273,https://cdn.shopify.com/s/files/1/0805/4777/4752/files/DER001228_Y2.jpg?v=1767696158,DER001228_Y1.jpg
Trinity Three Diamond Stud Earrings,9 KT / Rose Gold,9K,1.1739,0.76,28934.0,51116288377120,https://cdn.shopify.com/s/files/1/0805/4777/4752/files/MJ-ELMEER66385_R1.jpg?v=1769667756,https://cdn.shopify.com/s/files/1/0805/4777/4752/files/MJ-ELMEER66385_R2.jpg?v=1769667756,MJ-ELMEER66385_R1.jpg
Trinity Three Diamond Stud Earrings,14 KT / Rose Gold,14K,1.29,0.76,33996.0,51116288475424,https://cdn.shopify.com/s/files/1/0805/4777/4752/files/MJ-ELMEER66385_R1.jpg?v=1769667756,https://cdn.shopify.com/s/files/1/0805/4777/4752/files/MJ-ELMEER66385_R2.jpg?v=1769667756,MJ-ELMEER66385_R1.jpg
Trinity Three Diamond Stud Earrings,18 KT / Rose Gold,18K,1.548,0.76,40617.0,51116288573728,https://cdn.shopify.com/s/files/1/0805/4777/4752/files/MJ-ELMEER66385_R1.jpg?v=1769667756,https://cdn.shopify.com/s/files/1/0805/4777/4752/files/MJ-ELMEER66385_R2.jpg?v=1769667756,MJ-ELMEER66385_R1.jpg
Swirl On Diamond Dangler Earrings,9 KT / Rose Gold,9K,1.995,0.48,29040.0,50728374862112,https://cdn.shopify.com/s/files/1/0805/4777/4752/files/DER000950_R1.jpg?v=1759470731,https://cdn.shopify.com/s/files/1/0805/4777/4752/files/DER000950_R2.jpg?v=1759470731,DER000950_R1.jpg
Swirl On Diamond Dangler Earrings,14 KT / Rose Gold,14K,2.261,0.48,38292.0,50136740233504,https://cdn.shopify.com/s/files/1/0805/4777/4752/files/DER000950_R1.jpg?v=1759470731,https://cdn.shopify.com/s/files/1/0805/4777/4752/files/DER000950_R2.jpg?v=1759470731,DER000950_R1.jpg
Swirl On Diamond Dangler Earrings,18 KT / Rose Gold,18K,2.66,0.48,49250.0,50136740331808,https://cdn.shopify.com/s/files/1/0805/4777/4752/files/DER000950_R1.jpg?v=1759470731,https://cdn.shopify.com/s/files/1/0805/4777/4752/files/DER000950_R2.jpg?v=1759470731,DER000950_R1.jpg
City-Ready Blossom Diamond Stud Earrings,9 KT / White Gold,9K,1.425,0.686,29134.0,50728238645536,https://cdn.shopify.com/s/files/1/0805/4777/4752/files/DER001248_W1.jpg?v=1761631323,https://cdn.shopify.com/s/files/1/0805/4777/4752/files/DER001248_W2.jpg?v=1767695121,DER001248_W1.jpg
City-Ready Blossom Diamond Stud Earrings,14 KT / White Gold,14K,1.615,0.686,35742.0,50632477016352,https://cdn.shopify.com/s/files/1/0805/4777/4752/files/DER001248_W1.jpg?v=1761631323,https://cdn.shopify.com/s/files/1/0805/4777/4752/files/DER001248_W2.jpg?v=1767695121,DER001248_W1.jpg
City-Ready Blossom Diamond Stud Earrings,18 KT / White Gold,18K,1.9,0.686,43569.0,50632477114656,https://cdn.shopify.com/s/files/1/0805/4777/4752/files/DER001248_W1.jpg?v=1761631323,https://cdn.shopify.com/s/files/1/0805/4777/4752/files/DER001248_W2.jpg?v=1767695121,DER001248_W1.jpg
Starlit Strand Diamond Stud Earrings,9 KT / Yellow Gold,9K,1.95,0.54,29230.0,50728236155168,https://cdn.shopify.com/s/files/1/0805/4777/4752/files/DER001219_Y1.jpg?v=1756378242,https://cdn.shopify.com/s/files/1/0805/4777/4752/files/DER001219_Y2.jpg?v=1767694898,DER001219_Y1.jpg
Starlit Strand Diamond Stud Earrings,14 KT / Yellow Gold,14K,2.21,0.54,38273.0,50632483864864,https://cdn.shopify.com/s/files/1/0805/4777/4752/files/DER001219_Y1.jpg?v=1756378242,https://cdn.shopify.com/s/files/1/0805/4777/4752/files/DER001219_Y2.jpg?v=1767694898,DER001219_Y1.jpg
Starlit Strand Diamond Stud Earrings,18 KT / Yellow Gold,18K,2.6,0.54,48984.0,50632483963168,https://cdn.shopify.com/s/files/1/0805/4777/4752/files/DER001219_Y1.jpg?v=1756378242,https://cdn.shopify.com/s/files/1/0805/4777/4752/files/DER001219_Y2.jpg?v=1767694898,DER001219_Y1.jpg
The Alchemist Diamond Earrings,9 KT / White Gold,9K,2.025,0.482,29338.0,50728360902944,https://cdn.shopify.com/s/files/1/0805/4777/4752/files/SPER01083_W1.jpg?v=1751372754,https://cdn.shopify.com/s/files/1/0805/4777/4752/files/SPER01083_W2.jpg?v=1751372754,SPER01083_W1.jpg
The Alchemist Diamond Earrings,14 KT / White Gold,14K,2.295,0.482,38729.0,50136875991328,https://cdn.shopify.com/s/files/1/0805/4777/4752/files/SPER01083_W1.jpg?v=1751372754,https://cdn.shopify.com/s/files/1/0805/4777/4752/files/SPER01083_W2.jpg?v=1751372754,SPER01083_W1.jpg
The Alchemist Diamond Earrings,18 KT / White Gold,18K,2.7,0.482,49851.0,50136876089632,https://cdn.shopify.com/s/files/1/0805/4777/4752/files/SPER01083_W1.jpg?v=1751372754,https://cdn.shopify.com/s/files/1/0805/4777/4752/files/SPER01083_W2.jpg?v=1751372754,SPER01083_W1.jpg
Celestial Mist Diamond Earrings,9 KT / Yellow Gold,9K,0.969,0.64,29365.0,50730018930976,https://cdn.shopify.com/s/files/1/0805/4777/4752/files/DER000286_Y1.jpg?v=1750222829,https://cdn.shopify.com/s/files/1/0805/4777/4752/files/DER000286_Y2.jpg?v=1750222829,DER000286_Y1.jpg
Celestial Mist Diamond Earrings,14 KT / Yellow Gold,14K,1.0982,0.64,33859.0,49509073715488,https://cdn.shopify.com/s/files/1/0805/4777/4752/files/DER000286_Y1.jpg?v=1750222829,https://cdn.shopify.com/s/files/1/0805/4777/4752/files/DER000286_Y2.jpg?v=1750222829,DER000286_Y1.jpg
Celestial Mist Diamond Earrings,18 KT / Yellow Gold,18K,1.29,0.64,39157.0,49846233956640,https://cdn.shopify.com/s/files/1/0805/4777/4752/files/DER000286_Y1.jpg?v=1750222829,https://cdn.shopify.com/s/files/1/0805/4777/4752/files/DER000286_Y2.jpg?v=1750222829,DER000286_Y1.jpg
Flying Wings Diamond Stud Earrings,9 KT / Yellow Gold,9K,2.5575,0.373,29394.0,50728290812192,https://cdn.shopify.com/s/files/1/0805/4777/4752/files/DER001110_Y1.jpg?v=1754118971,https://cdn.shopify.com/s/files/1/0805/4777/4752/files/DER001110_Y2.jpg?v=1763633583,DER001110_Y1.jpg
Flying Wings Diamond Stud Earrings,14 KT / Yellow Gold,14K,2.8985,0.373,41254.0,50523573682464,https://cdn.shopify.com/s/files/1/0805/4777/4752/files/DER001110_Y1.jpg?v=1754118971,https://cdn.shopify.com/s/files/1/0805/4777/4752/files/DER001110_Y2.jpg?v=1763633583,DER001110_Y1.jpg
Flying Wings Diamond Stud Earrings,18 KT / Yellow Gold,18K,3.41,0.373,55301.0,50523573780768,https://cdn.shopify.com/s/files/1/0805/4777/4752/files/DER001110_Y1.jpg?v=1754118971,https://cdn.shopify.com/s/files/1/0805/4777/4752/files/DER001110_Y2.jpg?v=1763633583,DER001110_Y1.jpg
Botanica Diamond Stud Earrings,9 KT / Yellow Gold,9K,2.1,0.51,29570.0,50728300708128,https://cdn.shopify.com/s/files/1/0805/4777/4752/files/DER001116_Y1.jpg?v=1754118988,https://cdn.shopify.com/s/files/1/0805/4777/4752/files/DER001116_Y2.jpg?v=1763633608,DER001116_Y1.jpg
Botanica Diamond Stud Earrings,14 KT / Yellow Gold,14K,2.38,0.51,39309.0,50523561361696,https://cdn.shopify.com/s/files/1/0805/4777/4752/files/DER001116_Y1.jpg?v=1754118988,https://cdn.shopify.com/s/files/1/0805/4777/4752/files/DER001116_Y2.jpg?v=1763633608,DER001116_Y1.jpg
Botanica Diamond Stud Earrings,18 KT / Yellow Gold,18K,2.8,0.51,50843.0,50523561460000,https://cdn.shopify.com/s/files/1/0805/4777/4752/files/DER001116_Y1.jpg?v=1754118988,https://cdn.shopify.com/s/files/1/0805/4777/4752/files/DER001116_Y2.jpg?v=1763633608,DER001116_Y1.jpg
Diamond River Earrings,9 KT / Yellow Gold,9K,2.1375,0.5,29589.0,50730083451168,https://cdn.shopify.com/s/files/1/0805/4777/4752/files/DER000622_Y1.jpg?v=1750223048,https://cdn.shopify.com/s/files/1/0805/4777/4752/files/DER000622_Y2.jpg?v=1750223048,DER000622_Y1.jpg
Diamond River Earrings,14 KT / Yellow Gold,14K,2.4225,0.5,39501.0,49509056905504,https://cdn.shopify.com/s/files/1/0805/4777/4752/files/DER000622_Y1.jpg?v=1750223048,https://cdn.shopify.com/s/files/1/0805/4777/4752/files/DER000622_Y2.jpg?v=1750223048,DER000622_Y1.jpg
Diamond River Earrings,18 KT / Yellow Gold,18K,2.85,0.5,51242.0,49846434922784,https://cdn.shopify.com/s/files/1/0805/4777/4752/files/DER000622_Y1.jpg?v=1750223048,https://cdn.shopify.com/s/files/1/0805/4777/4752/files/DER000622_Y2.jpg?v=1750223048,DER000622_Y1.jpg
Moonlight Gaze Diamond Earrings,9 KT / Rose Gold,9K,2.25,0.47,29644.0,50730020241696,https://cdn.shopify.com/s/files/1/0805/4777/4752/files/SER001065_R1.jpg?v=1750222838,https://cdn.shopify.com/s/files/1/0805/4777/4752/files/SER001065_R2.jpg?v=1750222838,SER001065_R1.jpg
Moonlight Gaze Diamond Earrings,14 KT / Rose Gold,14K,2.55,0.47,40078.0,49509072994592,https://cdn.shopify.com/s/files/1/0805/4777/4752/files/SER001065_R1.jpg?v=1750222838,https://cdn.shopify.com/s/files/1/0805/4777/4752/files/SER001065_R2.jpg?v=1750222838,SER001065_R1.jpg
Moonlight Gaze Diamond Earrings,18 KT / Rose Gold,18K,3.0,0.47,52436.0,49848366727456,https://cdn.shopify.com/s/files/1/0805/4777/4752/files/SER001065_R1.jpg?v=1750222838,https://cdn.shopify.com/s/files/1/0805/4777/4752/files/SER001065_R2.jpg?v=1750222838,SER001065_R1.jpg
Triangular Pave Diamond Stud Earrings,9 KT / Rose Gold,9K,1.8,0.6,29691.0,50728237203744,https://cdn.shopify.com/s/files/1/0805/4777/4752/files/DER001230_R1.jpg?v=1761631123,https://cdn.shopify.com/s/files/1/0805/4777/4752/files/DER001230_R2.jpg?v=1767696176,DER001230_R1.jpg
Triangular Pave Diamond Stud Earrings,14 KT / Rose Gold,14K,2.04,0.6,38038.0,50632482357536,https://cdn.shopify.com/s/files/1/0805/4777/4752/files/DER001230_R1.jpg?v=1761631123,https://cdn.shopify.com/s/files/1/0805/4777/4752/files/DER001230_R2.jpg?v=1767696176,DER001230_R1.jpg
Triangular Pave Diamond Stud Earrings,18 KT / Rose Gold,18K,2.4,0.6,47925.0,50632482455840,https://cdn.shopify.com/s/files/1/0805/4777/4752/files/DER001230_R1.jpg?v=1761631123,https://cdn.shopify.com/s/files/1/0805/4777/4752/files/DER001230_R2.jpg?v=1767696176,DER001230_R1.jpg
50 Cents Hexadic Solitaire Diamond Men's Ear Stud,9 KT / Yellow Gold,9K,1.4625,0.55,29983.0,51003218854176,https://cdn.shopify.com/s/files/1/0805/4777/4752/files/KI-ERG00004-RB-050_Y1.jpg?v=1764770834,https://cdn.shopify.com/s/files/1/0805/4777/4752/files/Modelphotoin1080x1080-06_f743c366-6b66-403f-adba-d85d62880b0a.jpg?v=1764825536,KI-ERG00004-RB-050_Y1.jpg
50 Cents Hexadic Solitaire Diamond Men's Ear Stud,14 KT / Yellow Gold,14K,1.6575,0.55,36765.0,51003218952480,https://cdn.shopify.com/s/files/1/0805/4777/4752/files/KI-ERG00004-RB-050_Y1.jpg?v=1764770834,https://cdn.shopify.com/s/files/1/0805/4777/4752/files/Modelphotoin1080x1080-06_f743c366-6b66-403f-adba-d85d62880b0a.jpg?v=1764825536,KI-ERG00004-RB-050_Y1.jpg
50 Cents Hexadic Solitaire Diamond Men's Ear Stud,18 KT / Yellow Gold,18K,1.95,0.55,44798.0,51003219050784,https://cdn.shopify.com/s/files/1/0805/4777/4752/files/KI-ERG00004-RB-050_Y1.jpg?v=1764770834,https://cdn.shopify.com/s/files/1/0805/4777/4752/files/Modelphotoin1080x1080-06_f743c366-6b66-403f-adba-d85d62880b0a.jpg?v=1764825536,KI-ERG00004-RB-050_Y1.jpg
Cosmo Glow Diamond Stud Earrings,9 KT / Rose Gold,9K,1.3125,0.756,30146.0,50728239366432,https://cdn.shopify.com/s/files/1/0805/4777/4752/files/DER001247_R1.jpg?v=1761631363,https://cdn.shopify.com/s/files/1/0805/4777/4752/files/DER001247_R2.jpg?v=1767696535,DER001247_R1.jpg
Cosmo Glow Diamond Stud Earrings,14 KT / Rose Gold,14K,1.4875,0.756,36233.0,50632476197152,https://cdn.shopify.com/s/files/1/0805/4777/4752/files/DER001247_R1.jpg?v=1761631363,https://cdn.shopify.com/s/files/1/0805/4777/4752/files/DER001247_R2.jpg?v=1767696535,DER001247_R1.jpg
Cosmo Glow Diamond Stud Earrings,18 KT / Rose Gold,18K,1.75,0.756,43442.0,50632476295456,https://cdn.shopify.com/s/files/1/0805/4777/4752/files/DER001247_R1.jpg?v=1761631363,https://cdn.shopify.com/s/files/1/0805/4777/4752/files/DER001247_R2.jpg?v=1767696535,DER001247_R1.jpg
Sprout Studs Diamond Stud Earrings,9 KT / Yellow Gold,9K,3.0,0.28,30277.0,50728272527648,https://cdn.shopify.com/s/files/1/0805/4777/4752/files/DER001166_Y1.jpg?v=1754119135,https://cdn.shopify.com/s/files/1/0805/4777/4752/files/DER001166_Y2.jpg?v=1767696121,DER001166_Y1.jpg
Sprout Studs Diamond Stud Earrings,14 KT / Yellow Gold,14K,3.4,0.28,44189.0,50523579416864,https://cdn.shopify.com/s/files/1/0805/4777/4752/files/DER001166_Y1.jpg?v=1754119135,https://cdn.shopify.com/s/files/1/0805/4777/4752/files/DER001166_Y2.jpg?v=1767696121,DER001166_Y1.jpg
Sprout Studs Diamond Stud Earrings,18 KT / Yellow Gold,18K,4.0,0.28,60667.0,50523579515168,https://cdn.shopify.com/s/files/1/0805/4777/4752/files/DER001166_Y1.jpg?v=1754119135,https://cdn.shopify.com/s/files/1/0805/4777/4752/files/DER001166_Y2.jpg?v=1767696121,DER001166_Y1.jpg
Nebula Swirl Diamond Earrings,9 KT / Rose Gold,9K,2.175,0.478,30452.0,50728360411424,https://cdn.shopify.com/s/files/1/0805/4777/4752/files/SPER01093_R1.jpg?v=1751372744,https://cdn.shopify.com/s/files/1/0805/4777/4752/files/SPER01093_R2.jpg?v=1751372745,SPER01093_R1.jpg
Nebula Swirl Diamond Earrings,14 KT / Rose Gold,14K,2.465,0.478,40538.0,50136877007136,https://cdn.shopify.com/s/files/1/0805/4777/4752/files/SPER01093_R1.jpg?v=1751372744,https://cdn.shopify.com/s/files/1/0805/4777/4752/files/SPER01093_R2.jpg?v=1751372745,SPER01093_R1.jpg
Nebula Swirl Diamond Earrings,18 KT / Rose Gold,18K,2.9,0.478,52485.0,50136877105440,https://cdn.shopify.com/s/files/1/0805/4777/4752/files/SPER01093_R1.jpg?v=1751372744,https://cdn.shopify.com/s/files/1/0805/4777/4752/files/SPER01093_R2.jpg?v=1751372745,SPER01093_R1.jpg
Luxe Circlet Diamond Earrings,9 KT / Rose Gold,9K,2.4,0.413,30549.0,50728360018208,https://cdn.shopify.com/s/files/1/0805/4777/4752/files/SPER01114_R1.jpg?v=1751372734,https://cdn.shopify.com/s/files/1/0805/4777/4752/files/SPER01114_R2.jpg?v=1751372734,SPER01114_R1.jpg
Luxe Circlet Diamond Earrings,14 KT / Rose Gold,14K,2.72,0.413,41679.0,50136878612768,https://cdn.shopify.com/s/files/1/0805/4777/4752/files/SPER01114_R1.jpg?v=1751372734,https://cdn.shopify.com/s/files/1/0805/4777/4752/files/SPER01114_R2.jpg?v=1751372734,SPER01114_R1.jpg
Luxe Circlet Diamond Earrings,18 KT / Rose Gold,18K,3.2,0.413,54861.0,50136878711072,https://cdn.shopify.com/s/files/1/0805/4777/4752/files/SPER01114_R1.jpg?v=1751372734,https://cdn.shopify.com/s/files/1/0805/4777/4752/files/SPER01114_R2.jpg?v=1751372734,SPER01114_R1.jpg
Elva Diamond Earrings,9 KT / Rose Gold,9K,1.8,0.634,30598.0,50730016080160,https://cdn.shopify.com/s/files/1/0805/4777/4752/files/CZ-K-ER-5960_R1.jpg?v=1751373058,https://cdn.shopify.com/s/files/1/0805/4777/4752/files/CZ-K-ER-5960_R2.jpg?v=1751373058,CZ-K-ER-5960_R1.jpg
Elva Diamond Earrings,14 KT / Rose Gold,14K,2.04,0.634,38945.0,49872667345184,https://cdn.shopify.com/s/files/1/0805/4777/4752/files/CZ-K-ER-5960_R1.jpg?v=1751373058,https://cdn.shopify.com/s/files/1/0805/4777/4752/files/CZ-K-ER-5960_R2.jpg?v=1751373058,CZ-K-ER-5960_R1.jpg
Elva Diamond Earrings,18 KT / Rose Gold,18K,2.4,0.634,48832.0,49872667443488,https://cdn.shopify.com/s/files/1/0805/4777/4752/files/CZ-K-ER-5960_R1.jpg?v=1751373058,https://cdn.shopify.com/s/files/1/0805/4777/4752/files/CZ-K-ER-5960_R2.jpg?v=1751373058,CZ-K-ER-5960_R1.jpg
Gemway Glow Diamond Earrings,9 KT / Rose Gold,9K,3.094,0.275,30647.0,50728342782240,https://cdn.shopify.com/s/files/1/0805/4777/4752/files/DER001008_R1.jpg?v=1750684838,https://cdn.shopify.com/s/files/1/0805/4777/4752/files/DER001008_R2.jpg?v=1763633124,DER001008_R1.jpg
Gemway Glow Diamond Earrings,14 KT / Rose Gold,14K,3.4,0.275,43988.0,50323946045728,https://cdn.shopify.com/s/files/1/0805/4777/4752/files/DER001008_R1.jpg?v=1750684838,https://cdn.shopify.com/s/files/1/0805/4777/4752/files/DER001008_R2.jpg?v=1763633124,DER001008_R1.jpg
Gemway Glow Diamond Earrings,18 KT / Rose Gold,18K,4.08,0.275,61438.0,50323946144032,https://cdn.shopify.com/s/files/1/0805/4777/4752/files/DER001008_R1.jpg?v=1750684838,https://cdn.shopify.com/s/files/1/0805/4777/4752/files/DER001008_R2.jpg?v=1763633124,DER001008_R1.jpg
20 Cents Oval Diamond Stud Earrings,9 KT / Yellow Gold,9K,0.90272,0.69,30677.0,51063836148000,https://cdn.shopify.com/s/files/1/0805/4777/4752/files/KI-ER00021-020_Y1.jpg?v=1766488567,https://cdn.shopify.com/s/files/1/0805/4777/4752/files/KI-ER00021-020_Y2.jpg?v=1766488731,KI-ER00021-020_Y1.jpg
20 Cents Oval Diamond Stud Earrings,14 KT / Yellow Gold,14K,0.99,0.69,34551.0,51063836246304,https://cdn.shopify.com/s/files/1/0805/4777/4752/files/KI-ER00021-020_Y1.jpg?v=1766488567,https://cdn.shopify.com/s/files/1/0805/4777/4752/files/KI-ER00021-020_Y2.jpg?v=1766488731,KI-ER00021-020_Y1.jpg
20 Cents Oval Diamond Stud Earrings,18 KT / Yellow Gold,18K,1.1904,0.69,39661.0,51063836344608,https://cdn.shopify.com/s/files/1/0805/4777/4752/files/KI-ER00021-020_Y1.jpg?v=1766488567,https://cdn.shopify.com/s/files/1/0805/4777/4752/files/KI-ER00021-020_Y2.jpg?v=1766488731,KI-ER00021-020_Y1.jpg
Diamond Rush Diamond Earrings,9 KT / Rose Gold,9K,2.625,0.357,30886.0,50728359821600,https://cdn.shopify.com/s/files/1/0805/4777/4752/files/SPER01090_R1.jpg?v=1751372730,https://cdn.shopify.com/s/files/1/0805/4777/4752/files/SPER01090_R2.jpg?v=1751372730,SPER01090_R1.jpg
Diamond Rush Diamond Earrings,14 KT / Rose Gold,14K,2.975,0.357,43059.0,50136881037600,https://cdn.shopify.com/s/files/1/0805/4777/4752/files/SPER01090_R1.jpg?v=1751372730,https://cdn.shopify.com/s/files/1/0805/4777/4752/files/SPER01090_R2.jpg?v=1751372730,SPER01090_R1.jpg
Diamond Rush Diamond Earrings,18 KT / Rose Gold,18K,3.5,0.357,57477.0,50136881135904,https://cdn.shopify.com/s/files/1/0805/4777/4752/files/SPER01090_R1.jpg?v=1751372730,https://cdn.shopify.com/s/files/1/0805/4777/4752/files/SPER01090_R2.jpg?v=1751372730,SPER01090_R1.jpg
Mandala Diamond Earrings,9 KT / Yellow Gold,9K,2.625,0.41,30894.0,50728435024160,https://cdn.shopify.com/s/files/1/0805/4777/4752/files/RK-PNB-279E_Y1.jpg?v=1751372947,https://cdn.shopify.com/s/files/1/0805/4777/4752/files/RK-PNB-279E_Y2.jpg?v=1751372947,RK-PNB-279E_Y1.jpg
Mandala Diamond Earrings,14 KT / Yellow Gold,14K,2.975,0.41,43067.0,49907317637408,https://cdn.shopify.com/s/files/1/0805/4777/4752/files/RK-PNB-279E_Y1.jpg?v=1751372947,https://cdn.shopify.com/s/files/1/0805/4777/4752/files/RK-PNB-279E_Y2.jpg?v=1751372947,RK-PNB-279E_Y1.jpg
Mandala Diamond Earrings,18 KT / Yellow Gold,18K,3.5,0.41,57485.0,49907317735712,https://cdn.shopify.com/s/files/1/0805/4777/4752/files/RK-PNB-279E_Y1.jpg?v=1751372947,https://cdn.shopify.com/s/files/1/0805/4777/4752/files/RK-PNB-279E_Y2.jpg?v=1751372947,RK-PNB-279E_Y1.jpg
Floral Façade Diamond Drop Earrings,9 KT / Yellow Gold,9K,1.725,0.668,30934.0,50728237531424,https://cdn.shopify.com/s/files/1/0805/4777/4752/files/DER001250_Y1.jpg?v=1760012338,https://cdn.shopify.com/s/files/1/0805/4777/4752/files/DER001250_Y2.jpg?v=1767696551,DER001250_Y1.jpg
Floral Façade Diamond Drop Earrings,14 KT / Yellow Gold,14K,1.955,0.668,38934.0,50632481177888,https://cdn.shopify.com/s/files/1/0805/4777/4752/files/DER001250_Y1.jpg?v=1760012338,https://cdn.shopify.com/s/files/1/0805/4777/4752/files/DER001250_Y2.jpg?v=1767696551,DER001250_Y1.jpg
Floral Façade Diamond Drop Earrings,18 KT / Yellow Gold,18K,2.3,0.668,48409.0,50632481276192,https://cdn.shopify.com/s/files/1/0805/4777/4752/files/DER001250_Y1.jpg?v=1760012338,https://cdn.shopify.com/s/files/1/0805/4777/4752/files/DER001250_Y2.jpg?v=1767696551,DER001250_Y1.jpg
Apple of The Eye Diamond Stud Earrings,9 KT / Yellow Gold,9K,2.33,0.5,30953.0,51116372590880,https://cdn.shopify.com/s/files/1/0805/4777/4752/files/MJ-ELMEPT65886E_Y1.jpg?v=1769666696,https://cdn.shopify.com/s/files/1/0805/4777/4752/files/MJ-ELMEPT65886E_Y2.jpg?v=1769666735,MJ-ELMEPT65886E_Y1.jpg
Apple of The Eye Diamond Stud Earrings,14 KT / Yellow Gold,14K,2.567,0.5,41062.0,51116372689184,https://cdn.shopify.com/s/files/1/0805/4777/4752/files/MJ-ELMEPT65886E_Y1.jpg?v=1769666696,https://cdn.shopify.com/s/files/1/0805/4777/4752/files/MJ-ELMEPT65886E_Y2.jpg?v=1769666735,MJ-ELMEPT65886E_Y1.jpg
Apple of The Eye Diamond Stud Earrings,18 KT / Yellow Gold,18K,3.02,0.5,53503.0,51116372787488,https://cdn.shopify.com/s/files/1/0805/4777/4752/files/MJ-ELMEPT65886E_Y1.jpg?v=1769666696,https://cdn.shopify.com/s/files/1/0805/4777/4752/files/MJ-ELMEPT65886E_Y2.jpg?v=1769666735,MJ-ELMEPT65886E_Y1.jpg
Striking Spike Diamond Earrings,9 KT / Yellow Gold,9K,2.55,0.376,30973.0,50728358936864,https://cdn.shopify.com/s/files/1/0805/4777/4752/files/SPER01084_Y1.jpg?v=1751372719,https://cdn.shopify.com/s/files/1/0805/4777/4752/files/SPER01084_Y2.jpg?v=1763635144,SPER01084_Y1.jpg
Striking Spike Diamond Earrings,14 KT / Yellow Gold,14K,2.89,0.376,42799.0,50136882413856,https://cdn.shopify.com/s/files/1/0805/4777/4752/files/SPER01084_Y1.jpg?v=1751372719,https://cdn.shopify.com/s/files/1/0805/4777/4752/files/SPER01084_Y2.jpg?v=1763635144,SPER01084_Y1.jpg
Striking Spike Diamond Earrings,18 KT / Yellow Gold,18K,3.4,0.376,56805.0,50136882512160,https://cdn.shopify.com/s/files/1/0805/4777/4752/files/SPER01084_Y1.jpg?v=1751372719,https://cdn.shopify.com/s/files/1/0805/4777/4752/files/SPER01084_Y2.jpg?v=1763635144,SPER01084_Y1.jpg
Cherry Cluster Round Diamond Earrings,9 KT / Rose Gold,9K,2.821,0.366,31034.0,50728342585632,https://cdn.shopify.com/s/files/1/0805/4777/4752/files/DER001002_R1.jpg?v=1750685081,https://cdn.shopify.com/s/files/1/0805/4777/4752/files/DER001002_R2.jpg?v=1750685081,DER001002_R1.jpg
Cherry Cluster Round Diamond Earrings,14 KT / Rose Gold,14K,3.1,0.366,43197.0,50323946373408,https://cdn.shopify.com/s/files/1/0805/4777/4752/files/DER001002_R1.jpg?v=1750685081,https://cdn.shopify.com/s/files/1/0805/4777/4752/files/DER001002_R2.jpg?v=1750685081,DER001002_R1.jpg
Cherry Cluster Round Diamond Earrings,18 KT / Rose Gold,18K,3.72,0.366,59108.0,50323946471712,https://cdn.shopify.com/s/files/1/0805/4777/4752/files/DER001002_R1.jpg?v=1750685081,https://cdn.shopify.com/s/files/1/0805/4777/4752/files/DER001002_R2.jpg?v=1750685081,DER001002_R1.jpg
Toi et Moi Heartfelt Glow Diamond Stud Earrings,9 KT / Yellow Gold,9K,1.8,0.66,31291.0,50728236744992,https://cdn.shopify.com/s/files/1/0805/4777/4752/files/DER001222_Y1.jpg?v=1767694920,https://cdn.shopify.com/s/files/1/0805/4777/4752/files/DER001222_R1.jpg?v=1757052794,DER001222_Y1.jpg
Toi et Moi Heartfelt Glow Diamond Stud Earrings,14 KT / Yellow Gold,14K,2.04,0.66,39639.0,50632482652448,https://cdn.shopify.com/s/files/1/0805/4777/4752/files/DER001222_Y1.jpg?v=1767694920,https://cdn.shopify.com/s/files/1/0805/4777/4752/files/DER001222_R1.jpg?v=1757052794,DER001222_Y1.jpg
Toi et Moi Heartfelt Glow Diamond Stud Earrings,18 KT / Yellow Gold,18K,2.4,0.66,49525.0,50632482750752,https://cdn.shopify.com/s/files/1/0805/4777/4752/files/DER001222_Y1.jpg?v=1767694920,https://cdn.shopify.com/s/files/1/0805/4777/4752/files/DER001222_R1.jpg?v=1757052794,DER001222_Y1.jpg
Starry Bites Diamond Stud Earrings,9 KT / White Gold,9K,1.635,0.71,31371.0,50728311423264,https://cdn.shopify.com/s/files/1/0805/4777/4752/files/DER001081_W1.jpg?v=1754125097,https://cdn.shopify.com/s/files/1/0805/4777/4752/files/DER001081_W2.jpg?v=1754125097,DER001081_W1.jpg
Starry Bites Diamond Stud Earrings,14 KT / White Gold,14K,1.853,0.71,38953.0,50523556446496,https://cdn.shopify.com/s/files/1/0805/4777/4752/files/DER001081_W1.jpg?v=1754125097,https://cdn.shopify.com/s/files/1/0805/4777/4752/files/DER001081_W2.jpg?v=1754125097,DER001081_W1.jpg
Starry Bites Diamond Stud Earrings,18 KT / White Gold,18K,2.18,0.71,47933.0,50523556544800,https://cdn.shopify.com/s/files/1/0805/4777/4752/files/DER001081_W1.jpg?v=1754125097,https://cdn.shopify.com/s/files/1/0805/4777/4752/files/DER001081_W2.jpg?v=1754125097,DER001081_W1.jpg
Metropolitan Bloom Diamond Drop Earrings,9 KT / Rose Gold,9K,1.425,0.77,31375.0,50728238252320,https://cdn.shopify.com/s/files/1/0805/4777/4752/files/DER001239_R1.jpg?v=1761631230,https://cdn.shopify.com/s/files/1/0805/4777/4752/files/DER001239_R2.jpg?v=1767696207,DER001239_R1.jpg
Metropolitan Bloom Diamond Drop Earrings,14 KT / Rose Gold,14K,1.615,0.77,37983.0,50632477180192,https://cdn.shopify.com/s/files/1/0805/4777/4752/files/DER001239_R1.jpg?v=1761631230,https://cdn.shopify.com/s/files/1/0805/4777/4752/files/DER001239_R2.jpg?v=1767696207,DER001239_R1.jpg
Metropolitan Bloom Diamond Drop Earrings,18 KT / Rose Gold,18K,1.9,0.77,45810.0,50632477278496,https://cdn.shopify.com/s/files/1/0805/4777/4752/files/DER001239_R1.jpg?v=1761631230,https://cdn.shopify.com/s/files/1/0805/4777/4752/files/DER001239_R2.jpg?v=1767696207,DER001239_R1.jpg
Twilight Heart Diamond Earrings,9 KT / Rose Gold,9K,2.73,0.4,31425.0,50728262238496,https://cdn.shopify.com/s/files/1/0805/4777/4752/files/NJ-CNT0281_R1.jpg?v=1756725382,https://cdn.shopify.com/s/files/1/0805/4777/4752/files/NJ-CNT0281_R2.jpg?v=1767696641,NJ-CNT0281_R1.jpg
Twilight Heart Diamond Earrings,14 KT / Rose Gold,14K,3.094,0.4,44086.0,50617329221920,https://cdn.shopify.com/s/files/1/0805/4777/4752/files/NJ-CNT0281_R1.jpg?v=1756725382,https://cdn.shopify.com/s/files/1/0805/4777/4752/files/NJ-CNT0281_R2.jpg?v=1767696641,NJ-CNT0281_R1.jpg
Twilight Heart Diamond Earrings,18 KT / Rose Gold,18K,3.64,0.4,59080.0,50617329320224,https://cdn.shopify.com/s/files/1/0805/4777/4752/files/NJ-CNT0281_R1.jpg?v=1756725382,https://cdn.shopify.com/s/files/1/0805/4777/4752/files/NJ-CNT0281_R2.jpg?v=1767696641,NJ-CNT0281_R1.jpg
Leafy Glow Dimond Earrings,9 KT / Yellow Gold,9K,2.775,0.388,31447.0,50728479490336,https://cdn.shopify.com/s/files/1/0805/4777/4752/files/RK-PNB-306E_Y1.jpg?v=1751372980,https://cdn.shopify.com/s/files/1/0805/4777/4752/files/RK-PNB-306E_Y2.jpg?v=1751372981,RK-PNB-306E_Y1.jpg
Leafy Glow Dimond Earrings,14 KT / Yellow Gold,14K,3.145,0.388,44316.0,49907261079840,https://cdn.shopify.com/s/files/1/0805/4777/4752/files/RK-PNB-306E_Y1.jpg?v=1751372980,https://cdn.shopify.com/s/files/1/0805/4777/4752/files/RK-PNB-306E_Y2.jpg?v=1751372981,RK-PNB-306E_Y1.jpg
Leafy Glow Dimond Earrings,18 KT / Yellow Gold,18K,3.7,0.388,59558.0,49907261178144,https://cdn.shopify.com/s/files/1/0805/4777/4752/files/RK-PNB-306E_Y1.jpg?v=1751372980,https://cdn.shopify.com/s/files/1/0805/4777/4752/files/RK-PNB-306E_Y2.jpg?v=1751372981,RK-PNB-306E_Y1.jpg
Delicate Triangle Diamond Studs,9 KT / Yellow Gold,9K,2.002,0.629,31463.0,51157650440480,https://cdn.shopify.com/s/files/1/0805/4777/4752/files/DER001478_Y1_f35d19b9-3241-4fcf-8adc-d9d505aaa028.jpg?v=1771396076,https://cdn.shopify.com/s/files/1/0805/4777/4752/files/DER001478_Y2_d2943353-30e9-41c1-b10d-bd259aa7240a.jpg?v=1771396076,DER001478_Y1_f35d19b9-3241-4fcf-8adc-d9d505aaa028.jpg
Delicate Triangle Diamond Studs,14 KT / Yellow Gold,14K,2.2,0.629,40096.0,51157650538784,https://cdn.shopify.com/s/files/1/0805/4777/4752/files/DER001478_Y1_f35d19b9-3241-4fcf-8adc-d9d505aaa028.jpg?v=1771396076,https://cdn.shopify.com/s/files/1/0805/4777/4752/files/DER001478_Y2_d2943353-30e9-41c1-b10d-bd259aa7240a.jpg?v=1771396076,DER001478_Y1_f35d19b9-3241-4fcf-8adc-d9d505aaa028.jpg
Delicate Triangle Diamond Studs,18 KT / Yellow Gold,18K,2.64,0.629,51387.0,51157650637088,https://cdn.shopify.com/s/files/1/0805/4777/4752/files/DER001478_Y1_f35d19b9-3241-4fcf-8adc-d9d505aaa028.jpg?v=1771396076,https://cdn.shopify.com/s/files/1/0805/4777/4752/files/DER001478_Y2_d2943353-30e9-41c1-b10d-bd259aa7240a.jpg?v=1771396076,DER001478_Y1_f35d19b9-3241-4fcf-8adc-d9d505aaa028.jpg
Crystal Night Diamond Earrings,9 KT / Rose Gold,9K,2.25,0.54,31511.0,50730036232480,https://cdn.shopify.com/s/files/1/0805/4777/4752/files/SER001077_R1_c0d5348d-c701-43c4-9f6e-765a581441c2.jpg?v=1750222940,https://cdn.shopify.com/s/files/1/0805/4777/4752/files/SER001077_R2_67143bda-2f01-4c38-a3fb-960cf20dd4a0.jpg?v=1750222940,SER001077_R1_c0d5348d-c701-43c4-9f6e-765a581441c2.jpg
Crystal Night Diamond Earrings,14 KT / Rose Gold,14K,2.55,0.54,41945.0,49509064868128,https://cdn.shopify.com/s/files/1/0805/4777/4752/files/SER001077_R1_c0d5348d-c701-43c4-9f6e-765a581441c2.jpg?v=1750222940,https://cdn.shopify.com/s/files/1/0805/4777/4752/files/SER001077_R2_67143bda-2f01-4c38-a3fb-960cf20dd4a0.jpg?v=1750222940,SER001077_R1_c0d5348d-c701-43c4-9f6e-765a581441c2.jpg
Crystal Night Diamond Earrings,18 KT / Rose Gold,18K,3.0,0.54,54304.0,49846256075040,https://cdn.shopify.com/s/files/1/0805/4777/4752/files/SER001077_R1_c0d5348d-c701-43c4-9f6e-765a581441c2.jpg?v=1750222940,https://cdn.shopify.com/s/files/1/0805/4777/4752/files/SER001077_R2_67143bda-2f01-4c38-a3fb-960cf20dd4a0.jpg?v=1750222940,SER001077_R1_c0d5348d-c701-43c4-9f6e-765a581441c2.jpg
Sparkling Mirage Diamond Earrings,9 KT / Yellow Gold,9K,2.4,0.5,31584.0,50730046554400,https://cdn.shopify.com/s/files/1/0805/4777/4752/files/DER000619_Y1.jpg?v=1750223012,https://cdn.shopify.com/s/files/1/0805/4777/4752/files/DER000619_Y2.jpg?v=1750223012,DER000619_Y1.jpg
Sparkling Mirage Diamond Earrings,14 KT / Yellow Gold,14K,2.72,0.5,42714.0,49509059264800,https://cdn.shopify.com/s/files/1/0805/4777/4752/files/DER000619_Y1.jpg?v=1750223012,https://cdn.shopify.com/s/files/1/0805/4777/4752/files/DER000619_Y2.jpg?v=1750223012,DER000619_Y1.jpg
Sparkling Mirage Diamond Earrings,18 KT / Yellow Gold,18K,3.2,0.5,55896.0,49848412668192,https://cdn.shopify.com/s/files/1/0805/4777/4752/files/DER000619_Y1.jpg?v=1750223012,https://cdn.shopify.com/s/files/1/0805/4777/4752/files/DER000619_Y2.jpg?v=1750223012,DER000619_Y1.jpg
Glowline Diamond Stud Earrings,9 KT / Yellow Gold,9K,2.5125,0.47,31639.0,50728290910496,https://cdn.shopify.com/s/files/1/0805/4777/4752/files/DER001118_Y1.jpg?v=1754118994,https://cdn.shopify.com/s/files/1/0805/4777/4752/files/DER001118_Y2.jpg?v=1754119290,DER001118_Y1.jpg
Glowline Diamond Stud Earrings,14 KT / Yellow Gold,14K,2.8475,0.47,43291.0,50523573387552,https://cdn.shopify.com/s/files/1/0805/4777/4752/files/DER001118_Y1.jpg?v=1754118994,https://cdn.shopify.com/s/files/1/0805/4777/4752/files/DER001118_Y2.jpg?v=1754119290,DER001118_Y1.jpg
Glowline Diamond Stud Earrings,18 KT / Yellow Gold,18K,3.35,0.47,57091.0,50523573485856,https://cdn.shopify.com/s/files/1/0805/4777/4752/files/DER001118_Y1.jpg?v=1754118994,https://cdn.shopify.com/s/files/1/0805/4777/4752/files/DER001118_Y2.jpg?v=1754119290,DER001118_Y1.jpg
Pinkish Play Fashion Diamond Dangler Earrings,9 KT / Rose Gold,9K,2.7,0.418,31678.0,50728343339296,https://cdn.shopify.com/s/files/1/0805/4777/4752/files/DER001009_R1.jpg?v=1750684309,https://cdn.shopify.com/s/files/1/0805/4777/4752/files/DER001009_R2.jpg?v=1750684309,DER001009_R1.jpg
Pinkish Play Fashion Diamond Dangler Earrings,14 KT / Rose Gold,14K,3.06,0.418,44199.0,50311328530720,https://cdn.shopify.com/s/files/1/0805/4777/4752/files/DER001009_R1.jpg?v=1750684309,https://cdn.shopify.com/s/files/1/0805/4777/4752/files/DER001009_R2.jpg?v=1750684309,DER001009_R1.jpg
Pinkish Play Fashion Diamond Dangler Earrings,18 KT / Rose Gold,18K,3.6,0.418,59029.0,50311328629024,https://cdn.shopify.com/s/files/1/0805/4777/4752/files/DER001009_R1.jpg?v=1750684309,https://cdn.shopify.com/s/files/1/0805/4777/4752/files/DER001009_R2.jpg?v=1750684309,DER001009_R1.jpg
Orbital Swirl Diamond Earrings,9 KT / Rose Gold,9K,2.244,0.508,31814.0,50728360313120,https://cdn.shopify.com/s/files/1/0805/4777/4752/files/SPER01085_R1.jpg?v=1751372741,https://cdn.shopify.com/s/files/1/0805/4777/4752/files/SPER01085_R2.jpg?v=1751372741,SPER01085_R1.jpg
Orbital Swirl Diamond Earrings,14 KT / Rose Gold,14K,2.5432,0.508,42220.0,50136877891872,https://cdn.shopify.com/s/files/1/0805/4777/4752/files/SPER01085_R1.jpg?v=1751372741,https://cdn.shopify.com/s/files/1/0805/4777/4752/files/SPER01085_R2.jpg?v=1751372741,SPER01085_R1.jpg
Orbital Swirl Diamond Earrings,18 KT / Rose Gold,18K,2.99,0.508,54521.0,50136877990176,https://cdn.shopify.com/s/files/1/0805/4777/4752/files/SPER01085_R1.jpg?v=1751372741,https://cdn.shopify.com/s/files/1/0805/4777/4752/files/SPER01085_R2.jpg?v=1751372741,SPER01085_R1.jpg
Starlit Diamond Earrings,9 KT / Rose Gold,9K,2.4,0.513,31931.0,50728477294880,https://cdn.shopify.com/s/files/1/0805/4777/4752/files/RK-RBT-69_R1.jpg?v=1751372979,https://cdn.shopify.com/s/files/1/0805/4777/4752/files/RK-RBT-69_R2.jpg?v=1763635108,RK-RBT-69_R1.jpg
Starlit Diamond Earrings,14 KT / Rose Gold,14K,2.72,0.513,43061.0,49907267928352,https://cdn.shopify.com/s/files/1/0805/4777/4752/files/RK-RBT-69_R1.jpg?v=1751372979,https://cdn.shopify.com/s/files/1/0805/4777/4752/files/RK-RBT-69_R2.jpg?v=1763635108,RK-RBT-69_R1.jpg
Starlit Diamond Earrings,18 KT / Rose Gold,18K,3.2,0.513,56243.0,49907268026656,https://cdn.shopify.com/s/files/1/0805/4777/4752/files/RK-RBT-69_R1.jpg?v=1751372979,https://cdn.shopify.com/s/files/1/0805/4777/4752/files/RK-RBT-69_R2.jpg?v=1763635108,RK-RBT-69_R1.jpg
Whisper Vine Diamond Stud Earrings,9 KT / Yellow Gold,9K,2.3775,0.52,31947.0,50728294646048,https://cdn.shopify.com/s/files/1/0805/4777/4752/files/DER001146_Y1.jpg?v=1754376143,https://cdn.shopify.com/s/files/1/0805/4777/4752/files/DER001146_Y2.jpg?v=1763634031,DER001146_Y1.jpg
Whisper Vine Diamond Stud Earrings,14 KT / Yellow Gold,14K,2.6945,0.52,42972.0,50523565752608,https://cdn.shopify.com/s/files/1/0805/4777/4752/files/DER001146_Y1.jpg?v=1754376143,https://cdn.shopify.com/s/files/1/0805/4777/4752/files/DER001146_Y2.jpg?v=1763634031,DER001146_Y1.jpg
Whisper Vine Diamond Stud Earrings,18 KT / Yellow Gold,18K,3.17,0.52,56031.0,50523565850912,https://cdn.shopify.com/s/files/1/0805/4777/4752/files/DER001146_Y1.jpg?v=1754376143,https://cdn.shopify.com/s/files/1/0805/4777/4752/files/DER001146_Y2.jpg?v=1763634031,DER001146_Y1.jpg
Pinnacle Panache Diamond Earrings,9 KT / Yellow Gold,9K,1.5,0.6,31983.0,50730627399968,https://cdn.shopify.com/s/files/1/0805/4777/4752/files/DER000054_Y1.jpg?v=1751977545,https://cdn.shopify.com/s/files/1/0805/4777/4752/files/Product21.jpg?v=1754572287,DER000054_Y1.jpg
Pinnacle Panache Diamond Earrings,14 KT / Yellow Gold,14K,1.7,0.6,38939.0,47558920274208,https://cdn.shopify.com/s/files/1/0805/4777/4752/files/DER000054_Y1.jpg?v=1751977545,https://cdn.shopify.com/s/files/1/0805/4777/4752/files/Product21.jpg?v=1754572287,DER000054_Y1.jpg
Pinnacle Panache Diamond Earrings,18 KT / Yellow Gold,18K,2.0,0.6,47178.0,49848378229024,https://cdn.shopify.com/s/files/1/0805/4777/4752/files/DER000054_Y1.jpg?v=1751977545,https://cdn.shopify.com/s/files/1/0805/4777/4752/files/Product21.jpg?v=1754572287,DER000054_Y1.jpg
Florette Diamond Earrings,9 KT / Rose Gold,9K,2.025,0.624,32041.0,50728483651872,https://cdn.shopify.com/s/files/1/0805/4777/4752/files/CZ-K-ER-11418_R1.jpg?v=1751373026,https://cdn.shopify.com/s/files/1/0805/4777/4752/files/CZ-K-ER-11418_R2.jpg?v=1751373026,CZ-K-ER-11418_R1.jpg
Florette Diamond Earrings,14 KT / Rose Gold,14K,2.295,0.624,41432.0,49872671572256,https://cdn.shopify.com/s/files/1/0805/4777/4752/files/CZ-K-ER-11418_R1.jpg?v=1751373026,https://cdn.shopify.com/s/files/1/0805/4777/4752/files/CZ-K-ER-11418_R2.jpg?v=1751373026,CZ-K-ER-11418_R1.jpg
Florette Diamond Earrings,18 KT / Rose Gold,18K,2.7,0.624,52555.0,49872671670560,https://cdn.shopify.com/s/files/1/0805/4777/4752/files/CZ-K-ER-11418_R1.jpg?v=1751373026,https://cdn.shopify.com/s/files/1/0805/4777/4752/files/CZ-K-ER-11418_R2.jpg?v=1751373026,CZ-K-ER-11418_R1.jpg
Lush Radiance Diamond Earrings,9 KT / Yellow Gold,9K,2.25,0.56,32045.0,50730049241376,https://cdn.shopify.com/s/files/1/0805/4777/4752/files/DER000733_Y1.jpg?v=1750223019,https://cdn.shopify.com/s/files/1/0805/4777/4752/files/DER000733_Y2.jpg?v=1750223019,DER000733_Y1.jpg
Lush Radiance Diamond Earrings,14 KT / Yellow Gold,14K,2.55,0.56,42479.0,49509058937120,https://cdn.shopify.com/s/files/1/0805/4777/4752/files/DER000733_Y1.jpg?v=1750223019,https://cdn.shopify.com/s/files/1/0805/4777/4752/files/DER000733_Y2.jpg?v=1750223019,DER000733_Y1.jpg
Lush Radiance Diamond Earrings,18 KT / Yellow Gold,18K,3.0,0.56,54837.0,49848249385248,https://cdn.shopify.com/s/files/1/0805/4777/4752/files/DER000733_Y1.jpg?v=1750223019,https://cdn.shopify.com/s/files/1/0805/4777/4752/files/DER000733_Y2.jpg?v=1750223019,DER000733_Y1.jpg
Marquise Bloom Diamond Earrings,9 KT / Yellow Gold,9K,1.425,0.796,32068.0,50728494956832,https://cdn.shopify.com/s/files/1/0805/4777/4752/files/CZ-K-ER-8597_Y1.jpg?v=1751373038,https://cdn.shopify.com/s/files/1/0805/4777/4752/files/CZ-K-ER-8597_Y2.jpg?v=1751373038,CZ-K-ER-8597_Y1.jpg
Marquise Bloom Diamond Earrings,14 KT / Yellow Gold,14K,1.615,0.796,38677.0,49872670327072,https://cdn.shopify.com/s/files/1/0805/4777/4752/files/CZ-K-ER-8597_Y1.jpg?v=1751373038,https://cdn.shopify.com/s/files/1/0805/4777/4752/files/CZ-K-ER-8597_Y2.jpg?v=1751373038,CZ-K-ER-8597_Y1.jpg
Marquise Bloom Diamond Earrings,18 KT / Yellow Gold,18K,1.9,0.796,46504.0,49872670425376,https://cdn.shopify.com/s/files/1/0805/4777/4752/files/CZ-K-ER-8597_Y1.jpg?v=1751373038,https://cdn.shopify.com/s/files/1/0805/4777/4752/files/CZ-K-ER-8597_Y2.jpg?v=1751373038,CZ-K-ER-8597_Y1.jpg
Mystical Glow Diamond Earrings,9 KT / Yellow Gold,9K,2.55,0.48,32191.0,50730035216672,https://cdn.shopify.com/s/files/1/0805/4777/4752/files/SER001072_Y1.jpg?v=1750222921,https://cdn.shopify.com/s/files/1/0805/4777/4752/files/SER001072_Y2.jpg?v=1750222921,SER001072_Y1.jpg
Mystical Glow Diamond Earrings,14 KT / Yellow Gold,14K,2.89,0.48,44017.0,49509066342688,https://cdn.shopify.com/s/files/1/0805/4777/4752/files/SER001072_Y1.jpg?v=1750222921,https://cdn.shopify.com/s/files/1/0805/4777/4752/files/SER001072_Y2.jpg?v=1750222921,SER001072_Y1.jpg
Mystical Glow Diamond Earrings,18 KT / Yellow Gold,18K,3.4,0.48,58023.0,49848370888992,https://cdn.shopify.com/s/files/1/0805/4777/4752/files/SER001072_Y1.jpg?v=1750222921,https://cdn.shopify.com/s/files/1/0805/4777/4752/files/SER001072_Y2.jpg?v=1750222921,SER001072_Y1.jpg
The Trio of Three Diamond Stud Earrings,9 KT / Yellow Gold,9K,2.1,0.61,32238.0,51116291195168,https://cdn.shopify.com/s/files/1/0805/4777/4752/files/MJ-ELMEPT65941E_Y1_66fdffd3-4eae-4be8-8d6c-929e397f8e96.jpg?v=1770891576,https://cdn.shopify.com/s/files/1/0805/4777/4752/files/MJ-ELMEPT65941E_Y2_13b03372-8448-484d-a9d4-fbd8083e0ff3.jpg?v=1770891575,MJ-ELMEPT65941E_Y1_66fdffd3-4eae-4be8-8d6c-929e397f8e96.jpg
The Trio of Three Diamond Stud Earrings,14 KT / Yellow Gold,14K,2.38,0.61,41977.0,51116291293472,https://cdn.shopify.com/s/files/1/0805/4777/4752/files/MJ-ELMEPT65941E_Y1_66fdffd3-4eae-4be8-8d6c-929e397f8e96.jpg?v=1770891576,https://cdn.shopify.com/s/files/1/0805/4777/4752/files/MJ-ELMEPT65941E_Y2_13b03372-8448-484d-a9d4-fbd8083e0ff3.jpg?v=1770891575,MJ-ELMEPT65941E_Y1_66fdffd3-4eae-4be8-8d6c-929e397f8e96.jpg
The Trio of Three Diamond Stud Earrings,18 KT / Yellow Gold,18K,2.8,0.61,53511.0,51116291391776,https://cdn.shopify.com/s/files/1/0805/4777/4752/files/MJ-ELMEPT65941E_Y1_66fdffd3-4eae-4be8-8d6c-929e397f8e96.jpg?v=1770891576,https://cdn.shopify.com/s/files/1/0805/4777/4752/files/MJ-ELMEPT65941E_Y2_13b03372-8448-484d-a9d4-fbd8083e0ff3.jpg?v=1770891575,MJ-ELMEPT65941E_Y1_66fdffd3-4eae-4be8-8d6c-929e397f8e96.jpg
Icy Baugette Diamond Bali Earrings,9 KT / Rose Gold,9K,1.575,0.76,32248.0,50728308801824,https://cdn.shopify.com/s/files/1/0805/4777/4752/files/DER001135_R1.jpg?v=1754287354,https://cdn.shopify.com/s/files/1/0805/4777/4752/files/DER001135_R2.jpg?v=1763633650,DER001135_R1.jpg
Icy Baugette Diamond Bali Earrings,14 KT / Rose Gold,14K,1.785,0.76,39552.0,50523557101856,https://cdn.shopify.com/s/files/1/0805/4777/4752/files/DER001135_R1.jpg?v=1754287354,https://cdn.shopify.com/s/files/1/0805/4777/4752/files/DER001135_R2.jpg?v=1763633650,DER001135_R1.jpg
Icy Baugette Diamond Bali Earrings,18 KT / Rose Gold,18K,2.1,0.76,48203.0,50523557200160,https://cdn.shopify.com/s/files/1/0805/4777/4752/files/DER001135_R1.jpg?v=1754287354,https://cdn.shopify.com/s/files/1/0805/4777/4752/files/DER001135_R2.jpg?v=1763633650,DER001135_R1.jpg
Moonbeam Diamond Earrings,9 KT / Rose Gold,9K,2.325,0.548,32295.0,50730049339680,https://cdn.shopify.com/s/files/1/0805/4777/4752/files/DER000732_R1.jpg?v=1750223021,https://cdn.shopify.com/s/files/1/0805/4777/4752/files/DER000732_R2.jpg?v=1750223021,DER000732_R1.jpg
Moonbeam Diamond Earrings,14 KT / Rose Gold,14K,2.635,0.548,43077.0,49509058740512,https://cdn.shopify.com/s/files/1/0805/4777/4752/files/DER000732_R1.jpg?v=1750223021,https://cdn.shopify.com/s/files/1/0805/4777/4752/files/DER000732_R2.jpg?v=1750223021,DER000732_R1.jpg
Moonbeam Diamond Earrings,18 KT / Rose Gold,18K,3.1,0.548,55847.0,49848366399776,https://cdn.shopify.com/s/files/1/0805/4777/4752/files/DER000732_R1.jpg?v=1750223021,https://cdn.shopify.com/s/files/1/0805/4777/4752/files/DER000732_R2.jpg?v=1750223021,DER000732_R1.jpg
Diamond Dreamland Elegance Earrings,9 KT / Yellow Gold,9K,2.55,0.49,32458.0,50730375741728,https://cdn.shopify.com/s/files/1/0805/4777/4752/files/DER000214_YG_10.png?v=1751375599,https://cdn.shopify.com/s/files/1/0805/4777/4752/files/DER000214_YG_20_729ca414-490b-472b-8a84-fa93fb5347c4.png?v=1767690846,DER000214_YG_10.png
Diamond Dreamland Elegance Earrings,14 KT / Yellow Gold,14K,2.89,0.49,44283.0,47558946488608,https://cdn.shopify.com/s/files/1/0805/4777/4752/files/DER000214_YG_10.png?v=1751375599,https://cdn.shopify.com/s/files/1/0805/4777/4752/files/DER000214_YG_20_729ca414-490b-472b-8a84-fa93fb5347c4.png?v=1767690846,DER000214_YG_10.png
Diamond Dreamland Elegance Earrings,18 KT / Yellow Gold,18K,3.4,0.49,58290.0,49846370074912,https://cdn.shopify.com/s/files/1/0805/4777/4752/files/DER000214_YG_10.png?v=1751375599,https://cdn.shopify.com/s/files/1/0805/4777/4752/files/DER000214_YG_20_729ca414-490b-472b-8a84-fa93fb5347c4.png?v=1767690846,DER000214_YG_10.png
Glowing Wave Diamond Earrings,9 KT / Rose Gold,9K,2.4,0.536,32545.0,50730042753312,https://cdn.shopify.com/s/files/1/0805/4777/4752/files/DER000746_R1.jpg?v=1750222983,https://cdn.shopify.com/s/files/1/0805/4777/4752/files/DER000746_R2.jpg?v=1750222983,DER000746_R1.jpg
Glowing Wave Diamond Earrings,14 KT / Rose Gold,14K,2.72,0.536,43675.0,49509061722400,https://cdn.shopify.com/s/files/1/0805/4777/4752/files/DER000746_R1.jpg?v=1750222983,https://cdn.shopify.com/s/files/1/0805/4777/4752/files/DER000746_R2.jpg?v=1750222983,DER000746_R1.jpg
Glowing Wave Diamond Earrings,18 KT / Rose Gold,18K,3.2,0.536,56857.0,49848136958240,https://cdn.shopify.com/s/files/1/0805/4777/4752/files/DER000746_R1.jpg?v=1750222983,https://cdn.shopify.com/s/files/1/0805/4777/4752/files/DER000746_R2.jpg?v=1750222983,DER000746_R1.jpg
Crystal Halo Glow Diamond Earrings,9 KT / Yellow Gold,9K,2.325,0.56,32615.0,50730023584032,https://cdn.shopify.com/s/files/1/0805/4777/4752/files/SER001068_Y1.jpg?v=1750222888,https://cdn.shopify.com/s/files/1/0805/4777/4752/files/SER001068_Y2.jpg?v=1750222888,SER001068_Y1.jpg
Crystal Halo Glow Diamond Earrings,14 KT / Yellow Gold,14K,2.635,0.56,43397.0,49509068701984,https://cdn.shopify.com/s/files/1/0805/4777/4752/files/SER001068_Y1.jpg?v=1750222888,https://cdn.shopify.com/s/files/1/0805/4777/4752/files/SER001068_Y2.jpg?v=1750222888,SER001068_Y1.jpg
Crystal Halo Glow Diamond Earrings,18 KT / Yellow Gold,18K,3.1,0.56,56167.0,49846255747360,https://cdn.shopify.com/s/files/1/0805/4777/4752/files/SER001068_Y1.jpg?v=1750222888,https://cdn.shopify.com/s/files/1/0805/4777/4752/files/SER001068_Y2.jpg?v=1750222888,SER001068_Y1.jpg
Botanic Blush Diamond Stud Earrings,9 KT / Rose Gold,9K,2.715,0.454,32752.0,50728288715040,https://cdn.shopify.com/s/files/1/0805/4777/4752/files/DER001119_R1.jpg?v=1754286212,https://cdn.shopify.com/s/files/1/0805/4777/4752/files/DER001119_R2.jpg?v=1767694133,DER001119_R1.jpg
Botanic Blush Diamond Stud Earrings,14 KT / Rose Gold,14K,3.077,0.454,45343.0,50523575222560,https://cdn.shopify.com/s/files/1/0805/4777/4752/files/DER001119_R1.jpg?v=1754286212,https://cdn.shopify.com/s/files/1/0805/4777/4752/files/DER001119_R2.jpg?v=1767694133,DER001119_R1.jpg
Botanic Blush Diamond Stud Earrings,18 KT / Rose Gold,18K,3.62,0.454,60255.0,50523575320864,https://cdn.shopify.com/s/files/1/0805/4777/4752/files/DER001119_R1.jpg?v=1754286212,https://cdn.shopify.com/s/files/1/0805/4777/4752/files/DER001119_R2.jpg?v=1767694133,DER001119_R1.jpg
Dazzling Winged Diamond Earrings,9 KT / Yellow Gold,9K,1.875,0.694,32768.0,50728480407840,https://cdn.shopify.com/s/files/1/0805/4777/4752/files/CZ-K-ER-15825_Y1.jpg?v=1751372991,https://cdn.shopify.com/s/files/1/0805/4777/4752/files/CZ-K-ER-15825_Y2.jpg?v=1763632144,CZ-K-ER-15825_Y1.jpg
Dazzling Winged Diamond Earrings,14 KT / Yellow Gold,14K,2.125,0.694,41464.0,49872673308960,https://cdn.shopify.com/s/files/1/0805/4777/4752/files/CZ-K-ER-15825_Y1.jpg?v=1751372991,https://cdn.shopify.com/s/files/1/0805/4777/4752/files/CZ-K-ER-15825_Y2.jpg?v=1763632144,CZ-K-ER-15825_Y1.jpg
Dazzling Winged Diamond Earrings,18 KT / Yellow Gold,18K,2.5,0.694,51762.0,49872673407264,https://cdn.shopify.com/s/files/1/0805/4777/4752/files/CZ-K-ER-15825_Y1.jpg?v=1751372991,https://cdn.shopify.com/s/files/1/0805/4777/4752/files/CZ-K-ER-15825_Y2.jpg?v=1763632144,CZ-K-ER-15825_Y1.jpg
Fleur Motif Diamond Earrings,9 KT / Yellow Gold,9K,2.85,0.292,32786.0,50728348844320,https://cdn.shopify.com/s/files/1/0805/4777/4752/files/SPER01097_Y1.jpg?v=1751372713,https://cdn.shopify.com/s/files/1/0805/4777/4752/files/SPER01097_Y2.jpg?v=1751372713,SPER01097_Y1.jpg
Fleur Motif Diamond Earrings,14 KT / Yellow Gold,14K,3.23,0.292,46002.0,50136883429664,https://cdn.shopify.com/s/files/1/0805/4777/4752/files/SPER01097_Y1.jpg?v=1751372713,https://cdn.shopify.com/s/files/1/0805/4777/4752/files/SPER01097_Y2.jpg?v=1751372713,SPER01097_Y1.jpg
Fleur Motif Diamond Earrings,18 KT / Yellow Gold,18K,3.8,0.292,61656.0,50136883527968,https://cdn.shopify.com/s/files/1/0805/4777/4752/files/SPER01097_Y1.jpg?v=1751372713,https://cdn.shopify.com/s/files/1/0805/4777/4752/files/SPER01097_Y2.jpg?v=1751372713,SPER01097_Y1.jpg
Celeste Bloom Diamond Stud Earrings,9 KT / Rose Gold,9K,2.8125,0.432,32906.0,50728288420128,https://cdn.shopify.com/s/files/1/0805/4777/4752/files/DER001117_R1.jpg?v=1754286071,https://cdn.shopify.com/s/files/1/0805/4777/4752/files/DER001117_R2.jpg?v=1767694127,DER001117_R1.jpg
Celeste Bloom Diamond Stud Earrings,14 KT / Rose Gold,14K,3.1875,0.432,45949.0,50523576434976,https://cdn.shopify.com/s/files/1/0805/4777/4752/files/DER001117_R1.jpg?v=1754286071,https://cdn.shopify.com/s/files/1/0805/4777/4752/files/DER001117_R2.jpg?v=1767694127,DER001117_R1.jpg
Celeste Bloom Diamond Stud Earrings,18 KT / Rose Gold,18K,3.75,0.432,61397.0,50523576533280,https://cdn.shopify.com/s/files/1/0805/4777/4752/files/DER001117_R1.jpg?v=1754286071,https://cdn.shopify.com/s/files/1/0805/4777/4752/files/DER001117_R2.jpg?v=1767694127,DER001117_R1.jpg
The Golden Armour Diamond Earrings,9 KT / Yellow Gold,9K,2.1,0.593,32909.0,50728363917600,https://cdn.shopify.com/s/files/1/0805/4777/4752/files/SER001152_Y1.jpg?v=1751969747,https://cdn.shopify.com/s/files/1/0805/4777/4752/files/SER001152_Y2.jpg?v=1751969787,SER001152_Y1.jpg
The Golden Armour Diamond Earrings,14 KT / Yellow Gold,14K,2.38,0.593,42648.0,50136782111008,https://cdn.shopify.com/s/files/1/0805/4777/4752/files/SER001152_Y1.jpg?v=1751969747,https://cdn.shopify.com/s/files/1/0805/4777/4752/files/SER001152_Y2.jpg?v=1751969787,SER001152_Y1.jpg
The Golden Armour Diamond Earrings,18 KT / Yellow Gold,18K,2.8,0.593,54182.0,50136782209312,https://cdn.shopify.com/s/files/1/0805/4777/4752/files/SER001152_Y1.jpg?v=1751969747,https://cdn.shopify.com/s/files/1/0805/4777/4752/files/SER001152_Y2.jpg?v=1751969787,SER001152_Y1.jpg
Lunar Droplet Diamond Earrings,9 KT / Rose Gold,9K,2.7,0.411,32937.0,50728359723296,https://cdn.shopify.com/s/files/1/0805/4777/4752/files/SPER01086_R1.jpg?v=1751372728,https://cdn.shopify.com/s/files/1/0805/4777/4752/files/SPER01086_R2.jpg?v=1763635151,SPER01086_R1.jpg
Lunar Droplet Diamond Earrings,14 KT / Rose Gold,14K,3.06,0.411,45458.0,50136881266976,https://cdn.shopify.com/s/files/1/0805/4777/4752/files/SPER01086_R1.jpg?v=1751372728,https://cdn.shopify.com/s/files/1/0805/4777/4752/files/SPER01086_R2.jpg?v=1763635151,SPER01086_R1.jpg
Lunar Droplet Diamond Earrings,18 KT / Rose Gold,18K,3.6,0.411,60288.0,50136881365280,https://cdn.shopify.com/s/files/1/0805/4777/4752/files/SPER01086_R1.jpg?v=1751372728,https://cdn.shopify.com/s/files/1/0805/4777/4752/files/SPER01086_R2.jpg?v=1763635151,SPER01086_R1.jpg
Tie The Knot Diamond Earrings,9 KT / Rose Gold,9K,2.7135,0.411,33047.0,50728363426080,https://cdn.shopify.com/s/files/1/0805/4777/4752/files/SER001161_R1.jpg?v=1751971611,https://cdn.shopify.com/s/files/1/0805/4777/4752/files/SER001161_R2.jpg?v=1751971611,SER001161_R1.jpg
Tie The Knot Diamond Earrings,14 KT / Rose Gold,14K,3.0753,0.411,45630.0,50136785256736,https://cdn.shopify.com/s/files/1/0805/4777/4752/files/SER001161_R1.jpg?v=1751971611,https://cdn.shopify.com/s/files/1/0805/4777/4752/files/SER001161_R2.jpg?v=1751971611,SER001161_R1.jpg
Tie The Knot Diamond Earrings,18 KT / Rose Gold,18K,3.62,0.411,60559.0,50136785355040,https://cdn.shopify.com/s/files/1/0805/4777/4752/files/SER001161_R1.jpg?v=1751971611,https://cdn.shopify.com/s/files/1/0805/4777/4752/files/SER001161_R2.jpg?v=1751971611,SER001161_R1.jpg
Mystic Glow Diamond Earrings,9 KT / White Gold,9K,2.25,0.604,33218.0,50730043244832,https://cdn.shopify.com/s/files/1/0805/4777/4752/files/DER000571_W1.jpg?v=1750222989,https://cdn.shopify.com/s/files/1/0805/4777/4752/files/DER000571_W2.jpg?v=1750222989,DER000571_W1.jpg
Mystic Glow Diamond Earrings,14 KT / White Gold,14K,2.55,0.604,43653.0,49509061394720,https://cdn.shopify.com/s/files/1/0805/4777/4752/files/DER000571_W1.jpg?v=1750222989,https://cdn.shopify.com/s/files/1/0805/4777/4752/files/DER000571_W2.jpg?v=1750222989,DER000571_W1.jpg
Mystic Glow Diamond Earrings,18 KT / White Gold,18K,3.0,0.604,56011.0,49848370528544,https://cdn.shopify.com/s/files/1/0805/4777/4752/files/DER000571_W1.jpg?v=1750222989,https://cdn.shopify.com/s/files/1/0805/4777/4752/files/DER000571_W2.jpg?v=1750222989,DER000571_W1.jpg
Spin & Sparkle Diamond Stud Earrings,9 KT / Rose Gold,9K,1.5,0.82,33279.0,50728237859104,https://cdn.shopify.com/s/files/1/0805/4777/4752/files/DER001242_R1.jpg?v=1757069145,https://cdn.shopify.com/s/files/1/0805/4777/4752/files/DER001242_R2.jpg?v=1767696296,DER001242_R1.jpg
Spin & Sparkle Diamond Stud Earrings,14 KT / Rose Gold,14K,1.7,0.82,40235.0,50632477966624,https://cdn.shopify.com/s/files/1/0805/4777/4752/files/DER001242_R1.jpg?v=1757069145,https://cdn.shopify.com/s/files/1/0805/4777/4752/files/DER001242_R2.jpg?v=1767696296,DER001242_R1.jpg
Spin & Sparkle Diamond Stud Earrings,18 KT / Rose Gold,18K,2.0,0.82,48474.0,50632478064928,https://cdn.shopify.com/s/files/1/0805/4777/4752/files/DER001242_R1.jpg?v=1757069145,https://cdn.shopify.com/s/files/1/0805/4777/4752/files/DER001242_R2.jpg?v=1767696296,DER001242_R1.jpg
The Quest Diamond Earrings,9 KT / Yellow Gold,9K,2.775,0.412,33716.0,50728359297312,https://cdn.shopify.com/s/files/1/0805/4777/4752/files/SPER01115_Y1.jpg?v=1751372721,https://cdn.shopify.com/s/files/1/0805/4777/4752/files/SPER01115_Y2.jpg?v=1751372722,SPER01115_Y1.jpg
The Quest Diamond Earrings,14 KT / Yellow Gold,14K,3.145,0.412,46584.0,50136882217248,https://cdn.shopify.com/s/files/1/0805/4777/4752/files/SPER01115_Y1.jpg?v=1751372721,https://cdn.shopify.com/s/files/1/0805/4777/4752/files/SPER01115_Y2.jpg?v=1751372722,SPER01115_Y1.jpg
The Quest Diamond Earrings,18 KT / Yellow Gold,18K,3.7,0.412,61826.0,50136882315552,https://cdn.shopify.com/s/files/1/0805/4777/4752/files/SPER01115_Y1.jpg?v=1751372721,https://cdn.shopify.com/s/files/1/0805/4777/4752/files/SPER01115_Y2.jpg?v=1751372722,SPER01115_Y1.jpg
Limelight Curve Diamond Stud Earrings,9 KT / Rose Gold,9K,2.0625,0.68,33820.0,50728234287392,https://cdn.shopify.com/s/files/1/0805/4777/4752/files/DER001232_R1.jpg?v=1761630992,https://cdn.shopify.com/s/files/1/0805/4777/4752/files/DER001232_R2.jpg?v=1767696189,DER001232_R1.jpg
Limelight Curve Diamond Stud Earrings,14 KT / Rose Gold,14K,2.3375,0.68,43385.0,50632485208352,https://cdn.shopify.com/s/files/1/0805/4777/4752/files/DER001232_R1.jpg?v=1761630992,https://cdn.shopify.com/s/files/1/0805/4777/4752/files/DER001232_R2.jpg?v=1767696189,DER001232_R1.jpg
Limelight Curve Diamond Stud Earrings,18 KT / Rose Gold,18K,2.75,0.68,54714.0,50632485306656,https://cdn.shopify.com/s/files/1/0805/4777/4752/files/DER001232_R1.jpg?v=1761630992,https://cdn.shopify.com/s/files/1/0805/4777/4752/files/DER001232_R2.jpg?v=1767696189,DER001232_R1.jpg
Structural Prism Diamond Stud Earrings,9 KT / White Gold,9K,2.175,0.65,33875.0,50728229470496,https://cdn.shopify.com/s/files/1/0805/4777/4752/files/DER001221_W1.jpg?v=1757052535,https://cdn.shopify.com/s/files/1/0805/4777/4752/files/DER001221_W2.jpg?v=1767696143,DER001221_W1.jpg
Structural Prism Diamond Stud Earrings,14 KT / White Gold,14K,2.465,0.65,43962.0,50632486027552,https://cdn.shopify.com/s/files/1/0805/4777/4752/files/DER001221_W1.jpg?v=1757052535,https://cdn.shopify.com/s/files/1/0805/4777/4752/files/DER001221_W2.jpg?v=1767696143,DER001221_W1.jpg
Structural Prism Diamond Stud Earrings,18 KT / White Gold,18K,2.9,0.65,55908.0,50632486125856,https://cdn.shopify.com/s/files/1/0805/4777/4752/files/DER001221_W1.jpg?v=1757052535,https://cdn.shopify.com/s/files/1/0805/4777/4752/files/DER001221_W2.jpg?v=1767696143,DER001221_W1.jpg
Half Bloom Diamond Stud Earrings,9 KT / Yellow Gold,9K,2.73,0.52,33895.0,51157655945504,https://cdn.shopify.com/s/files/1/0805/4777/4752/files/DER001484_Y1.jpg?v=1771227002,https://cdn.shopify.com/s/files/1/0805/4777/4752/files/DER001484_Y2.jpg?v=1771227068,DER001484_Y1.jpg
Half Bloom Diamond Stud Earrings,14 KT / Yellow Gold,14K,3.0,0.52,45666.0,51157656043808,https://cdn.shopify.com/s/files/1/0805/4777/4752/files/DER001484_Y1.jpg?v=1771227002,https://cdn.shopify.com/s/files/1/0805/4777/4752/files/DER001484_Y2.jpg?v=1771227068,DER001484_Y1.jpg
Half Bloom Diamond Stud Earrings,18 KT / Yellow Gold,18K,3.6,0.52,61064.0,51157656142112,https://cdn.shopify.com/s/files/1/0805/4777/4752/files/DER001484_Y1.jpg?v=1771227002,https://cdn.shopify.com/s/files/1/0805/4777/4752/files/DER001484_Y2.jpg?v=1771227068,DER001484_Y1.jpg
Diamond Charmed Glow Earrings,9 KT / Yellow Gold,9K,2.55,0.544,33898.0,50730040197408,https://cdn.shopify.com/s/files/1/0805/4777/4752/files/SER001062_Y1.jpg?v=1750222964,https://cdn.shopify.com/s/files/1/0805/4777/4752/files/SER001062_Y2.jpg?v=1750222964,SER001062_Y1.jpg
Diamond Charmed Glow Earrings,14 KT / Yellow Gold,14K,2.89,0.544,45724.0,49509063065888,https://cdn.shopify.com/s/files/1/0805/4777/4752/files/SER001062_Y1.jpg?v=1750222964,https://cdn.shopify.com/s/files/1/0805/4777/4752/files/SER001062_Y2.jpg?v=1750222964,SER001062_Y1.jpg
Diamond Charmed Glow Earrings,18 KT / Yellow Gold,18K,3.4,0.544,59730.0,49846362112288,https://cdn.shopify.com/s/files/1/0805/4777/4752/files/SER001062_Y1.jpg?v=1750222964,https://cdn.shopify.com/s/files/1/0805/4777/4752/files/SER001062_Y2.jpg?v=1750222964,SER001062_Y1.jpg
Midnight Glow Diamond Earrings,9 KT / Rose Gold,9K,2.175,0.72,33952.0,50730081321248,https://cdn.shopify.com/s/files/1/0805/4777/4752/files/DER000563_R1.jpg?v=1750223035,https://cdn.shopify.com/s/files/1/0805/4777/4752/files/DER000563_R2.jpg?v=1750223035,DER000563_R1.jpg
Midnight Glow Diamond Earrings,14 KT / Rose Gold,14K,2.465,0.72,44038.0,49509057429792,https://cdn.shopify.com/s/files/1/0805/4777/4752/files/DER000563_R1.jpg?v=1750223035,https://cdn.shopify.com/s/files/1/0805/4777/4752/files/DER000563_R2.jpg?v=1750223035,DER000563_R1.jpg
Midnight Glow Diamond Earrings,18 KT / Rose Gold,18K,2.9,0.72,55984.0,49848365744416,https://cdn.shopify.com/s/files/1/0805/4777/4752/files/DER000563_R1.jpg?v=1750223035,https://cdn.shopify.com/s/files/1/0805/4777/4752/files/DER000563_R2.jpg?v=1750223035,DER000563_R1.jpg
Premium Crescent Diamond Stud Earrings,9 KT / Rose Gold,9K,3.735,0.21,33997.0,50728270463264,https://cdn.shopify.com/s/files/1/0805/4777/4752/files/DER001115_R1.jpg?v=1754285994,https://cdn.shopify.com/s/files/1/0805/4777/4752/files/DER001115_R2.jpg?v=1767694119,DER001115_R1.jpg
Premium Crescent Diamond Stud Earrings,14 KT / Rose Gold,14K,4.233,0.21,51318.0,50523585577248,https://cdn.shopify.com/s/files/1/0805/4777/4752/files/DER001115_R1.jpg?v=1754285994,https://cdn.shopify.com/s/files/1/0805/4777/4752/files/DER001115_R2.jpg?v=1767694119,DER001115_R1.jpg
Premium Crescent Diamond Stud Earrings,18 KT / Rose Gold,18K,4.98,0.21,71833.0,50523585675552,https://cdn.shopify.com/s/files/1/0805/4777/4752/files/DER001115_R1.jpg?v=1754285994,https://cdn.shopify.com/s/files/1/0805/4777/4752/files/DER001115_R2.jpg?v=1767694119,DER001115_R1.jpg
Stacklight Diamond Bali Earrings,9 KT / Yellow Gold,9K,3.15,0.38,34085.0,50728272298272,https://cdn.shopify.com/s/files/1/0805/4777/4752/files/DER001172_Y1.jpg?v=1754119155,https://cdn.shopify.com/s/files/1/0805/4777/4752/files/DER001172_Y2.jpg?v=1767694556,DER001172_Y1.jpg
Stacklight Diamond Bali Earrings,14 KT / Yellow Gold,14K,3.57,0.38,48693.0,50523580498208,https://cdn.shopify.com/s/files/1/0805/4777/4752/files/DER001172_Y1.jpg?v=1754119155,https://cdn.shopify.com/s/files/1/0805/4777/4752/files/DER001172_Y2.jpg?v=1767694556,DER001172_Y1.jpg
Stacklight Diamond Bali Earrings,18 KT / Yellow Gold,18K,4.2,0.38,65995.0,50523580596512,https://cdn.shopify.com/s/files/1/0805/4777/4752/files/DER001172_Y1.jpg?v=1754119155,https://cdn.shopify.com/s/files/1/0805/4777/4752/files/DER001172_Y2.jpg?v=1767694556,DER001172_Y1.jpg
Lux Radiance Diamond Earrings,9 KT / Yellow Gold,9K,2.775,0.488,34115.0,50730025124128,https://cdn.shopify.com/s/files/1/0805/4777/4752/files/DER000722_Y1.jpg?v=1750222903,https://cdn.shopify.com/s/files/1/0805/4777/4752/files/DER000722_Y2.jpg?v=1750222903,DER000722_Y1.jpg
Lux Radiance Diamond Earrings,14 KT / Yellow Gold,14K,3.145,0.488,46984.0,49509067424032,https://cdn.shopify.com/s/files/1/0805/4777/4752/files/DER000722_Y1.jpg?v=1750222903,https://cdn.shopify.com/s/files/1/0805/4777/4752/files/DER000722_Y2.jpg?v=1750222903,DER000722_Y1.jpg
Lux Radiance Diamond Earrings,18 KT / Yellow Gold,18K,3.7,0.488,62226.0,49848264458528,https://cdn.shopify.com/s/files/1/0805/4777/4752/files/DER000722_Y1.jpg?v=1750222903,https://cdn.shopify.com/s/files/1/0805/4777/4752/files/DER000722_Y2.jpg?v=1750222903,DER000722_Y1.jpg
The Oracle's Eye Diamond Earrings,9 KT / Rose Gold,9K,2.25,0.594,34157.0,50728360214816,https://cdn.shopify.com/s/files/1/0805/4777/4752/files/SPER01112_R1.jpg?v=1751372738,https://cdn.shopify.com/s/files/1/0805/4777/4752/files/SPER01112_R2.jpg?v=1763635169,SPER01112_R1.jpg
The Oracle's Eye Diamond Earrings,14 KT / Rose Gold,14K,2.55,0.594,44591.0,50136878121248,https://cdn.shopify.com/s/files/1/0805/4777/4752/files/SPER01112_R1.jpg?v=1751372738,https://cdn.shopify.com/s/files/1/0805/4777/4752/files/SPER01112_R2.jpg?v=1763635169,SPER01112_R1.jpg
The Oracle's Eye Diamond Earrings,18 KT / Rose Gold,18K,3.0,0.594,56949.0,50136878219552,https://cdn.shopify.com/s/files/1/0805/4777/4752/files/SPER01112_R1.jpg?v=1751372738,https://cdn.shopify.com/s/files/1/0805/4777/4752/files/SPER01112_R2.jpg?v=1763635169,SPER01112_R1.jpg
Midnight Dew Diamond Earrings,9 KT / White Gold,9K,2.625,0.541,34389.0,50730079453472,https://cdn.shopify.com/s/files/1/0805/4777/4752/files/DER000623_W1.jpg?v=1750223025,https://cdn.shopify.com/s/files/1/0805/4777/4752/files/DER000623_W2.jpg?v=1750223025,DER000623_W1.jpg
Midnight Dew Diamond Earrings,14 KT / White Gold,14K,2.975,0.541,46562.0,49509058380064,https://cdn.shopify.com/s/files/1/0805/4777/4752/files/DER000623_W1.jpg?v=1750223025,https://cdn.shopify.com/s/files/1/0805/4777/4752/files/DER000623_W2.jpg?v=1750223025,DER000623_W1.jpg
Midnight Dew Diamond Earrings,18 KT / White Gold,18K,3.5,0.541,60980.0,49848365449504,https://cdn.shopify.com/s/files/1/0805/4777/4752/files/DER000623_W1.jpg?v=1750223025,https://cdn.shopify.com/s/files/1/0805/4777/4752/files/DER000623_W2.jpg?v=1750223025,DER000623_W1.jpg
Streamlined Diamond Stud Earrings,9 KT / Yellow Gold,9K,2.0775,0.7,34468.0,50728299528480,https://cdn.shopify.com/s/files/1/0805/4777/4752/files/DER001136_Y1_da09bfae-5e6b-40fe-a1e1-802939ed5141.jpg?v=1767952730,https://cdn.shopify.com/s/files/1/0805/4777/4752/files/DER001136_Y2_932eeec4-6602-4143-b483-2fc3f95be33f.jpg?v=1767952730,DER001136_Y1_da09bfae-5e6b-40fe-a1e1-802939ed5141.jpg
Streamlined Diamond Stud Earrings,14 KT / Yellow Gold,14K,2.3545,0.7,44102.0,50523561689376,https://cdn.shopify.com/s/files/1/0805/4777/4752/files/DER001136_Y1_da09bfae-5e6b-40fe-a1e1-802939ed5141.jpg?v=1767952730,https://cdn.shopify.com/s/files/1/0805/4777/4752/files/DER001136_Y2_932eeec4-6602-4143-b483-2fc3f95be33f.jpg?v=1767952730,DER001136_Y1_da09bfae-5e6b-40fe-a1e1-802939ed5141.jpg
Streamlined Diamond Stud Earrings,18 KT / Yellow Gold,18K,2.77,0.7,55513.0,50523561787680,https://cdn.shopify.com/s/files/1/0805/4777/4752/files/DER001136_Y1_da09bfae-5e6b-40fe-a1e1-802939ed5141.jpg?v=1767952730,https://cdn.shopify.com/s/files/1/0805/4777/4752/files/DER001136_Y2_932eeec4-6602-4143-b483-2fc3f95be33f.jpg?v=1767952730,DER001136_Y1_da09bfae-5e6b-40fe-a1e1-802939ed5141.jpg
Tiny Turbines Diamond Stud Earrings,9 KT / Yellow Gold,9K,1.4475,0.88,34480.0,50728330166560,https://cdn.shopify.com/s/files/1/0805/4777/4752/files/DER001083_Y1.jpg?v=1754118878,https://cdn.shopify.com/s/files/1/0805/4777/4752/files/DER001083_Y2.jpg?v=1763633144,DER001083_Y1.jpg
Tiny Turbines Diamond Stud Earrings,14 KT / Yellow Gold,14K,1.6405,0.88,41193.0,50523554185504,https://cdn.shopify.com/s/files/1/0805/4777/4752/files/DER001083_Y1.jpg?v=1754118878,https://cdn.shopify.com/s/files/1/0805/4777/4752/files/DER001083_Y2.jpg?v=1763633144,DER001083_Y1.jpg
Tiny Turbines Diamond Stud Earrings,18 KT / Yellow Gold,18K,1.93,0.88,49144.0,50523554283808,https://cdn.shopify.com/s/files/1/0805/4777/4752/files/DER001083_Y1.jpg?v=1754118878,https://cdn.shopify.com/s/files/1/0805/4777/4752/files/DER001083_Y2.jpg?v=1763633144,DER001083_Y1.jpg
Black Dash Fashion Diamond Dangler Earrings,9 KT / Rose Gold,9K,3.822,0.242,34488.0,50728343994656,https://cdn.shopify.com/s/files/1/0805/4777/4752/files/DER001004_R1.jpg?v=1750684131,https://cdn.shopify.com/s/files/1/0805/4777/4752/files/DER001004_R2.jpg?v=1750684131,DER001004_R1.jpg
Black Dash Fashion Diamond Dangler Earrings,14 KT / Rose Gold,14K,4.2,0.242,50968.0,50311327056160,https://cdn.shopify.com/s/files/1/0805/4777/4752/files/DER001004_R1.jpg?v=1750684131,https://cdn.shopify.com/s/files/1/0805/4777/4752/files/DER001004_R2.jpg?v=1750684131,DER001004_R1.jpg
Black Dash Fashion Diamond Dangler Earrings,18 KT / Rose Gold,18K,5.04,0.242,72524.0,50311327154464,https://cdn.shopify.com/s/files/1/0805/4777/4752/files/DER001004_R1.jpg?v=1750684131,https://cdn.shopify.com/s/files/1/0805/4777/4752/files/DER001004_R2.jpg?v=1750684131,DER001004_R1.jpg
Double Frame Round Diamond Stud Earrings,9 KT / Rose Gold,9K,2.548,0.596,34588.0,51157654667552,https://cdn.shopify.com/s/files/1/0805/4777/4752/files/DER001488_R1.jpg?v=1771232330,https://cdn.shopify.com/s/files/1/0805/4777/4752/files/DER001488_R2.jpg?v=1771232330,DER001488_R1.jpg
Double Frame Round Diamond Stud Earrings,14 KT / Rose Gold,14K,2.8,0.596,45574.0,51157654765856,https://cdn.shopify.com/s/files/1/0805/4777/4752/files/DER001488_R1.jpg?v=1771232330,https://cdn.shopify.com/s/files/1/0805/4777/4752/files/DER001488_R2.jpg?v=1771232330,DER001488_R1.jpg
Double Frame Round Diamond Stud Earrings,18 KT / Rose Gold,18K,3.36,0.596,59945.0,51157654864160,https://cdn.shopify.com/s/files/1/0805/4777/4752/files/DER001488_R1.jpg?v=1771232330,https://cdn.shopify.com/s/files/1/0805/4777/4752/files/DER001488_R2.jpg?v=1771232330,DER001488_R1.jpg
Seraphic Diamond Earrings,9 KT / White Gold,9K,3.375,0.338,34675.0,50730047963424,https://cdn.shopify.com/s/files/1/0805/4777/4752/files/DER000621_W1_8aead4ea-6235-41b1-915b-5e7e3e90bc79.jpg?v=1750223014,https://cdn.shopify.com/s/files/1/0805/4777/4752/files/DER000621_W2_19e72aa5-6d33-42b4-93fb-3aafe0343377.jpg?v=1750223014,DER000621_W1_8aead4ea-6235-41b1-915b-5e7e3e90bc79.jpg
Seraphic Diamond Earrings,14 KT / White Gold,14K,3.825,0.338,50326.0,49509059133728,https://cdn.shopify.com/s/files/1/0805/4777/4752/files/DER000621_W1_8aead4ea-6235-41b1-915b-5e7e3e90bc79.jpg?v=1750223014,https://cdn.shopify.com/s/files/1/0805/4777/4752/files/DER000621_W2_19e72aa5-6d33-42b4-93fb-3aafe0343377.jpg?v=1750223014,DER000621_W1_8aead4ea-6235-41b1-915b-5e7e3e90bc79.jpg
Seraphic Diamond Earrings,18 KT / White Gold,18K,4.5,0.338,68864.0,49848406442272,https://cdn.shopify.com/s/files/1/0805/4777/4752/files/DER000621_W1_8aead4ea-6235-41b1-915b-5e7e3e90bc79.jpg?v=1750223014,https://cdn.shopify.com/s/files/1/0805/4777/4752/files/DER000621_W2_19e72aa5-6d33-42b4-93fb-3aafe0343377.jpg?v=1750223014,DER000621_W1_8aead4ea-6235-41b1-915b-5e7e3e90bc79.jpg
Thea Diamond Earrings,9 KT / Rose Gold,9K,2.925,0.47,34775.0,50728470151456,https://cdn.shopify.com/s/files/1/0805/4777/4752/files/RK-PNB-308E_R1.jpg?v=1751372975,https://cdn.shopify.com/s/files/1/0805/4777/4752/files/RK-PNB-308E_R2.jpg?v=1751372975,RK-PNB-308E_R1.jpg
Thea Diamond Earrings,14 KT / Rose Gold,14K,3.315,0.47,48340.0,49907271172384,https://cdn.shopify.com/s/files/1/0805/4777/4752/files/RK-PNB-308E_R1.jpg?v=1751372975,https://cdn.shopify.com/s/files/1/0805/4777/4752/files/RK-PNB-308E_R2.jpg?v=1751372975,RK-PNB-308E_R1.jpg
Thea Diamond Earrings,18 KT / Rose Gold,18K,3.9,0.47,64406.0,49907271270688,https://cdn.shopify.com/s/files/1/0805/4777/4752/files/RK-PNB-308E_R1.jpg?v=1751372975,https://cdn.shopify.com/s/files/1/0805/4777/4752/files/RK-PNB-308E_R2.jpg?v=1751372975,RK-PNB-308E_R1.jpg
Rhombus Aura Diamond Earrings,9 KT / Rose Gold,9K,2.025,0.688,34833.0,50728374173984,https://cdn.shopify.com/s/files/1/0805/4777/4752/files/DER000963_R1.jpg?v=1761633330,https://cdn.shopify.com/s/files/1/0805/4777/4752/files/DER000963_R2.jpg?v=1761633330,DER000963_R1.jpg
Rhombus Aura Diamond Earrings,14 KT / Rose Gold,14K,2.295,0.688,44224.0,50136740725024,https://cdn.shopify.com/s/files/1/0805/4777/4752/files/DER000963_R1.jpg?v=1761633330,https://cdn.shopify.com/s/files/1/0805/4777/4752/files/DER000963_R2.jpg?v=1761633330,DER000963_R1.jpg
Rhombus Aura Diamond Earrings,18 KT / Rose Gold,18K,2.7,0.688,55347.0,50136740823328,https://cdn.shopify.com/s/files/1/0805/4777/4752/files/DER000963_R1.jpg?v=1761633330,https://cdn.shopify.com/s/files/1/0805/4777/4752/files/DER000963_R2.jpg?v=1761633330,DER000963_R1.jpg
Diamond Mirage Drop Earrings,9 KT / Rose Gold,9K,2.475,0.61,35089.0,50730035740960,https://cdn.shopify.com/s/files/1/0805/4777/4752/files/SER001048_R1.jpg?v=1750222927,https://cdn.shopify.com/s/files/1/0805/4777/4752/files/SER001048_R2.jpg?v=1750222928,SER001048_R1.jpg
Diamond Mirage Drop Earrings,14 KT / Rose Gold,14K,2.805,0.61,46567.0,49509065654560,https://cdn.shopify.com/s/files/1/0805/4777/4752/files/SER001048_R1.jpg?v=1750222927,https://cdn.shopify.com/s/files/1/0805/4777/4752/files/SER001048_R2.jpg?v=1750222928,SER001048_R1.jpg
Diamond Mirage Drop Earrings,18 KT / Rose Gold,18K,3.3,0.61,60161.0,49846389506336,https://cdn.shopify.com/s/files/1/0805/4777/4752/files/SER001048_R1.jpg?v=1750222927,https://cdn.shopify.com/s/files/1/0805/4777/4752/files/SER001048_R2.jpg?v=1750222928,SER001048_R1.jpg
Shimmering Pear Diamond Earrings,9 KT / Rose Gold,9K,3.0,0.461,35105.0,50728242741536,https://cdn.shopify.com/s/files/1/0805/4777/4752/files/NJ-CNT0146_R1.jpg?v=1756724369,https://cdn.shopify.com/s/files/1/0805/4777/4752/files/NJ-CNT0146_R2.jpg?v=1767696594,NJ-CNT0146_R1.jpg
Shimmering Pear Diamond Earrings,14 KT / Rose Gold,14K,3.4,0.461,49018.0,50617329647904,https://cdn.shopify.com/s/files/1/0805/4777/4752/files/NJ-CNT0146_R1.jpg?v=1756724369,https://cdn.shopify.com/s/files/1/0805/4777/4752/files/NJ-CNT0146_R2.jpg?v=1767696594,NJ-CNT0146_R1.jpg
Shimmering Pear Diamond Earrings,18 KT / Rose Gold,18K,4.0,0.461,65496.0,50617329746208,https://cdn.shopify.com/s/files/1/0805/4777/4752/files/NJ-CNT0146_R1.jpg?v=1756724369,https://cdn.shopify.com/s/files/1/0805/4777/4752/files/NJ-CNT0146_R2.jpg?v=1767696594,NJ-CNT0146_R1.jpg
Tranquil Diamond Dew Earrings,9 KT / Yellow Gold,9K,2.775,0.53,35236.0,50730022699296,https://cdn.shopify.com/s/files/1/0805/4777/4752/files/SER001071_Y1.jpg?v=1750222866,https://cdn.shopify.com/s/files/1/0805/4777/4752/files/SER001071_Y2.jpg?v=1750222866,SER001071_Y1.jpg
Tranquil Diamond Dew Earrings,14 KT / Yellow Gold,14K,3.145,0.53,48104.0,49509070733600,https://cdn.shopify.com/s/files/1/0805/4777/4752/files/SER001071_Y1.jpg?v=1750222866,https://cdn.shopify.com/s/files/1/0805/4777/4752/files/SER001071_Y2.jpg?v=1750222866,SER001071_Y1.jpg
Tranquil Diamond Dew Earrings,18 KT / Yellow Gold,18K,3.7,0.53,63346.0,49848417222944,https://cdn.shopify.com/s/files/1/0805/4777/4752/files/SER001071_Y1.jpg?v=1750222866,https://cdn.shopify.com/s/files/1/0805/4777/4752/files/SER001071_Y2.jpg?v=1750222866,SER001071_Y1.jpg
Enlighten Diamond Earrings,9 KT / Yellow Gold,9K,2.7,0.492,35368.0,50728358576416,https://cdn.shopify.com/s/files/1/0805/4777/4752/files/SPER01099_Y1.jpg?v=1751372717,https://cdn.shopify.com/s/files/1/0805/4777/4752/files/SPER01099_Y2.jpg?v=1751372717,SPER01099_Y1.jpg
Enlighten Diamond Earrings,14 KT / Yellow Gold,14K,3.06,0.492,47889.0,50136882610464,https://cdn.shopify.com/s/files/1/0805/4777/4752/files/SPER01099_Y1.jpg?v=1751372717,https://cdn.shopify.com/s/files/1/0805/4777/4752/files/SPER01099_Y2.jpg?v=1751372717,SPER01099_Y1.jpg
Enlighten Diamond Earrings,18 KT / Yellow Gold,18K,3.6,0.492,62719.0,50136882708768,https://cdn.shopify.com/s/files/1/0805/4777/4752/files/SPER01099_Y1.jpg?v=1751372717,https://cdn.shopify.com/s/files/1/0805/4777/4752/files/SPER01099_Y2.jpg?v=1751372717,SPER01099_Y1.jpg
Crystal Shimmer Diamond Earrings,9 KT / Yellow Gold,9K,2.625,0.584,35536.0,50730036068640,https://cdn.shopify.com/s/files/1/0805/4777/4752/files/DER000735_Y1.jpg?v=1750222937,https://cdn.shopify.com/s/files/1/0805/4777/4752/files/DER000735_Y2.jpg?v=1750222937,DER000735_Y1.jpg
Crystal Shimmer Diamond Earrings,14 KT / Yellow Gold,14K,2.975,0.584,47709.0,49509065163040,https://cdn.shopify.com/s/files/1/0805/4777/4752/files/DER000735_Y1.jpg?v=1750222937,https://cdn.shopify.com/s/files/1/0805/4777/4752/files/DER000735_Y2.jpg?v=1750222937,DER000735_Y1.jpg
Crystal Shimmer Diamond Earrings,18 KT / Yellow Gold,18K,3.5,0.584,62127.0,49846273245472,https://cdn.shopify.com/s/files/1/0805/4777/4752/files/DER000735_Y1.jpg?v=1750222937,https://cdn.shopify.com/s/files/1/0805/4777/4752/files/DER000735_Y2.jpg?v=1750222937,DER000735_Y1.jpg
Radiant Allure Diamond Earrings,9 KT / Yellow Gold,9K,3.6375,0.32,36190.0,50730082042144,https://cdn.shopify.com/s/files/1/0805/4777/4752/files/DER000620_Y1.jpg?v=1750223042,https://cdn.shopify.com/s/files/1/0805/4777/4752/files/DER000620_Y2.jpg?v=1750223043,DER000620_Y1.jpg
Radiant Allure Diamond Earrings,14 KT / Yellow Gold,14K,4.1225,0.32,53059.0,49509057397024,https://cdn.shopify.com/s/files/1/0805/4777/4752/files/DER000620_Y1.jpg?v=1750223042,https://cdn.shopify.com/s/files/1/0805/4777/4752/files/DER000620_Y2.jpg?v=1750223043,DER000620_Y1.jpg
Radiant Allure Diamond Earrings,18 KT / Yellow Gold,18K,4.85,0.32,73039.0,49848381407520,https://cdn.shopify.com/s/files/1/0805/4777/4752/files/DER000620_Y1.jpg?v=1750223042,https://cdn.shopify.com/s/files/1/0805/4777/4752/files/DER000620_Y2.jpg?v=1750223043,DER000620_Y1.jpg
City Glamour Diamond Stud Earrings,9 KT / Yellow Gold,9K,2.025,0.78,36203.0,50728234680608,https://cdn.shopify.com/s/files/1/0805/4777/4752/files/DER001226_Y1.jpg?v=1756378266,https://cdn.shopify.com/s/files/1/0805/4777/4752/files/DER001226_Y2.jpg?v=1767694965,DER001226_Y1.jpg
City Glamour Diamond Stud Earrings,14 KT / Yellow Gold,14K,2.295,0.78,45594.0,50632484847904,https://cdn.shopify.com/s/files/1/0805/4777/4752/files/DER001226_Y1.jpg?v=1756378266,https://cdn.shopify.com/s/files/1/0805/4777/4752/files/DER001226_Y2.jpg?v=1767694965,DER001226_Y1.jpg
City Glamour Diamond Stud Earrings,18 KT / Yellow Gold,18K,2.7,0.78,56716.0,50632484946208,https://cdn.shopify.com/s/files/1/0805/4777/4752/files/DER001226_Y1.jpg?v=1756378266,https://cdn.shopify.com/s/files/1/0805/4777/4752/files/DER001226_Y2.jpg?v=1767694965,DER001226_Y1.jpg
Twilight Glimmer Diamond Earrings,9 KT / Rose Gold,9K,2.85,0.547,36259.0,50728463171872,https://cdn.shopify.com/s/files/1/0805/4777/4752/files/RK-RE-770_R1.jpg?v=1751372971,https://cdn.shopify.com/s/files/1/0805/4777/4752/files/RK-RE-770_R2.jpg?v=1751372971,RK-RE-770_R1.jpg
Twilight Glimmer Diamond Earrings,14 KT / Rose Gold,14K,3.23,0.547,49476.0,49907287064864,https://cdn.shopify.com/s/files/1/0805/4777/4752/files/RK-RE-770_R1.jpg?v=1751372971,https://cdn.shopify.com/s/files/1/0805/4777/4752/files/RK-RE-770_R2.jpg?v=1751372971,RK-RE-770_R1.jpg
Twilight Glimmer Diamond Earrings,18 KT / Rose Gold,18K,3.8,0.547,65130.0,49907287163168,https://cdn.shopify.com/s/files/1/0805/4777/4752/files/RK-RE-770_R1.jpg?v=1751372971,https://cdn.shopify.com/s/files/1/0805/4777/4752/files/RK-RE-770_R2.jpg?v=1751372971,RK-RE-770_R1.jpg
Light Tile Diamond Bali Earrings,9 KT / Rose Gold,9K,3.4125,0.388,36294.0,50728271380768,https://cdn.shopify.com/s/files/1/0805/4777/4752/files/DER001153_R1.jpg?v=1754289167,https://cdn.shopify.com/s/files/1/0805/4777/4752/files/DER001153_R2.jpg?v=1763634050,DER001153_R1.jpg
Light Tile Diamond Bali Earrings,14 KT / Rose Gold,14K,3.8675,0.388,52119.0,50523582726432,https://cdn.shopify.com/s/files/1/0805/4777/4752/files/DER001153_R1.jpg?v=1754289167,https://cdn.shopify.com/s/files/1/0805/4777/4752/files/DER001153_R2.jpg?v=1763634050,DER001153_R1.jpg
Light Tile Diamond Bali Earrings,18 KT / Rose Gold,18K,4.55,0.388,70863.0,50523582824736,https://cdn.shopify.com/s/files/1/0805/4777/4752/files/DER001153_R1.jpg?v=1754289167,https://cdn.shopify.com/s/files/1/0805/4777/4752/files/DER001153_R2.jpg?v=1763634050,DER001153_R1.jpg
Twilight Cascade Diamond Earrings,9 KT / Rose Gold,9K,1.8,0.69,36665.0,50730631561504,https://cdn.shopify.com/s/files/1/0805/4777/4752/files/DER000446_1_0864128f-ba4d-4963-acbf-9a15184fd768.png?v=1750225933,https://cdn.shopify.com/s/files/1/0805/4777/4752/files/DER000446_2_fb4621d2-9252-4fa3-8fa5-c65c3f66d026.png?v=1763632677,DER000446_1_0864128f-ba4d-4963-acbf-9a15184fd768.png
Twilight Cascade Diamond Earrings,14 KT / Rose Gold,14K,2.04,0.69,45012.0,47436116001056,https://cdn.shopify.com/s/files/1/0805/4777/4752/files/DER000446_1_0864128f-ba4d-4963-acbf-9a15184fd768.png?v=1750225933,https://cdn.shopify.com/s/files/1/0805/4777/4752/files/DER000446_2_fb4621d2-9252-4fa3-8fa5-c65c3f66d026.png?v=1763632677,DER000446_1_0864128f-ba4d-4963-acbf-9a15184fd768.png
Twilight Cascade Diamond Earrings,18 KT / Rose Gold,18K,2.4,0.69,54899.0,49848417485088,https://cdn.shopify.com/s/files/1/0805/4777/4752/files/DER000446_1_0864128f-ba4d-4963-acbf-9a15184fd768.png?v=1750225933,https://cdn.shopify.com/s/files/1/0805/4777/4752/files/DER000446_2_fb4621d2-9252-4fa3-8fa5-c65c3f66d026.png?v=1763632677,DER000446_1_0864128f-ba4d-4963-acbf-9a15184fd768.png
Golden Loop Fashion Diamond Dangler Earrings,9 KT / Yellow Gold,9K,3.075,0.501,36743.0,50728343798048,https://cdn.shopify.com/s/files/1/0805/4777/4752/files/DER000999_Y1.jpg?v=1750415137,https://cdn.shopify.com/s/files/1/0805/4777/4752/files/DER000999_Y2.jpg?v=1750415247,DER000999_Y1.jpg
Golden Loop Fashion Diamond Dangler Earrings,14 KT / Yellow Gold,14K,3.485,0.501,51003.0,50311327318304,https://cdn.shopify.com/s/files/1/0805/4777/4752/files/DER000999_Y1.jpg?v=1750415137,https://cdn.shopify.com/s/files/1/0805/4777/4752/files/DER000999_Y2.jpg?v=1750415247,DER000999_Y1.jpg
Golden Loop Fashion Diamond Dangler Earrings,18 KT / Yellow Gold,18K,4.1,0.501,67893.0,50311327416608,https://cdn.shopify.com/s/files/1/0805/4777/4752/files/DER000999_Y1.jpg?v=1750415137,https://cdn.shopify.com/s/files/1/0805/4777/4752/files/DER000999_Y2.jpg?v=1750415247,DER000999_Y1.jpg
Partial Drop Diamond Stud Earrings,9 KT / Rose Gold,9K,1.5,0.784,36892.0,50728227602720,https://cdn.shopify.com/s/files/1/0805/4777/4752/files/DER000463_R1.jpg?v=1758093463,https://cdn.shopify.com/s/files/1/0805/4777/4752/files/DER000463_R2.jpg?v=1767692329,DER000463_R1.jpg
Partial Drop Diamond Stud Earrings,14 KT / Rose Gold,14K,1.7,0.784,43848.0,50695460585760,https://cdn.shopify.com/s/files/1/0805/4777/4752/files/DER000463_R1.jpg?v=1758093463,https://cdn.shopify.com/s/files/1/0805/4777/4752/files/DER000463_R2.jpg?v=1767692329,DER000463_R1.jpg
Partial Drop Diamond Stud Earrings,18 KT / Rose Gold,18K,2.0,0.784,52087.0,50695460684064,https://cdn.shopify.com/s/files/1/0805/4777/4752/files/DER000463_R1.jpg?v=1758093463,https://cdn.shopify.com/s/files/1/0805/4777/4752/files/DER000463_R2.jpg?v=1767692329,DER000463_R1.jpg
Lattice Teardrop Diamond Earrings,9 KT / Yellow Gold,9K,3.0,0.448,36893.0,50728349139232,https://cdn.shopify.com/s/files/1/0805/4777/4752/files/SPER01101_Y1.jpg?v=1751372715,https://cdn.shopify.com/s/files/1/0805/4777/4752/files/SPER01101_Y2.jpg?v=1751372715,SPER01101_Y1.jpg
Lattice Teardrop Diamond Earrings,14 KT / Yellow Gold,14K,3.4,0.448,50806.0,50136883003680,https://cdn.shopify.com/s/files/1/0805/4777/4752/files/SPER01101_Y1.jpg?v=1751372715,https://cdn.shopify.com/s/files/1/0805/4777/4752/files/SPER01101_Y2.jpg?v=1751372715,SPER01101_Y1.jpg
Lattice Teardrop Diamond Earrings,18 KT / Yellow Gold,18K,4.0,0.448,67283.0,50136883101984,https://cdn.shopify.com/s/files/1/0805/4777/4752/files/SPER01101_Y1.jpg?v=1751372715,https://cdn.shopify.com/s/files/1/0805/4777/4752/files/SPER01101_Y2.jpg?v=1751372715,SPER01101_Y1.jpg
Emerald Stream Pave Diamond Stud Earrings,9 KT / Yellow Gold,9K,1.65,0.92,37087.0,50728237662496,https://cdn.shopify.com/s/files/1/0805/4777/4752/files/DER001231_Y1.jpg?v=1760012279,https://cdn.shopify.com/s/files/1/0805/4777/4752/files/DER001231_Y2.jpg?v=1767694978,DER001231_Y1.jpg
Emerald Stream Pave Diamond Stud Earrings,14 KT / Yellow Gold,14K,1.87,0.92,44739.0,50632480391456,https://cdn.shopify.com/s/files/1/0805/4777/4752/files/DER001231_Y1.jpg?v=1760012279,https://cdn.shopify.com/s/files/1/0805/4777/4752/files/DER001231_Y2.jpg?v=1767694978,DER001231_Y1.jpg
Emerald Stream Pave Diamond Stud Earrings,18 KT / Yellow Gold,18K,2.2,0.92,53801.0,50632480489760,https://cdn.shopify.com/s/files/1/0805/4777/4752/files/DER001231_Y1.jpg?v=1760012279,https://cdn.shopify.com/s/files/1/0805/4777/4752/files/DER001231_Y2.jpg?v=1767694978,DER001231_Y1.jpg
Foliage Cluster Diamond Stud Earrings,9 KT / Rose Gold,9K,2.55,0.67,37260.0,50801679728928,https://cdn.shopify.com/s/files/1/0805/4777/4752/files/DER001238_R1.jpg?v=1760525872,https://cdn.shopify.com/s/files/1/0805/4777/4752/files/DER001238_R2.jpg?v=1760525872,DER001238_R1.jpg
Foliage Cluster Diamond Stud Earrings,14 KT / Rose Gold,14K,2.89,0.67,49085.0,50632486584608,https://cdn.shopify.com/s/files/1/0805/4777/4752/files/DER001238_R1.jpg?v=1760525872,https://cdn.shopify.com/s/files/1/0805/4777/4752/files/DER001238_R2.jpg?v=1760525872,DER001238_R1.jpg
Foliage Cluster Diamond Stud Earrings,18 KT / Rose Gold,18K,3.4,0.67,63091.0,50632486682912,https://cdn.shopify.com/s/files/1/0805/4777/4752/files/DER001238_R1.jpg?v=1760525872,https://cdn.shopify.com/s/files/1/0805/4777/4752/files/DER001238_R2.jpg?v=1760525872,DER001238_R1.jpg
Sunbeam Spark Diamond Drop Earrings,9 KT / Rose Gold,9K,1.245,0.868,37346.0,50728337801504,https://cdn.shopify.com/s/files/1/0805/4777/4752/files/DER001090_R1.jpg?v=1754125669,https://cdn.shopify.com/s/files/1/0805/4777/4752/files/DER001090_R2.jpg?v=1754125669,DER001090_R1.jpg
Sunbeam Spark Diamond Drop Earrings,14 KT / Rose Gold,14K,1.411,0.868,43120.0,50523551236384,https://cdn.shopify.com/s/files/1/0805/4777/4752/files/DER001090_R1.jpg?v=1754125669,https://cdn.shopify.com/s/files/1/0805/4777/4752/files/DER001090_R2.jpg?v=1754125669,DER001090_R1.jpg
Sunbeam Spark Diamond Drop Earrings,18 KT / Rose Gold,18K,1.66,0.868,49958.0,50523551334688,https://cdn.shopify.com/s/files/1/0805/4777/4752/files/DER001090_R1.jpg?v=1754125669,https://cdn.shopify.com/s/files/1/0805/4777/4752/files/DER001090_R2.jpg?v=1754125669,DER001090_R1.jpg
Opulent Radiance Diamond Earrings,9 KT / White Gold,9K,3.0,0.551,37506.0,50730087973152,https://cdn.shopify.com/s/files/1/0805/4777/4752/files/DER000626_W1.jpg?v=1750223062,https://cdn.shopify.com/s/files/1/0805/4777/4752/files/DER000626_W2.jpg?v=1750223062,DER000626_W1.jpg
Opulent Radiance Diamond Earrings,14 KT / White Gold,14K,3.4,0.551,51419.0,49509055070496,https://cdn.shopify.com/s/files/1/0805/4777/4752/files/DER000626_W1.jpg?v=1750223062,https://cdn.shopify.com/s/files/1/0805/4777/4752/files/DER000626_W2.jpg?v=1750223062,DER000626_W1.jpg
Opulent Radiance Diamond Earrings,18 KT / White Gold,18K,4.0,0.551,67896.0,49848378065184,https://cdn.shopify.com/s/files/1/0805/4777/4752/files/DER000626_W1.jpg?v=1750223062,https://cdn.shopify.com/s/files/1/0805/4777/4752/files/DER000626_W2.jpg?v=1750223062,DER000626_W1.jpg
Lustrous Symphony Earrings,9 KT / Rose Gold,9K,1.926,0.86,37585.0,50730187030816,https://cdn.shopify.com/s/files/1/0805/4777/4752/files/WER000049_R1.jpg?v=1752143419,https://cdn.shopify.com/s/files/1/0805/4777/4752/files/WER000049_R2.jpg?v=1752143419,WER000049_R1.jpg
Lustrous Symphony Earrings,14 KT / Rose Gold,14K,2.1828,0.86,46516.0,47558966018336,https://cdn.shopify.com/s/files/1/0805/4777/4752/files/WER000049_R1.jpg?v=1752143419,https://cdn.shopify.com/s/files/1/0805/4777/4752/files/WER000049_R2.jpg?v=1752143419,WER000049_R1.jpg
Lustrous Symphony Earrings,18 KT / Rose Gold,18K,2.57,0.86,57119.0,49848262000928,https://cdn.shopify.com/s/files/1/0805/4777/4752/files/WER000049_R1.jpg?v=1752143419,https://cdn.shopify.com/s/files/1/0805/4777/4752/files/WER000049_R2.jpg?v=1752143419,WER000049_R1.jpg
Double Tri Curve Diamond Stud Earrings,9 KT / Yellow Gold,9K,2.25,0.6,37685.0,50728227504416,https://cdn.shopify.com/s/files/1/0805/4777/4752/files/DER000072_Y1.jpg?v=1758087269,https://cdn.shopify.com/s/files/1/0805/4777/4752/files/DER000072_Y2.jpg?v=1767695688,DER000072_Y1.jpg
Double Tri Curve Diamond Stud Earrings,14 KT / Yellow Gold,14K,2.55,0.6,48119.0,50695460847904,https://cdn.shopify.com/s/files/1/0805/4777/4752/files/DER000072_Y1.jpg?v=1758087269,https://cdn.shopify.com/s/files/1/0805/4777/4752/files/DER000072_Y2.jpg?v=1767695688,DER000072_Y1.jpg
Double Tri Curve Diamond Stud Earrings,18 KT / Yellow Gold,18K,3.0,0.6,60477.0,50695460946208,https://cdn.shopify.com/s/files/1/0805/4777/4752/files/DER000072_Y1.jpg?v=1758087269,https://cdn.shopify.com/s/files/1/0805/4777/4752/files/DER000072_Y2.jpg?v=1767695688,DER000072_Y1.jpg
Diamond Enigma Earrings,9 KT / Yellow Gold,9K,2.8125,0.72,37826.0,50730046390560,https://cdn.shopify.com/s/files/1/0805/4777/4752/files/DER000570_Y1.jpg?v=1750223010,https://cdn.shopify.com/s/files/1/0805/4777/4752/files/DER000570_Y2.jpg?v=1750223010,DER000570_Y1.jpg
Diamond Enigma Earrings,14 KT / Yellow Gold,14K,3.1875,0.72,50869.0,49509059559712,https://cdn.shopify.com/s/files/1/0805/4777/4752/files/DER000570_Y1.jpg?v=1750223010,https://cdn.shopify.com/s/files/1/0805/4777/4752/files/DER000570_Y2.jpg?v=1750223010,DER000570_Y1.jpg
Diamond Enigma Earrings,18 KT / Yellow Gold,18K,3.75,0.72,66317.0,49846374564128,https://cdn.shopify.com/s/files/1/0805/4777/4752/files/DER000570_Y1.jpg?v=1750223010,https://cdn.shopify.com/s/files/1/0805/4777/4752/files/DER000570_Y2.jpg?v=1750223010,DER000570_Y1.jpg
Crystal Radiance Diamond Earrings,9 KT / Rose Gold,9K,2.625,0.67,37830.0,50730089972000,https://cdn.shopify.com/s/files/1/0805/4777/4752/files/DER000565_R1.jpg?v=1750223083,https://cdn.shopify.com/s/files/1/0805/4777/4752/files/DER000565_R2.jpg?v=1750223083,DER000565_R1.jpg
Crystal Radiance Diamond Earrings,14 KT / Rose Gold,14K,2.975,0.67,50003.0,49509053169952,https://cdn.shopify.com/s/files/1/0805/4777/4752/files/DER000565_R1.jpg?v=1750223083,https://cdn.shopify.com/s/files/1/0805/4777/4752/files/DER000565_R2.jpg?v=1750223083,DER000565_R1.jpg
Crystal Radiance Diamond Earrings,18 KT / Rose Gold,18K,3.5,0.67,64421.0,49846271312160,https://cdn.shopify.com/s/files/1/0805/4777/4752/files/DER000565_R1.jpg?v=1750223083,https://cdn.shopify.com/s/files/1/0805/4777/4752/files/DER000565_R2.jpg?v=1750223083,DER000565_R1.jpg
Stellar Circa Diamond Bali Earrings,9 KT / White Gold,9K,3.4125,0.448,37895.0,50728271479072,https://cdn.shopify.com/s/files/1/0805/4777/4752/files/DER001158_W1.jpg?v=1754289334,https://cdn.shopify.com/s/files/1/0805/4777/4752/files/DER001158_W2.jpg?v=1763634075,DER001158_W1.jpg
Stellar Circa Diamond Bali Earrings,14 KT / White Gold,14K,3.8675,0.448,53720.0,50523582136608,https://cdn.shopify.com/s/files/1/0805/4777/4752/files/DER001158_W1.jpg?v=1754289334,https://cdn.shopify.com/s/files/1/0805/4777/4752/files/DER001158_W2.jpg?v=1763634075,DER001158_W1.jpg
Stellar Circa Diamond Bali Earrings,18 KT / White Gold,18K,4.55,0.448,72463.0,50523582234912,https://cdn.shopify.com/s/files/1/0805/4777/4752/files/DER001158_W1.jpg?v=1754289334,https://cdn.shopify.com/s/files/1/0805/4777/4752/files/DER001158_W2.jpg?v=1763634075,DER001158_W1.jpg
Lattice Round Diamond Bali Earrings,9 KT / Rose Gold,9K,2.25,0.78,37914.0,50728227373344,https://cdn.shopify.com/s/files/1/0805/4777/4752/files/DER000540_R1.jpg?v=1758093855,https://cdn.shopify.com/s/files/1/0805/4777/4752/files/DER000540_R2.jpg?v=1767692769,DER000540_R1.jpg
Lattice Round Diamond Bali Earrings,14 KT / Rose Gold,14K,2.55,0.78,48348.0,50695460978976,https://cdn.shopify.com/s/files/1/0805/4777/4752/files/DER000540_R1.jpg?v=1758093855,https://cdn.shopify.com/s/files/1/0805/4777/4752/files/DER000540_R2.jpg?v=1767692769,DER000540_R1.jpg
Lattice Round Diamond Bali Earrings,18 KT / Rose Gold,18K,3.0,0.78,60706.0,50695461077280,https://cdn.shopify.com/s/files/1/0805/4777/4752/files/DER000540_R1.jpg?v=1758093855,https://cdn.shopify.com/s/files/1/0805/4777/4752/files/DER000540_R2.jpg?v=1767692769,DER000540_R1.jpg
Prism Trail Diamond Drop Earrings,9 KT / White Gold,9K,3.3,0.488,38106.0,50728271773984,https://cdn.shopify.com/s/files/1/0805/4777/4752/files/DER001113_W1.jpg?v=1754285941,https://cdn.shopify.com/s/files/1/0805/4777/4752/files/DER001113_W2.jpg?v=1767694113,DER001113_W1.jpg
Prism Trail Diamond Drop Earrings,14 KT / White Gold,14K,3.74,0.488,53410.0,50523581153568,https://cdn.shopify.com/s/files/1/0805/4777/4752/files/DER001113_W1.jpg?v=1754285941,https://cdn.shopify.com/s/files/1/0805/4777/4752/files/DER001113_W2.jpg?v=1767694113,DER001113_W1.jpg
Prism Trail Diamond Drop Earrings,18 KT / White Gold,18K,4.4,0.488,71536.0,50523581251872,https://cdn.shopify.com/s/files/1/0805/4777/4752/files/DER001113_W1.jpg?v=1754285941,https://cdn.shopify.com/s/files/1/0805/4777/4752/files/DER001113_W2.jpg?v=1767694113,DER001113_W1.jpg
Angelic Glow Diamond Earrings,9 KT / Yellow Gold,9K,3.375,0.468,38143.0,50730080043296,https://cdn.shopify.com/s/files/1/0805/4777/4752/files/DER000627_Y1.jpg?v=1750223027,https://cdn.shopify.com/s/files/1/0805/4777/4752/files/DER000627_Y2.jpg?v=1750223027,DER000627_Y1.jpg
Angelic Glow Diamond Earrings,14 KT / Yellow Gold,14K,3.825,0.468,53794.0,49509058248992,https://cdn.shopify.com/s/files/1/0805/4777/4752/files/DER000627_Y1.jpg?v=1750223027,https://cdn.shopify.com/s/files/1/0805/4777/4752/files/DER000627_Y2.jpg?v=1750223027,DER000627_Y1.jpg
Angelic Glow Diamond Earrings,18 KT / Yellow Gold,18K,4.5,0.468,72332.0,49846213411104,https://cdn.shopify.com/s/files/1/0805/4777/4752/files/DER000627_Y1.jpg?v=1750223027,https://cdn.shopify.com/s/files/1/0805/4777/4752/files/DER000627_Y2.jpg?v=1750223027,DER000627_Y1.jpg
Baugette & Marquise Halo Diamond Stud Earrings,9 KT / Rose Gold,9K,2.912,0.63,38164.0,51157656174880,https://cdn.shopify.com/s/files/1/0805/4777/4752/files/DER001487_R1.jpg?v=1771232282,https://cdn.shopify.com/s/files/1/0805/4777/4752/files/DER001487_R2.jpg?v=1771232282,DER001487_R1.jpg
Baugette & Marquise Halo Diamond Stud Earrings,14 KT / Rose Gold,14K,3.2,0.63,50721.0,51157656273184,https://cdn.shopify.com/s/files/1/0805/4777/4752/files/DER001487_R1.jpg?v=1771232282,https://cdn.shopify.com/s/files/1/0805/4777/4752/files/DER001487_R2.jpg?v=1771232282,DER001487_R1.jpg
Baugette & Marquise Halo Diamond Stud Earrings,18 KT / Rose Gold,18K,3.84,0.63,67144.0,51157656371488,https://cdn.shopify.com/s/files/1/0805/4777/4752/files/DER001487_R1.jpg?v=1771232282,https://cdn.shopify.com/s/files/1/0805/4777/4752/files/DER001487_R2.jpg?v=1771232282,DER001487_R1.jpg
Eternal Gem Diamond Earrings,9 KT / Rose Gold,9K,3.0,0.578,38227.0,50730021912864,https://cdn.shopify.com/s/files/1/0805/4777/4752/files/DER000704_R1.jpg?v=1750222861,https://cdn.shopify.com/s/files/1/0805/4777/4752/files/DER000704_R2.jpg?v=1750222861,DER000704_R1.jpg
Eternal Gem Diamond Earrings,14 KT / Rose Gold,14K,3.4,0.578,52139.0,49509071061280,https://cdn.shopify.com/s/files/1/0805/4777/4752/files/DER000704_R1.jpg?v=1750222861,https://cdn.shopify.com/s/files/1/0805/4777/4752/files/DER000704_R2.jpg?v=1750222861,DER000704_R1.jpg
Eternal Gem Diamond Earrings,18 KT / Rose Gold,18K,4.0,0.578,68617.0,49846570484000,https://cdn.shopify.com/s/files/1/0805/4777/4752/files/DER000704_R1.jpg?v=1750222861,https://cdn.shopify.com/s/files/1/0805/4777/4752/files/DER000704_R2.jpg?v=1750222861,DER000704_R1.jpg
OrnaFlare Diamond Stud Earrings,9 KT / Yellow Gold,9K,3.345,0.48,38235.0,50728271675680,https://cdn.shopify.com/s/files/1/0805/4777/4752/files/DER001132_Y1.jpg?v=1754119042,https://cdn.shopify.com/s/files/1/0805/4777/4752/files/DER001132_Y2.jpg?v=1763633623,DER001132_Y1.jpg
OrnaFlare Diamond Stud Earrings,14 KT / Yellow Gold,14K,3.791,0.48,53747.0,50523581481248,https://cdn.shopify.com/s/files/1/0805/4777/4752/files/DER001132_Y1.jpg?v=1754119042,https://cdn.shopify.com/s/files/1/0805/4777/4752/files/DER001132_Y2.jpg?v=1763633623,DER001132_Y1.jpg
OrnaFlare Diamond Stud Earrings,18 KT / Yellow Gold,18K,4.46,0.48,72120.0,50523581579552,https://cdn.shopify.com/s/files/1/0805/4777/4752/files/DER001132_Y1.jpg?v=1754119042,https://cdn.shopify.com/s/files/1/0805/4777/4752/files/DER001132_Y2.jpg?v=1763633623,DER001132_Y1.jpg
Petal Swirl Diamond Stud Earrings,9 KT / Rose Gold,9K,3.5625,0.42,38288.0,50728271085856,https://cdn.shopify.com/s/files/1/0805/4777/4752/files/DER001139_R1.jpg?v=1754383590,https://cdn.shopify.com/s/files/1/0805/4777/4752/files/DER001139_R2.jpg?v=1763633666,DER001139_R1.jpg
Petal Swirl Diamond Stud Earrings,14 KT / Rose Gold,14K,4.0375,0.42,54809.0,50523584561440,https://cdn.shopify.com/s/files/1/0805/4777/4752/files/DER001139_R1.jpg?v=1754383590,https://cdn.shopify.com/s/files/1/0805/4777/4752/files/DER001139_R2.jpg?v=1763633666,DER001139_R1.jpg
Petal Swirl Diamond Stud Earrings,18 KT / Rose Gold,18K,4.75,0.42,74376.0,50523584659744,https://cdn.shopify.com/s/files/1/0805/4777/4752/files/DER001139_R1.jpg?v=1754383590,https://cdn.shopify.com/s/files/1/0805/4777/4752/files/DER001139_R2.jpg?v=1763633666,DER001139_R1.jpg
Double Beamed Diamond Bali Earrings,9 KT / Rose Gold,9K,2.5125,0.72,38309.0,50728293663008,https://cdn.shopify.com/s/files/1/0805/4777/4752/files/DER001162_R1.jpg?v=1754289403,https://cdn.shopify.com/s/files/1/0805/4777/4752/files/DER001162_R2.jpg?v=1754289403,DER001162_R1.jpg
Double Beamed Diamond Bali Earrings,14 KT / Rose Gold,14K,2.8475,0.72,49960.0,50523571421472,https://cdn.shopify.com/s/files/1/0805/4777/4752/files/DER001162_R1.jpg?v=1754289403,https://cdn.shopify.com/s/files/1/0805/4777/4752/files/DER001162_R2.jpg?v=1754289403,DER001162_R1.jpg
Double Beamed Diamond Bali Earrings,18 KT / Rose Gold,18K,3.35,0.72,63760.0,50523571519776,https://cdn.shopify.com/s/files/1/0805/4777/4752/files/DER001162_R1.jpg?v=1754289403,https://cdn.shopify.com/s/files/1/0805/4777/4752/files/DER001162_R2.jpg?v=1754289403,DER001162_R1.jpg
Coraline Diamond Earrings,9 KT / Yellow Gold,9K,1.425,1.03,38311.0,50728502395168,https://cdn.shopify.com/s/files/1/0805/4777/4752/files/CZ-K-ER-8656_Y1.jpg?v=1751373044,https://cdn.shopify.com/s/files/1/0805/4777/4752/files/CZ-K-ER-8656_Y2.jpg?v=1751373044,CZ-K-ER-8656_Y1.jpg
Coraline Diamond Earrings,14 KT / Yellow Gold,14K,1.615,1.03,44919.0,49872669638944,https://cdn.shopify.com/s/files/1/0805/4777/4752/files/CZ-K-ER-8656_Y1.jpg?v=1751373044,https://cdn.shopify.com/s/files/1/0805/4777/4752/files/CZ-K-ER-8656_Y2.jpg?v=1751373044,CZ-K-ER-8656_Y1.jpg
Coraline Diamond Earrings,18 KT / Yellow Gold,18K,1.9,1.03,52746.0,49872669737248,https://cdn.shopify.com/s/files/1/0805/4777/4752/files/CZ-K-ER-8656_Y1.jpg?v=1751373044,https://cdn.shopify.com/s/files/1/0805/4777/4752/files/CZ-K-ER-8656_Y2.jpg?v=1751373044,CZ-K-ER-8656_Y1.jpg
Glowing Halo Diamond Earrings,9 KT / Rose Gold,9K,2.775,0.662,38757.0,50730050027808,https://cdn.shopify.com/s/files/1/0805/4777/4752/files/DER000634_R1.jpg?v=1750223023,https://cdn.shopify.com/s/files/1/0805/4777/4752/files/DER000634_R2.jpg?v=1750223023,DER000634_R1.jpg
Glowing Halo Diamond Earrings,14 KT / Rose Gold,14K,3.145,0.662,51626.0,49509058478368,https://cdn.shopify.com/s/files/1/0805/4777/4752/files/DER000634_R1.jpg?v=1750223023,https://cdn.shopify.com/s/files/1/0805/4777/4752/files/DER000634_R2.jpg?v=1750223023,DER000634_R1.jpg
Glowing Halo Diamond Earrings,18 KT / Rose Gold,18K,3.7,0.662,66868.0,49848134041888,https://cdn.shopify.com/s/files/1/0805/4777/4752/files/DER000634_R1.jpg?v=1750223023,https://cdn.shopify.com/s/files/1/0805/4777/4752/files/DER000634_R2.jpg?v=1750223023,DER000634_R1.jpg
Multi-Cluster Diamond Stud Earrings,9 KT / Yellow Gold,9K,2.2386,0.84,38827.0,50801679892768,https://cdn.shopify.com/s/files/1/0805/4777/4752/files/DER001237_Y1.jpg?v=1760012292,https://cdn.shopify.com/s/files/1/0805/4777/4752/files/DER001237_Y2.jpg?v=1760013073,DER001237_Y1.jpg
Multi-Cluster Diamond Stud Earrings,14 KT / Yellow Gold,14K,2.46,0.84,48480.0,50632483471648,https://cdn.shopify.com/s/files/1/0805/4777/4752/files/DER001237_Y1.jpg?v=1760012292,https://cdn.shopify.com/s/files/1/0805/4777/4752/files/DER001237_Y2.jpg?v=1760013073,DER001237_Y1.jpg
Multi-Cluster Diamond Stud Earrings,18 KT / Yellow Gold,18K,2.952,0.84,61106.0,50632483569952,https://cdn.shopify.com/s/files/1/0805/4777/4752/files/DER001237_Y1.jpg?v=1760012292,https://cdn.shopify.com/s/files/1/0805/4777/4752/files/DER001237_Y2.jpg?v=1760013073,DER001237_Y1.jpg
Starlight Lace Diamond Earrings,9 KT / Yellow Gold,9K,2.625,0.712,38950.0,50730023092512,https://cdn.shopify.com/s/files/1/0805/4777/4752/files/DER000731_Y1.jpg?v=1750222877,https://cdn.shopify.com/s/files/1/0805/4777/4752/files/DER000731_Y2.jpg?v=1750222877,DER000731_Y1.jpg
Starlight Lace Diamond Earrings,14 KT / Yellow Gold,14K,2.975,0.712,51124.0,49509069324576,https://cdn.shopify.com/s/files/1/0805/4777/4752/files/DER000731_Y1.jpg?v=1750222877,https://cdn.shopify.com/s/files/1/0805/4777/4752/files/DER000731_Y2.jpg?v=1750222877,DER000731_Y1.jpg
Starlight Lace Diamond Earrings,18 KT / Yellow Gold,18K,3.5,0.712,65542.0,49848414830880,https://cdn.shopify.com/s/files/1/0805/4777/4752/files/DER000731_Y1.jpg?v=1750222877,https://cdn.shopify.com/s/files/1/0805/4777/4752/files/DER000731_Y2.jpg?v=1750222877,DER000731_Y1.jpg
Diamond Whispers Earrings,9 KT / Yellow Gold,9K,2.4,0.78,39054.0,50730023190816,https://cdn.shopify.com/s/files/1/0805/4777/4752/files/DER000718_Y1.jpg?v=1750222879,https://cdn.shopify.com/s/files/1/0805/4777/4752/files/DER000718_Y2.jpg?v=1750222879,DER000718_Y1.jpg
Diamond Whispers Earrings,14 KT / Yellow Gold,14K,2.72,0.78,50184.0,49509069291808,https://cdn.shopify.com/s/files/1/0805/4777/4752/files/DER000718_Y1.jpg?v=1750222879,https://cdn.shopify.com/s/files/1/0805/4777/4752/files/DER000718_Y2.jpg?v=1750222879,DER000718_Y1.jpg
Diamond Whispers Earrings,18 KT / Yellow Gold,18K,3.2,0.78,63366.0,49846487187744,https://cdn.shopify.com/s/files/1/0805/4777/4752/files/DER000718_Y1.jpg?v=1750222879,https://cdn.shopify.com/s/files/1/0805/4777/4752/files/DER000718_Y2.jpg?v=1750222879,DER000718_Y1.jpg
Sparkling Lily Diamond Stud Earrings,9 KT / Yellow Gold,9K,1.3875,1.07,39093.0,50728239104288,https://cdn.shopify.com/s/files/1/0805/4777/4752/files/DER001245_Y1.jpg?v=1760012315,https://cdn.shopify.com/s/files/1/0805/4777/4752/files/DER001245_Y2.jpg?v=1767695112,DER001245_Y1.jpg
Sparkling Lily Diamond Stud Earrings,14 KT / Yellow Gold,14K,1.5725,1.07,45527.0,50632476655904,https://cdn.shopify.com/s/files/1/0805/4777/4752/files/DER001245_Y1.jpg?v=1760012315,https://cdn.shopify.com/s/files/1/0805/4777/4752/files/DER001245_Y2.jpg?v=1767695112,DER001245_Y1.jpg
Sparkling Lily Diamond Stud Earrings,18 KT / Yellow Gold,18K,1.85,1.07,53148.0,50632476754208,https://cdn.shopify.com/s/files/1/0805/4777/4752/files/DER001245_Y1.jpg?v=1760012315,https://cdn.shopify.com/s/files/1/0805/4777/4752/files/DER001245_Y2.jpg?v=1767695112,DER001245_Y1.jpg
Virtuoso Diamond Earrings,9 KT / Yellow Gold,9K,2.025,0.7,39404.0,50730628579616,https://cdn.shopify.com/s/files/1/0805/4777/4752/files/WER000048_Y1.jpg?v=1752132294,https://cdn.shopify.com/s/files/1/0805/4777/4752/files/WER000048_Y2.jpg?v=1752132404,WER000048_Y1.jpg
Virtuoso Diamond Earrings,14 KT / Yellow Gold,14K,2.295,0.7,48795.0,47558905102624,https://cdn.shopify.com/s/files/1/0805/4777/4752/files/WER000048_Y1.jpg?v=1752132294,https://cdn.shopify.com/s/files/1/0805/4777/4752/files/WER000048_Y2.jpg?v=1752132404,WER000048_Y1.jpg
Virtuoso Diamond Earrings,18 KT / Yellow Gold,18K,2.7,0.7,59918.0,49848420008224,https://cdn.shopify.com/s/files/1/0805/4777/4752/files/WER000048_Y1.jpg?v=1752132294,https://cdn.shopify.com/s/files/1/0805/4777/4752/files/WER000048_Y2.jpg?v=1752132404,WER000048_Y1.jpg
Glow in Wheels Diamond Earrings,9 KT / Rose Gold,9K,2.5875,0.765,40079.0,50728391115040,https://cdn.shopify.com/s/files/1/0805/4777/4752/files/RK-RBT-44_R1.jpg?v=1751372934,https://cdn.shopify.com/s/files/1/0805/4777/4752/files/RK-RBT-44_R2.jpg?v=1763635096,RK-RBT-44_R1.jpg
Glow in Wheels Diamond Earrings,14 KT / Rose Gold,14K,2.9325,0.765,52079.0,49907331006752,https://cdn.shopify.com/s/files/1/0805/4777/4752/files/RK-RBT-44_R1.jpg?v=1751372934,https://cdn.shopify.com/s/files/1/0805/4777/4752/files/RK-RBT-44_R2.jpg?v=1763635096,RK-RBT-44_R1.jpg
Glow in Wheels Diamond Earrings,18 KT / Rose Gold,18K,3.45,0.765,66291.0,49907331105056,https://cdn.shopify.com/s/files/1/0805/4777/4752/files/RK-RBT-44_R1.jpg?v=1751372934,https://cdn.shopify.com/s/files/1/0805/4777/4752/files/RK-RBT-44_R2.jpg?v=1763635096,RK-RBT-44_R1.jpg
Baugette Trickle Diamond Stud Earrings,9 KT / White Gold,9K,2.325,0.84,40084.0,50728228585760,https://cdn.shopify.com/s/files/1/0805/4777/4752/files/DER001233_W1.jpg?v=1767696196,https://cdn.shopify.com/s/files/1/0805/4777/4752/files/DER001233_Y1.jpg?v=1760012289,DER001233_W1.jpg
Baugette Trickle Diamond Stud Earrings,14 KT / White Gold,14K,2.635,0.84,50866.0,50632486420768,https://cdn.shopify.com/s/files/1/0805/4777/4752/files/DER001233_W1.jpg?v=1767696196,https://cdn.shopify.com/s/files/1/0805/4777/4752/files/DER001233_Y1.jpg?v=1760012289,DER001233_W1.jpg
Baugette Trickle Diamond Stud Earrings,18 KT / White Gold,18K,3.1,0.84,63637.0,50632486519072,https://cdn.shopify.com/s/files/1/0805/4777/4752/files/DER001233_W1.jpg?v=1767696196,https://cdn.shopify.com/s/files/1/0805/4777/4752/files/DER001233_Y1.jpg?v=1760012289,DER001233_W1.jpg
Diamond Dewdrop Earrings,9 KT / Yellow Gold,9K,2.1,0.91,40241.0,50730020864288,https://cdn.shopify.com/s/files/1/0805/4777/4752/files/DER000709_Y1.jpg?v=1750222843,https://cdn.shopify.com/s/files/1/0805/4777/4752/files/DER000709_Y2.jpg?v=1750222843,DER000709_Y1.jpg
Diamond Dewdrop Earrings,14 KT / Yellow Gold,14K,2.38,0.91,49980.0,49509072142624,https://cdn.shopify.com/s/files/1/0805/4777/4752/files/DER000709_Y1.jpg?v=1750222843,https://cdn.shopify.com/s/files/1/0805/4777/4752/files/DER000709_Y2.jpg?v=1750222843,DER000709_Y1.jpg
Diamond Dewdrop Earrings,18 KT / Yellow Gold,18K,2.8,0.91,61514.0,49846369485088,https://cdn.shopify.com/s/files/1/0805/4777/4752/files/DER000709_Y1.jpg?v=1750222843,https://cdn.shopify.com/s/files/1/0805/4777/4752/files/DER000709_Y2.jpg?v=1750222843,DER000709_Y1.jpg
Tiara Dots Diamond Stud Earrings,9 KT / Rose Gold,9K,0.78,1.0,40564.0,51063836377376,https://cdn.shopify.com/s/files/1/0805/4777/4752/files/KI-ER00003-053_R1.jpg?v=1766575519,https://cdn.shopify.com/s/files/1/0805/4777/4752/files/KI-ER00003-053_R2.jpg?v=1766575519,KI-ER00003-053_R1.jpg
Tiara Dots Diamond Stud Earrings,14 KT / Rose Gold,14K,0.884,1.0,44181.0,51063836475680,https://cdn.shopify.com/s/files/1/0805/4777/4752/files/KI-ER00003-053_R1.jpg?v=1766575519,https://cdn.shopify.com/s/files/1/0805/4777/4752/files/KI-ER00003-053_R2.jpg?v=1766575519,KI-ER00003-053_R1.jpg
Tiara Dots Diamond Stud Earrings,18 KT / Rose Gold,18K,1.04,1.0,48466.0,51063836573984,https://cdn.shopify.com/s/files/1/0805/4777/4752/files/KI-ER00003-053_R1.jpg?v=1766575519,https://cdn.shopify.com/s/files/1/0805/4777/4752/files/KI-ER00003-053_R2.jpg?v=1766575519,KI-ER00003-053_R1.jpg
Eterna Eclat Diamond Earrings,9 KT / Yellow Gold,9K,2.643,0.6,40673.0,50730620715296,https://cdn.shopify.com/s/files/1/0805/4777/4752/files/DER000207_Y1.jpg?v=1751977553,https://cdn.shopify.com/s/files/1/0805/4777/4752/files/DER000207_Y2.jpg?v=1751977848,DER000207_Y1.jpg
Eterna Eclat Diamond Earrings,14 KT / Yellow Gold,14K,2.9954,0.6,52929.0,47558928498976,https://cdn.shopify.com/s/files/1/0805/4777/4752/files/DER000207_Y1.jpg?v=1751977553,https://cdn.shopify.com/s/files/1/0805/4777/4752/files/DER000207_Y2.jpg?v=1751977848,DER000207_Y1.jpg
Eterna Eclat Diamond Earrings,18 KT / Yellow Gold,18K,3.52,0.6,67398.0,49846569632032,https://cdn.shopify.com/s/files/1/0805/4777/4752/files/DER000207_Y1.jpg?v=1751977553,https://cdn.shopify.com/s/files/1/0805/4777/4752/files/DER000207_Y2.jpg?v=1751977848,DER000207_Y1.jpg
90 Cents Bezel Orb Solitaire Diamond Men's Ear Stud,9 KT / Yellow Gold,9K,0.825,0.9,40838.0,51003217969440,https://cdn.shopify.com/s/files/1/0805/4777/4752/files/KI-ERG00007_Y1.jpg?v=1764770852,https://cdn.shopify.com/s/files/1/0805/4777/4752/files/Modelphotoin1080x1080-02_7785c6c9-3a57-4721-9693-5cfac6c03656.jpg?v=1764825409,KI-ERG00007_Y1.jpg
90 Cents Bezel Orb Solitaire Diamond Men's Ear Stud,14 KT / Yellow Gold,14K,0.935,0.9,44664.0,51003218067744,https://cdn.shopify.com/s/files/1/0805/4777/4752/files/KI-ERG00007_Y1.jpg?v=1764770852,https://cdn.shopify.com/s/files/1/0805/4777/4752/files/Modelphotoin1080x1080-02_7785c6c9-3a57-4721-9693-5cfac6c03656.jpg?v=1764825409,KI-ERG00007_Y1.jpg
90 Cents Bezel Orb Solitaire Diamond Men's Ear Stud,18 KT / Yellow Gold,18K,1.1,0.9,49195.0,51003218166048,https://cdn.shopify.com/s/files/1/0805/4777/4752/files/KI-ERG00007_Y1.jpg?v=1764770852,https://cdn.shopify.com/s/files/1/0805/4777/4752/files/Modelphotoin1080x1080-02_7785c6c9-3a57-4721-9693-5cfac6c03656.jpg?v=1764825409,KI-ERG00007_Y1.jpg
Leaf Vine Diamond Stud Earrings,9 KT / Rose Gold,9K,2.6775,0.77,40897.0,50728290517280,https://cdn.shopify.com/s/files/1/0805/4777/4752/files/DER001131_R1.jpg?v=1754287125,https://cdn.shopify.com/s/files/1/0805/4777/4752/files/DER001131_R2.jpg?v=1767694538,DER001131_R1.jpg
Leaf Vine Diamond Stud Earrings,14 KT / Rose Gold,14K,3.0345,0.77,53314.0,50523573911840,https://cdn.shopify.com/s/files/1/0805/4777/4752/files/DER001131_R1.jpg?v=1754287125,https://cdn.shopify.com/s/files/1/0805/4777/4752/files/DER001131_R2.jpg?v=1767694538,DER001131_R1.jpg
Leaf Vine Diamond Stud Earrings,18 KT / Rose Gold,18K,3.57,0.77,68020.0,50523574010144,https://cdn.shopify.com/s/files/1/0805/4777/4752/files/DER001131_R1.jpg?v=1754287125,https://cdn.shopify.com/s/files/1/0805/4777/4752/files/DER001131_R2.jpg?v=1767694538,DER001131_R1.jpg
Twist of Luxe Diamond Stud Earrings,9 KT / Yellow Gold,9K,2.025,0.96,41005.0,50728234582304,https://cdn.shopify.com/s/files/1/0805/4777/4752/files/DER001243_Y1.jpg?v=1760012304,https://cdn.shopify.com/s/files/1/0805/4777/4752/files/DER001243_Y2.jpg?v=1767695096,DER001243_Y1.jpg
Twist of Luxe Diamond Stud Earrings,14 KT / Yellow Gold,14K,2.295,0.96,50396.0,50632485077280,https://cdn.shopify.com/s/files/1/0805/4777/4752/files/DER001243_Y1.jpg?v=1760012304,https://cdn.shopify.com/s/files/1/0805/4777/4752/files/DER001243_Y2.jpg?v=1767695096,DER001243_Y1.jpg
Twist of Luxe Diamond Stud Earrings,18 KT / Yellow Gold,18K,2.7,0.96,61518.0,50632485175584,https://cdn.shopify.com/s/files/1/0805/4777/4752/files/DER001243_Y1.jpg?v=1760012304,https://cdn.shopify.com/s/files/1/0805/4777/4752/files/DER001243_Y2.jpg?v=1767695096,DER001243_Y1.jpg
Glow Dance Diamond Stud Earrings,9 KT / Rose Gold,9K,3.375,0.582,41184.0,50728271577376,https://cdn.shopify.com/s/files/1/0805/4777/4752/files/DER001144_R1.jpg?v=1754288218,https://cdn.shopify.com/s/files/1/0805/4777/4752/files/DER001144_R2.jpg?v=1763634019,DER001144_R1.jpg
Glow Dance Diamond Stud Earrings,14 KT / Rose Gold,14K,3.825,0.582,56836.0,50523581743392,https://cdn.shopify.com/s/files/1/0805/4777/4752/files/DER001144_R1.jpg?v=1754288218,https://cdn.shopify.com/s/files/1/0805/4777/4752/files/DER001144_R2.jpg?v=1763634019,DER001144_R1.jpg
Glow Dance Diamond Stud Earrings,18 KT / Rose Gold,18K,4.5,0.582,75373.0,50523581841696,https://cdn.shopify.com/s/files/1/0805/4777/4752/files/DER001144_R1.jpg?v=1754288218,https://cdn.shopify.com/s/files/1/0805/4777/4752/files/DER001144_R2.jpg?v=1763634019,DER001144_R1.jpg
Gala Starburst Diamond Earrings,9 KT / Yellow Gold,9K,3.42,0.573,41286.0,50728242151712,https://cdn.shopify.com/s/files/1/0805/4777/4752/files/NJ-CNT0253_Y1.jpg?v=1756105177,https://cdn.shopify.com/s/files/1/0805/4777/4752/files/NJ-CNT0253_Y2.jpg?v=1767696627,NJ-CNT0253_Y1.jpg
Gala Starburst Diamond Earrings,14 KT / Yellow Gold,14K,3.876,0.573,57146.0,50617330467104,https://cdn.shopify.com/s/files/1/0805/4777/4752/files/NJ-CNT0253_Y1.jpg?v=1756105177,https://cdn.shopify.com/s/files/1/0805/4777/4752/files/NJ-CNT0253_Y2.jpg?v=1767696627,NJ-CNT0253_Y1.jpg
Gala Starburst Diamond Earrings,18 KT / Yellow Gold,18K,4.56,0.573,75931.0,50617330565408,https://cdn.shopify.com/s/files/1/0805/4777/4752/files/NJ-CNT0253_Y1.jpg?v=1756105177,https://cdn.shopify.com/s/files/1/0805/4777/4752/files/NJ-CNT0253_Y2.jpg?v=1767696627,NJ-CNT0253_Y1.jpg
BoldLink Diamond Bali Earrings,9 KT / Yellow Gold,9K,3.099,0.666,41327.0,51063842013472,https://cdn.shopify.com/s/files/1/0805/4777/4752/files/KI-ER00097_Y1.jpg?v=1766488578,https://cdn.shopify.com/s/files/1/0805/4777/4752/files/KI-ER00097_Y2.jpg?v=1766488736,KI-ER00097_Y1.jpg
BoldLink Diamond Bali Earrings,14 KT / Yellow Gold,14K,3.5122,0.666,55698.0,51063842111776,https://cdn.shopify.com/s/files/1/0805/4777/4752/files/KI-ER00097_Y1.jpg?v=1766488578,https://cdn.shopify.com/s/files/1/0805/4777/4752/files/KI-ER00097_Y2.jpg?v=1766488736,KI-ER00097_Y1.jpg
BoldLink Diamond Bali Earrings,18 KT / Yellow Gold,18K,4.13,0.666,72696.0,51063842210080,https://cdn.shopify.com/s/files/1/0805/4777/4752/files/KI-ER00097_Y1.jpg?v=1766488578,https://cdn.shopify.com/s/files/1/0805/4777/4752/files/KI-ER00097_Y2.jpg?v=1766488736,KI-ER00097_Y1.jpg
Gleam Block Diamond Stud Earrings,9 KT / Rose Gold,9K,2.3625,0.878,41383.0,50728297791776,https://cdn.shopify.com/s/files/1/0805/4777/4752/files/DER001125_R1.jpg?v=1754286889,https://cdn.shopify.com/s/files/1/0805/4777/4752/files/DER001125_R2.jpg?v=1754286889,DER001125_R1.jpg
Gleam Block Diamond Stud Earrings,14 KT / Rose Gold,14K,2.6775,0.878,52339.0,50523563229472,https://cdn.shopify.com/s/files/1/0805/4777/4752/files/DER001125_R1.jpg?v=1754286889,https://cdn.shopify.com/s/files/1/0805/4777/4752/files/DER001125_R2.jpg?v=1754286889,DER001125_R1.jpg
Gleam Block Diamond Stud Earrings,18 KT / Rose Gold,18K,3.15,0.878,65315.0,50523563327776,https://cdn.shopify.com/s/files/1/0805/4777/4752/files/DER001125_R1.jpg?v=1754286889,https://cdn.shopify.com/s/files/1/0805/4777/4752/files/DER001125_R2.jpg?v=1754286889,DER001125_R1.jpg
Golden Spark Diamond Earrings,9 KT / Rose Gold,9K,2.8125,0.86,41561.0,50730044260640,https://cdn.shopify.com/s/files/1/0805/4777/4752/files/DER000564_R1.jpg?v=1750222997,https://cdn.shopify.com/s/files/1/0805/4777/4752/files/DER000564_R2.jpg?v=1750222998,DER000564_R1.jpg
Golden Spark Diamond Earrings,14 KT / Rose Gold,14K,3.1875,0.86,54604.0,49509060772128,https://cdn.shopify.com/s/files/1/0805/4777/4752/files/DER000564_R1.jpg?v=1750222997,https://cdn.shopify.com/s/files/1/0805/4777/4752/files/DER000564_R2.jpg?v=1750222998,DER000564_R1.jpg
Golden Spark Diamond Earrings,18 KT / Rose Gold,18K,3.75,0.86,70052.0,49848145445152,https://cdn.shopify.com/s/files/1/0805/4777/4752/files/DER000564_R1.jpg?v=1750222997,https://cdn.shopify.com/s/files/1/0805/4777/4752/files/DER000564_R2.jpg?v=1750222998,DER000564_R1.jpg
Diamond Starfire Earrings,9 KT / Yellow Gold,9K,3.525,0.556,41631.0,50730045210912,https://cdn.shopify.com/s/files/1/0805/4777/4752/files/DER000750_Y1.jpg?v=1750223008,https://cdn.shopify.com/s/files/1/0805/4777/4752/files/DER000750_Y2.jpg?v=1767693558,DER000750_Y1.jpg
Diamond Starfire Earrings,14 KT / Yellow Gold,14K,3.995,0.556,57978.0,49509059658016,https://cdn.shopify.com/s/files/1/0805/4777/4752/files/DER000750_Y1.jpg?v=1750223008,https://cdn.shopify.com/s/files/1/0805/4777/4752/files/DER000750_Y2.jpg?v=1767693558,DER000750_Y1.jpg
Diamond Starfire Earrings,18 KT / Yellow Gold,18K,4.7,0.556,77339.0,49846444523808,https://cdn.shopify.com/s/files/1/0805/4777/4752/files/DER000750_Y1.jpg?v=1750223008,https://cdn.shopify.com/s/files/1/0805/4777/4752/files/DER000750_Y2.jpg?v=1767693558,DER000750_Y1.jpg
Summer Splurge Diamond Earrings,9 KT / Rose Gold,9K,2.625,0.76,41637.0,50728363557152,https://cdn.shopify.com/s/files/1/0805/4777/4752/files/SER001151_R1.jpg?v=1751971106,https://cdn.shopify.com/s/files/1/0805/4777/4752/files/SER001151_R2.jpg?v=1763635139,SER001151_R1.jpg
Summer Splurge Diamond Earrings,14 KT / Rose Gold,14K,2.975,0.76,53810.0,50136785060128,https://cdn.shopify.com/s/files/1/0805/4777/4752/files/SER001151_R1.jpg?v=1751971106,https://cdn.shopify.com/s/files/1/0805/4777/4752/files/SER001151_R2.jpg?v=1763635139,SER001151_R1.jpg
Summer Splurge Diamond Earrings,18 KT / Rose Gold,18K,3.5,0.76,68228.0,50136785158432,https://cdn.shopify.com/s/files/1/0805/4777/4752/files/SER001151_R1.jpg?v=1751971106,https://cdn.shopify.com/s/files/1/0805/4777/4752/files/SER001151_R2.jpg?v=1763635139,SER001151_R1.jpg
Butterfly Shine Diamond Drop Earrings,9 KT / Rose Gold,9K,2.262,0.92,41740.0,50728295170336,https://cdn.shopify.com/s/files/1/0805/4777/4752/files/DER001145_R1.jpg?v=1754289114,https://cdn.shopify.com/s/files/1/0805/4777/4752/files/DER001145_R2.jpg?v=1763634026,DER001145_R1.jpg
Butterfly Shine Diamond Drop Earrings,14 KT / Rose Gold,14K,2.5636,0.92,52229.0,50523564736800,https://cdn.shopify.com/s/files/1/0805/4777/4752/files/DER001145_R1.jpg?v=1754289114,https://cdn.shopify.com/s/files/1/0805/4777/4752/files/DER001145_R2.jpg?v=1763634026,DER001145_R1.jpg
Butterfly Shine Diamond Drop Earrings,18 KT / Rose Gold,18K,3.02,0.92,64702.0,50523564835104,https://cdn.shopify.com/s/files/1/0805/4777/4752/files/DER001145_R1.jpg?v=1754289114,https://cdn.shopify.com/s/files/1/0805/4777/4752/files/DER001145_R2.jpg?v=1763634026,DER001145_R1.jpg
Trinity Fusion Diamond Stud Earrings,9 KT / Yellow Gold,9K,2.1,0.79,41766.0,50728232124704,https://cdn.shopify.com/s/files/1/0805/4777/4752/files/DER001223_Y1.jpg?v=1756378255,https://cdn.shopify.com/s/files/1/0805/4777/4752/files/DER001223_Y2.jpg?v=1767694928,DER001223_Y1.jpg
Trinity Fusion Diamond Stud Earrings,14 KT / Yellow Gold,14K,2.38,0.79,51504.0,50632485667104,https://cdn.shopify.com/s/files/1/0805/4777/4752/files/DER001223_Y1.jpg?v=1756378255,https://cdn.shopify.com/s/files/1/0805/4777/4752/files/DER001223_Y2.jpg?v=1767694928,DER001223_Y1.jpg
Trinity Fusion Diamond Stud Earrings,18 KT / Yellow Gold,18K,2.8,0.79,63039.0,50632485765408,https://cdn.shopify.com/s/files/1/0805/4777/4752/files/DER001223_Y1.jpg?v=1756378255,https://cdn.shopify.com/s/files/1/0805/4777/4752/files/DER001223_Y2.jpg?v=1767694928,DER001223_Y1.jpg
Brilliant Bevels Diamond Stud Earrings,9 KT / Yellow Gold,9K,3.525,0.565,41871.0,50728226947360,https://cdn.shopify.com/s/files/1/0805/4777/4752/files/DER000353_Y1.jpg?v=1758087277,https://cdn.shopify.com/s/files/1/0805/4777/4752/files/DER000353_Y2.jpg?v=1767691685,DER000353_Y1.jpg
Brilliant Bevels Diamond Stud Earrings,14 KT / Yellow Gold,14K,3.995,0.565,58218.0,50695462027552,https://cdn.shopify.com/s/files/1/0805/4777/4752/files/DER000353_Y1.jpg?v=1758087277,https://cdn.shopify.com/s/files/1/0805/4777/4752/files/DER000353_Y2.jpg?v=1767691685,DER000353_Y1.jpg
Brilliant Bevels Diamond Stud Earrings,18 KT / Yellow Gold,18K,4.7,0.565,77579.0,50695462125856,https://cdn.shopify.com/s/files/1/0805/4777/4752/files/DER000353_Y1.jpg?v=1758087277,https://cdn.shopify.com/s/files/1/0805/4777/4752/files/DER000353_Y2.jpg?v=1767691685,DER000353_Y1.jpg
Twilight Saga Diamond Earrings,9 KT / Yellow Gold,9K,2.925,0.741,42005.0,50730621894944,https://cdn.shopify.com/s/files/1/0805/4777/4752/files/SER000101_Y1.jpg?v=1752219502,https://cdn.shopify.com/s/files/1/0805/4777/4752/files/SER000101_Y2.jpg?v=1752219579,SER000101_Y1.jpg
Twilight Saga Diamond Earrings,14 KT / Yellow Gold,14K,3.315,0.741,55569.0,47558927155488,https://cdn.shopify.com/s/files/1/0805/4777/4752/files/SER000101_Y1.jpg?v=1752219502,https://cdn.shopify.com/s/files/1/0805/4777/4752/files/SER000101_Y2.jpg?v=1752219579,SER000101_Y1.jpg
Twilight Saga Diamond Earrings,18 KT / Yellow Gold,18K,3.9,0.741,71635.0,49848418107680,https://cdn.shopify.com/s/files/1/0805/4777/4752/files/SER000101_Y1.jpg?v=1752219502,https://cdn.shopify.com/s/files/1/0805/4777/4752/files/SER000101_Y2.jpg?v=1752219579,SER000101_Y1.jpg
Twilight Halo Diamond Earrings,9 KT / Yellow Gold,9K,3.0,0.728,42228.0,50730033119520,https://cdn.shopify.com/s/files/1/0805/4777/4752/files/DER000706_Y1.jpg?v=1750222914,https://cdn.shopify.com/s/files/1/0805/4777/4752/files/DER000706_Y2.jpg?v=1750222914,DER000706_Y1.jpg
Twilight Halo Diamond Earrings,14 KT / Yellow Gold,14K,3.4,0.728,56140.0,49509066801440,https://cdn.shopify.com/s/files/1/0805/4777/4752/files/DER000706_Y1.jpg?v=1750222914,https://cdn.shopify.com/s/files/1/0805/4777/4752/files/DER000706_Y2.jpg?v=1750222914,DER000706_Y1.jpg
Twilight Halo Diamond Earrings,18 KT / Yellow Gold,18K,4.0,0.728,72618.0,49848417714464,https://cdn.shopify.com/s/files/1/0805/4777/4752/files/DER000706_Y1.jpg?v=1750222914,https://cdn.shopify.com/s/files/1/0805/4777/4752/files/DER000706_Y2.jpg?v=1750222914,DER000706_Y1.jpg
Northern Stars Diamond Stud Earrings,9 KT / Yellow Gold,9K,2.8425,0.777,42338.0,50728288518432,https://cdn.shopify.com/s/files/1/0805/4777/4752/files/DER001092_Y1.jpg?v=1754118912,https://cdn.shopify.com/s/files/1/0805/4777/4752/files/DER001092_Y2.jpg?v=1767694065,DER001092_Y1.jpg
Northern Stars Diamond Stud Earrings,14 KT / Yellow Gold,14K,3.2215,0.777,55520.0,50523576008992,https://cdn.shopify.com/s/files/1/0805/4777/4752/files/DER001092_Y1.jpg?v=1754118912,https://cdn.shopify.com/s/files/1/0805/4777/4752/files/DER001092_Y2.jpg?v=1767694065,DER001092_Y1.jpg
Northern Stars Diamond Stud Earrings,18 KT / Yellow Gold,18K,3.79,0.777,71133.0,50523576107296,https://cdn.shopify.com/s/files/1/0805/4777/4752/files/DER001092_Y1.jpg?v=1754118912,https://cdn.shopify.com/s/files/1/0805/4777/4752/files/DER001092_Y2.jpg?v=1767694065,DER001092_Y1.jpg
Mini Memento Diamond Stud Earrings,9 KT / Yellow Gold,9K,2.9775,0.74,42377.0,50728272953632,https://cdn.shopify.com/s/files/1/0805/4777/4752/files/DER001106_Y1.jpg?v=1754118957,https://cdn.shopify.com/s/files/1/0805/4777/4752/files/DER001106_Y2.jpg?v=1767694088,DER001106_Y1.jpg
Mini Memento Diamond Stud Earrings,14 KT / Yellow Gold,14K,3.3745,0.74,56185.0,50523578827040,https://cdn.shopify.com/s/files/1/0805/4777/4752/files/DER001106_Y1.jpg?v=1754118957,https://cdn.shopify.com/s/files/1/0805/4777/4752/files/DER001106_Y2.jpg?v=1767694088,DER001106_Y1.jpg
Mini Memento Diamond Stud Earrings,18 KT / Yellow Gold,18K,3.97,0.74,72539.0,50523578925344,https://cdn.shopify.com/s/files/1/0805/4777/4752/files/DER001106_Y1.jpg?v=1754118957,https://cdn.shopify.com/s/files/1/0805/4777/4752/files/DER001106_Y2.jpg?v=1767694088,DER001106_Y1.jpg
Floral Orbit Diamond Earrings,9 KT / Yellow Gold,9K,3.0525,0.72,42414.0,50728242315552,https://cdn.shopify.com/s/files/1/0805/4777/4752/files/NJ-CNT0164_Y1.jpg?v=1756124099,https://cdn.shopify.com/s/files/1/0805/4777/4752/files/NJ-CNT0164_Y2.jpg?v=1767696599,NJ-CNT0164_Y1.jpg
Floral Orbit Diamond Earrings,14 KT / Yellow Gold,14K,3.4595,0.72,56570.0,50617330204960,https://cdn.shopify.com/s/files/1/0805/4777/4752/files/NJ-CNT0164_Y1.jpg?v=1756124099,https://cdn.shopify.com/s/files/1/0805/4777/4752/files/NJ-CNT0164_Y2.jpg?v=1767696599,NJ-CNT0164_Y1.jpg
Floral Orbit Diamond Earrings,18 KT / Yellow Gold,18K,4.07,0.72,73336.0,50617330303264,https://cdn.shopify.com/s/files/1/0805/4777/4752/files/NJ-CNT0164_Y1.jpg?v=1756124099,https://cdn.shopify.com/s/files/1/0805/4777/4752/files/NJ-CNT0164_Y2.jpg?v=1767696599,NJ-CNT0164_Y1.jpg
Swirled Blob Diamond Earrings,9 KT / Rose Gold,9K,3.15,0.632,42583.0,50728359526688,https://cdn.shopify.com/s/files/1/0805/4777/4752/files/SPER01102_R1.jpg?v=1751372726,https://cdn.shopify.com/s/files/1/0805/4777/4752/files/SPER01102_R2.jpg?v=1751372726,SPER01102_R1.jpg
Swirled Blob Diamond Earrings,14 KT / Rose Gold,14K,3.57,0.632,57191.0,50136881496352,https://cdn.shopify.com/s/files/1/0805/4777/4752/files/SPER01102_R1.jpg?v=1751372726,https://cdn.shopify.com/s/files/1/0805/4777/4752/files/SPER01102_R2.jpg?v=1751372726,SPER01102_R1.jpg
Swirled Blob Diamond Earrings,18 KT / Rose Gold,18K,4.2,0.632,74493.0,50136881594656,https://cdn.shopify.com/s/files/1/0805/4777/4752/files/SPER01102_R1.jpg?v=1751372726,https://cdn.shopify.com/s/files/1/0805/4777/4752/files/SPER01102_R2.jpg?v=1751372726,SPER01102_R1.jpg
Diamond Serenity Earrings,9 KT / Yellow Gold,9K,2.4375,0.902,42594.0,50730020143392,https://cdn.shopify.com/s/files/1/0805/4777/4752/files/DER000714_Y1.jpg?v=1750222836,https://cdn.shopify.com/s/files/1/0805/4777/4752/files/DER000714_Y2.jpg?v=1750222836,DER000714_Y1.jpg
Diamond Serenity Earrings,14 KT / Yellow Gold,14K,2.7625,0.902,53897.0,49509073158432,https://cdn.shopify.com/s/files/1/0805/4777/4752/files/DER000714_Y1.jpg?v=1750222836,https://cdn.shopify.com/s/files/1/0805/4777/4752/files/DER000714_Y2.jpg?v=1750222836,DER000714_Y1.jpg
Diamond Serenity Earrings,18 KT / Yellow Gold,18K,3.25,0.902,67286.0,49846443737376,https://cdn.shopify.com/s/files/1/0805/4777/4752/files/DER000714_Y1.jpg?v=1750222836,https://cdn.shopify.com/s/files/1/0805/4777/4752/files/DER000714_Y2.jpg?v=1750222836,DER000714_Y1.jpg
Arrow Edge Diamond Bali Earrings,9 KT / Rose Gold,9K,2.88375,0.776,42625.0,50760046543136,https://cdn.shopify.com/s/files/1/0805/4777/4752/files/DER000618_R1.jpg?v=1759493368,https://cdn.shopify.com/s/files/1/0805/4777/4752/files/DER000618_R2.jpg?v=1767695710,DER000618_R1.jpg
Arrow Edge Diamond Bali Earrings,14 KT / Rose Gold,14K,3.26825,0.776,55998.0,50759776010528,https://cdn.shopify.com/s/files/1/0805/4777/4752/files/DER000618_R1.jpg?v=1759493368,https://cdn.shopify.com/s/files/1/0805/4777/4752/files/DER000618_R2.jpg?v=1767695710,DER000618_R1.jpg
Arrow Edge Diamond Bali Earrings,18 KT / Rose Gold,18K,3.85,0.776,71898.0,50759776108832,https://cdn.shopify.com/s/files/1/0805/4777/4752/files/DER000618_R1.jpg?v=1759493368,https://cdn.shopify.com/s/files/1/0805/4777/4752/files/DER000618_R2.jpg?v=1767695710,DER000618_R1.jpg
Floral Love Diamond Stud Earrings,9 KT / Rose Gold,9K,2.175,0.98,42679.0,50728228716832,https://cdn.shopify.com/s/files/1/0805/4777/4752/files/DER001229_R1.jpg?v=1757054049,https://cdn.shopify.com/s/files/1/0805/4777/4752/files/DER001229_R2.jpg?v=1767696165,DER001229_R1.jpg
Floral Love Diamond Stud Earrings,14 KT / Rose Gold,14K,2.465,0.98,52765.0,50632486191392,https://cdn.shopify.com/s/files/1/0805/4777/4752/files/DER001229_R1.jpg?v=1757054049,https://cdn.shopify.com/s/files/1/0805/4777/4752/files/DER001229_R2.jpg?v=1767696165,DER001229_R1.jpg
Floral Love Diamond Stud Earrings,18 KT / Rose Gold,18K,2.9,0.98,64712.0,50632486289696,https://cdn.shopify.com/s/files/1/0805/4777/4752/files/DER001229_R1.jpg?v=1757054049,https://cdn.shopify.com/s/files/1/0805/4777/4752/files/DER001229_R2.jpg?v=1767696165,DER001229_R1.jpg
Prism Rolls Diamond Stud Earrings,9 KT / Rose Gold,9K,2.73,0.64,42706.0,50728288911648,https://cdn.shopify.com/s/files/1/0805/4777/4752/files/DER001109_R1.jpg?v=1754285796,https://cdn.shopify.com/s/files/1/0805/4777/4752/files/DER001109_R2.jpg?v=1767694205,DER001109_R1.jpg
Prism Rolls Diamond Stud Earrings,14 KT / Rose Gold,14K,3.094,0.64,55366.0,50523574567200,https://cdn.shopify.com/s/files/1/0805/4777/4752/files/DER001109_R1.jpg?v=1754285796,https://cdn.shopify.com/s/files/1/0805/4777/4752/files/DER001109_R2.jpg?v=1767694205,DER001109_R1.jpg
Prism Rolls Diamond Stud Earrings,18 KT / Rose Gold,18K,3.64,0.64,70361.0,50523574665504,https://cdn.shopify.com/s/files/1/0805/4777/4752/files/DER001109_R1.jpg?v=1754285796,https://cdn.shopify.com/s/files/1/0805/4777/4752/files/DER001109_R2.jpg?v=1767694205,DER001109_R1.jpg
Radiant Reverie Diamond Earrings,9 KT / Rose Gold,9K,1.35,0.99,42771.0,50728225112352,https://cdn.shopify.com/s/files/1/0805/4777/4752/files/SER000025_R1.jpg?v=1758098751,https://cdn.shopify.com/s/files/1/0805/4777/4752/files/SER000025_R2.jpg?v=1771239407,SER000025_R1.jpg
Radiant Reverie Diamond Earrings,14 KT / Rose Gold,14K,1.53,0.99,49032.0,50695472709920,https://cdn.shopify.com/s/files/1/0805/4777/4752/files/SER000025_R1.jpg?v=1758098751,https://cdn.shopify.com/s/files/1/0805/4777/4752/files/SER000025_R2.jpg?v=1771239407,SER000025_R1.jpg
Radiant Reverie Diamond Earrings,18 KT / Rose Gold,18K,1.8,0.99,56447.0,50695472808224,https://cdn.shopify.com/s/files/1/0805/4777/4752/files/SER000025_R1.jpg?v=1758098751,https://cdn.shopify.com/s/files/1/0805/4777/4752/files/SER000025_R2.jpg?v=1771239407,SER000025_R1.jpg
Bezel Set Solitaire Diamond Stud Earrings,9 KT / Yellow Gold,9K,1.12575,1.0,42857.0,51116289130784,https://cdn.shopify.com/s/files/1/0805/4777/4752/files/MJ-ER70805-3_Y1_c833272a-53fd-4db4-bb8c-9e1a4fa2d96f.jpg?v=1769666717,https://cdn.shopify.com/s/files/1/0805/4777/4752/files/MJ-ER70805-3_Y2_35c30466-666c-46a4-8aac-b7e34f223973.jpg?v=1769666746,MJ-ER70805-3_Y1_c833272a-53fd-4db4-bb8c-9e1a4fa2d96f.jpg
Bezel Set Solitaire Diamond Stud Earrings,14 KT / Yellow Gold,14K,1.27585,1.0,48078.0,51116289229088,https://cdn.shopify.com/s/files/1/0805/4777/4752/files/MJ-ER70805-3_Y1_c833272a-53fd-4db4-bb8c-9e1a4fa2d96f.jpg?v=1769666717,https://cdn.shopify.com/s/files/1/0805/4777/4752/files/MJ-ER70805-3_Y2_35c30466-666c-46a4-8aac-b7e34f223973.jpg?v=1769666746,MJ-ER70805-3_Y1_c833272a-53fd-4db4-bb8c-9e1a4fa2d96f.jpg
Bezel Set Solitaire Diamond Stud Earrings,18 KT / Yellow Gold,18K,1.5,1.0,54249.0,51116289327392,https://cdn.shopify.com/s/files/1/0805/4777/4752/files/MJ-ER70805-3_Y1_c833272a-53fd-4db4-bb8c-9e1a4fa2d96f.jpg?v=1769666717,https://cdn.shopify.com/s/files/1/0805/4777/4752/files/MJ-ER70805-3_Y2_35c30466-666c-46a4-8aac-b7e34f223973.jpg?v=1769666746,MJ-ER70805-3_Y1_c833272a-53fd-4db4-bb8c-9e1a4fa2d96f.jpg
Sleek Ridge Diamond Earrings,9 KT / White Gold,9K,3.75,0.564,43555.0,50728243364128,https://cdn.shopify.com/s/files/1/0805/4777/4752/files/NJ-CNT0244_W1.jpg?v=1756724633,https://cdn.shopify.com/s/files/1/0805/4777/4752/files/NJ-CNT0244_W2.jpg?v=1767696619,NJ-CNT0244_W1.jpg
Sleek Ridge Diamond Earrings,14 KT / White Gold,14K,4.25,0.564,60945.0,50617331155232,https://cdn.shopify.com/s/files/1/0805/4777/4752/files/NJ-CNT0244_W1.jpg?v=1756724633,https://cdn.shopify.com/s/files/1/0805/4777/4752/files/NJ-CNT0244_W2.jpg?v=1767696619,NJ-CNT0244_W1.jpg
Sleek Ridge Diamond Earrings,18 KT / White Gold,18K,5.0,0.564,81543.0,50617331253536,https://cdn.shopify.com/s/files/1/0805/4777/4752/files/NJ-CNT0244_W1.jpg?v=1756724633,https://cdn.shopify.com/s/files/1/0805/4777/4752/files/NJ-CNT0244_W2.jpg?v=1767696619,NJ-CNT0244_W1.jpg
Mini Sprig Diamond Stud Earrings,9 KT / Yellow Gold,9K,2.9625,0.802,43917.0,50728273248544,https://cdn.shopify.com/s/files/1/0805/4777/4752/files/DER001126_Y1.jpg?v=1754119022,https://cdn.shopify.com/s/files/1/0805/4777/4752/files/DER001126_Y2.jpg?v=1767695835,DER001126_Y1.jpg
Mini Sprig Diamond Stud Earrings,14 KT / Yellow Gold,14K,3.3575,0.802,57656.0,50523578171680,https://cdn.shopify.com/s/files/1/0805/4777/4752/files/DER001126_Y1.jpg?v=1754119022,https://cdn.shopify.com/s/files/1/0805/4777/4752/files/DER001126_Y2.jpg?v=1767695835,DER001126_Y1.jpg
Mini Sprig Diamond Stud Earrings,18 KT / Yellow Gold,18K,3.95,0.802,73927.0,50523578269984,https://cdn.shopify.com/s/files/1/0805/4777/4752/files/DER001126_Y1.jpg?v=1754119022,https://cdn.shopify.com/s/files/1/0805/4777/4752/files/DER001126_Y2.jpg?v=1767695835,DER001126_Y1.jpg
Eternal Glimmer Diamond Earrings,9 KT / Rose Gold,9K,2.775,0.69,44077.0,50730082173216,https://cdn.shopify.com/s/files/1/0805/4777/4752/files/DER000726_R1.jpg?v=1750223045,https://cdn.shopify.com/s/files/1/0805/4777/4752/files/DER000726_R2.jpg?v=1750223045,DER000726_R1.jpg
Eternal Glimmer Diamond Earrings,14 KT / Rose Gold,14K,3.145,0.69,56946.0,49509057233184,https://cdn.shopify.com/s/files/1/0805/4777/4752/files/DER000726_R1.jpg?v=1750223045,https://cdn.shopify.com/s/files/1/0805/4777/4752/files/DER000726_R2.jpg?v=1750223045,DER000726_R1.jpg
Eternal Glimmer Diamond Earrings,18 KT / Rose Gold,18K,3.7,0.69,72188.0,49846570647840,https://cdn.shopify.com/s/files/1/0805/4777/4752/files/DER000726_R1.jpg?v=1750223045,https://cdn.shopify.com/s/files/1/0805/4777/4752/files/DER000726_R2.jpg?v=1750223045,DER000726_R1.jpg
Velvet Aura Diamond Earrings,9 KT / Yellow Gold,9K,3.15,0.762,44276.0,50730088268064,https://cdn.shopify.com/s/files/1/0805/4777/4752/files/DER000568_Y1.jpg?v=1750223071,https://cdn.shopify.com/s/files/1/0805/4777/4752/files/DER000568_Y2.jpg?v=1750223071,DER000568_Y1.jpg
Velvet Aura Diamond Earrings,14 KT / Yellow Gold,14K,3.57,0.762,58883.0,49509054447904,https://cdn.shopify.com/s/files/1/0805/4777/4752/files/DER000568_Y1.jpg?v=1750223071,https://cdn.shopify.com/s/files/1/0805/4777/4752/files/DER000568_Y2.jpg?v=1750223071,DER000568_Y1.jpg
Velvet Aura Diamond Earrings,18 KT / Yellow Gold,18K,4.2,0.762,76185.0,49848419287328,https://cdn.shopify.com/s/files/1/0805/4777/4752/files/DER000568_Y1.jpg?v=1750223071,https://cdn.shopify.com/s/files/1/0805/4777/4752/files/DER000568_Y2.jpg?v=1750223071,DER000568_Y1.jpg
Lily Luminesce Diamond Drop Earrings,9 KT / Yellow Gold,9K,1.4625,1.244,44305.0,50728238154016,https://cdn.shopify.com/s/files/1/0805/4777/4752/files/DER001249_Y1.jpg?v=1760012333,https://cdn.shopify.com/s/files/1/0805/4777/4752/files/DER001249_Y2.jpg?v=1767696544,DER001249_Y1.jpg
Lily Luminesce Diamond Drop Earrings,14 KT / Yellow Gold,14K,1.6575,1.244,51087.0,50632477442336,https://cdn.shopify.com/s/files/1/0805/4777/4752/files/DER001249_Y1.jpg?v=1760012333,https://cdn.shopify.com/s/files/1/0805/4777/4752/files/DER001249_Y2.jpg?v=1767696544,DER001249_Y1.jpg
Lily Luminesce Diamond Drop Earrings,18 KT / Yellow Gold,18K,1.95,1.244,59120.0,50632477540640,https://cdn.shopify.com/s/files/1/0805/4777/4752/files/DER001249_Y1.jpg?v=1760012333,https://cdn.shopify.com/s/files/1/0805/4777/4752/files/DER001249_Y2.jpg?v=1767696544,DER001249_Y1.jpg
Sparkling Opal Diamond Earrings,9 KT / Yellow Gold,9K,2.925,0.828,44326.0,50730032890144,https://cdn.shopify.com/s/files/1/0805/4777/4752/files/DER000711_Y1.jpg?v=1750222912,https://cdn.shopify.com/s/files/1/0805/4777/4752/files/DER000711_Y2.jpg?v=1767693387,DER000711_Y1.jpg
Sparkling Opal Diamond Earrings,14 KT / Yellow Gold,14K,3.315,0.828,57890.0,49509066899744,https://cdn.shopify.com/s/files/1/0805/4777/4752/files/DER000711_Y1.jpg?v=1750222912,https://cdn.shopify.com/s/files/1/0805/4777/4752/files/DER000711_Y2.jpg?v=1767693387,DER000711_Y1.jpg
Sparkling Opal Diamond Earrings,18 KT / Yellow Gold,18K,3.9,0.828,73956.0,49848413913376,https://cdn.shopify.com/s/files/1/0805/4777/4752/files/DER000711_Y1.jpg?v=1750222912,https://cdn.shopify.com/s/files/1/0805/4777/4752/files/DER000711_Y2.jpg?v=1767693387,DER000711_Y1.jpg
Sapphire Dream Diamond Earrings,9 KT / Yellow Gold,9K,2.625,0.928,44713.0,50730036822304,https://cdn.shopify.com/s/files/1/0805/4777/4752/files/DER000723_Y1.jpg?v=1750222949,https://cdn.shopify.com/s/files/1/0805/4777/4752/files/DER000723_Y2.jpg?v=1750222950,DER000723_Y1.jpg
Sapphire Dream Diamond Earrings,14 KT / Yellow Gold,14K,2.975,0.928,56886.0,49509064343840,https://cdn.shopify.com/s/files/1/0805/4777/4752/files/DER000723_Y1.jpg?v=1750222949,https://cdn.shopify.com/s/files/1/0805/4777/4752/files/DER000723_Y2.jpg?v=1750222950,DER000723_Y1.jpg
Sapphire Dream Diamond Earrings,18 KT / Yellow Gold,18K,3.5,0.928,71304.0,49848405885216,https://cdn.shopify.com/s/files/1/0805/4777/4752/files/DER000723_Y1.jpg?v=1750222949,https://cdn.shopify.com/s/files/1/0805/4777/4752/files/DER000723_Y2.jpg?v=1750222950,DER000723_Y1.jpg
Opulent Overture Diamond Earrings,9 KT / Rose Gold,9K,1.4625,1.0,45418.0,50730629726496,https://cdn.shopify.com/s/files/1/0805/4777/4752/files/SER001012-00-0.50_R1.jpg?v=1752490128,https://cdn.shopify.com/s/files/1/0805/4777/4752/files/SER001012-00-0.50_R2.jpg?v=1771239471,SER001012-00-0.50_R1.jpg
Opulent Overture Diamond Earrings,14 KT / Rose Gold,14K,1.6575,1.0,52200.0,47558899040544,https://cdn.shopify.com/s/files/1/0805/4777/4752/files/SER001012-00-0.50_R1.jpg?v=1752490128,https://cdn.shopify.com/s/files/1/0805/4777/4752/files/SER001012-00-0.50_R2.jpg?v=1771239471,SER001012-00-0.50_R1.jpg
Opulent Overture Diamond Earrings,18 KT / Rose Gold,18K,1.95,1.0,60233.0,49848377868576,https://cdn.shopify.com/s/files/1/0805/4777/4752/files/SER001012-00-0.50_R1.jpg?v=1752490128,https://cdn.shopify.com/s/files/1/0805/4777/4752/files/SER001012-00-0.50_R2.jpg?v=1771239471,SER001012-00-0.50_R1.jpg
Celestial Drop Diamond Earrings,9 KT / Yellow Gold,9K,2.025,0.948,45563.0,50730035970336,https://cdn.shopify.com/s/files/1/0805/4777/4752/files/DER000727_Y1.jpg?v=1750222934,https://cdn.shopify.com/s/files/1/0805/4777/4752/files/DER000727_Y2.jpg?v=1750222934,DER000727_Y1.jpg
Celestial Drop Diamond Earrings,14 KT / Yellow Gold,14K,2.295,0.948,54954.0,49509065359648,https://cdn.shopify.com/s/files/1/0805/4777/4752/files/DER000727_Y1.jpg?v=1750222934,https://cdn.shopify.com/s/files/1/0805/4777/4752/files/DER000727_Y2.jpg?v=1750222934,DER000727_Y1.jpg
Celestial Drop Diamond Earrings,18 KT / Yellow Gold,18K,2.7,0.948,66076.0,49846227960096,https://cdn.shopify.com/s/files/1/0805/4777/4752/files/DER000727_Y1.jpg?v=1750222934,https://cdn.shopify.com/s/files/1/0805/4777/4752/files/DER000727_Y2.jpg?v=1750222934,DER000727_Y1.jpg
Blue Radiant Diamond Stud Earrings,9 KT / Yellow Gold,9K,3.276,0.788,45574.0,51157658140960,https://cdn.shopify.com/s/files/1/0805/4777/4752/files/DER001476_Y1.jpg?v=1771226984,https://cdn.shopify.com/s/files/1/0805/4777/4752/files/DER001476_Y2.jpg?v=1771227053,DER001476_Y1.jpg
Blue Radiant Diamond Stud Earrings,14 KT / Yellow Gold,14K,3.6,0.788,59700.0,51157658239264,https://cdn.shopify.com/s/files/1/0805/4777/4752/files/DER001476_Y1.jpg?v=1771226984,https://cdn.shopify.com/s/files/1/0805/4777/4752/files/DER001476_Y2.jpg?v=1771227053,DER001476_Y1.jpg
Blue Radiant Diamond Stud Earrings,18 KT / Yellow Gold,18K,4.32,0.788,78177.0,51157658337568,https://cdn.shopify.com/s/files/1/0805/4777/4752/files/DER001476_Y1.jpg?v=1771226984,https://cdn.shopify.com/s/files/1/0805/4777/4752/files/DER001476_Y2.jpg?v=1771227053,DER001476_Y1.jpg
Untied Knots Diamond Stud Earrings,9 KT / Yellow Gold,9K,2.8875,0.89,45695.0,50728288092448,https://cdn.shopify.com/s/files/1/0805/4777/4752/files/DER001103_Y1.jpg?v=1754118946,https://cdn.shopify.com/s/files/1/0805/4777/4752/files/DER001103_Y2.jpg?v=1763633559,DER001103_Y1.jpg
Untied Knots Diamond Stud Earrings,14 KT / Yellow Gold,14K,3.2725,0.89,59085.0,50523576828192,https://cdn.shopify.com/s/files/1/0805/4777/4752/files/DER001103_Y1.jpg?v=1754118946,https://cdn.shopify.com/s/files/1/0805/4777/4752/files/DER001103_Y2.jpg?v=1763633559,DER001103_Y1.jpg
Untied Knots Diamond Stud Earrings,18 KT / Yellow Gold,18K,3.85,0.89,74945.0,50523576926496,https://cdn.shopify.com/s/files/1/0805/4777/4752/files/DER001103_Y1.jpg?v=1754118946,https://cdn.shopify.com/s/files/1/0805/4777/4752/files/DER001103_Y2.jpg?v=1763633559,DER001103_Y1.jpg
Pure Radiance Diamond Earrings,9 KT / Rose Gold,9K,2.925,0.88,45713.0,50730020962592,https://cdn.shopify.com/s/files/1/0805/4777/4752/files/DER000715_R1.jpg?v=1750222844,https://cdn.shopify.com/s/files/1/0805/4777/4752/files/DER000715_R2.jpg?v=1767693494,DER000715_R1.jpg
Pure Radiance Diamond Earrings,14 KT / Rose Gold,14K,3.315,0.88,59277.0,49509071946016,https://cdn.shopify.com/s/files/1/0805/4777/4752/files/DER000715_R1.jpg?v=1750222844,https://cdn.shopify.com/s/files/1/0805/4777/4752/files/DER000715_R2.jpg?v=1767693494,DER000715_R1.jpg
Pure Radiance Diamond Earrings,18 KT / Rose Gold,18K,3.9,0.88,75343.0,49848380522784,https://cdn.shopify.com/s/files/1/0805/4777/4752/files/DER000715_R1.jpg?v=1750222844,https://cdn.shopify.com/s/files/1/0805/4777/4752/files/DER000715_R2.jpg?v=1767693494,DER000715_R1.jpg
Open Petal Frame Diamond Stud Earrings,9 KT / Rose Gold,9K,2.548,1.019,45872.0,51157654962464,https://cdn.shopify.com/s/files/1/0805/4777/4752/files/DER001481_R1_2269a327-c5ff-4a9e-8a7a-d3f87dfaaae1.jpg?v=1771396210,https://cdn.shopify.com/s/files/1/0805/4777/4752/files/DER001481_R2_dc3aaff7-8921-4785-840c-2671696dc64c.jpg?v=1771396210,DER001481_R1_2269a327-c5ff-4a9e-8a7a-d3f87dfaaae1.jpg
Open Petal Frame Diamond Stud Earrings,14 KT / Rose Gold,14K,2.8,1.019,56859.0,51157655060768,https://cdn.shopify.com/s/files/1/0805/4777/4752/files/DER001481_R1_2269a327-c5ff-4a9e-8a7a-d3f87dfaaae1.jpg?v=1771396210,https://cdn.shopify.com/s/files/1/0805/4777/4752/files/DER001481_R2_dc3aaff7-8921-4785-840c-2671696dc64c.jpg?v=1771396210,DER001481_R1_2269a327-c5ff-4a9e-8a7a-d3f87dfaaae1.jpg
Open Petal Frame Diamond Stud Earrings,18 KT / Rose Gold,18K,3.36,1.019,71229.0,51157655159072,https://cdn.shopify.com/s/files/1/0805/4777/4752/files/DER001481_R1_2269a327-c5ff-4a9e-8a7a-d3f87dfaaae1.jpg?v=1771396210,https://cdn.shopify.com/s/files/1/0805/4777/4752/files/DER001481_R2_dc3aaff7-8921-4785-840c-2671696dc64c.jpg?v=1771396210,DER001481_R1_2269a327-c5ff-4a9e-8a7a-d3f87dfaaae1.jpg
Eternal Shine Diamond Earrings,9 KT / Rose Gold,9K,2.85,0.908,45890.0,50730087874848,https://cdn.shopify.com/s/files/1/0805/4777/4752/files/DER000567_R1.jpg?v=1750223060,https://cdn.shopify.com/s/files/1/0805/4777/4752/files/DER000567_R2.jpg?v=1750223060,DER000567_R1.jpg
Eternal Shine Diamond Earrings,14 KT / Rose Gold,14K,3.23,0.908,59106.0,49509055332640,https://cdn.shopify.com/s/files/1/0805/4777/4752/files/DER000567_R1.jpg?v=1750223060,https://cdn.shopify.com/s/files/1/0805/4777/4752/files/DER000567_R2.jpg?v=1750223060,DER000567_R1.jpg
Eternal Shine Diamond Earrings,18 KT / Rose Gold,18K,3.8,0.908,74760.0,49846573596960,https://cdn.shopify.com/s/files/1/0805/4777/4752/files/DER000567_R1.jpg?v=1750223060,https://cdn.shopify.com/s/files/1/0805/4777/4752/files/DER000567_R2.jpg?v=1750223060,DER000567_R1.jpg
90 Cents Hexadic Solitaire Diamond Men's Ear Stud,9 KT / Yellow Gold,9K,1.6125,0.9,46558.0,51003219444000,https://cdn.shopify.com/s/files/1/0805/4777/4752/files/KI-ERG00004_Y1.jpg?v=1764770841,https://cdn.shopify.com/s/files/1/0805/4777/4752/files/Modelphotoin1080x1080-06_0664fb53-dd17-4fa2-9ad7-416520f2ba80.jpg?v=1764825554,KI-ERG00004_Y1.jpg
90 Cents Hexadic Solitaire Diamond Men's Ear Stud,14 KT / Yellow Gold,14K,1.8275,0.9,54036.0,51003219542304,https://cdn.shopify.com/s/files/1/0805/4777/4752/files/KI-ERG00004_Y1.jpg?v=1764770841,https://cdn.shopify.com/s/files/1/0805/4777/4752/files/Modelphotoin1080x1080-06_0664fb53-dd17-4fa2-9ad7-416520f2ba80.jpg?v=1764825554,KI-ERG00004_Y1.jpg
90 Cents Hexadic Solitaire Diamond Men's Ear Stud,18 KT / Yellow Gold,18K,2.15,0.9,62893.0,51003219640608,https://cdn.shopify.com/s/files/1/0805/4777/4752/files/KI-ERG00004_Y1.jpg?v=1764770841,https://cdn.shopify.com/s/files/1/0805/4777/4752/files/Modelphotoin1080x1080-06_0664fb53-dd17-4fa2-9ad7-416520f2ba80.jpg?v=1764825554,KI-ERG00004_Y1.jpg
Diamond Cascade Glow Earrings,9 KT / Yellow Gold,9K,2.775,0.958,46653.0,50730023387424,https://cdn.shopify.com/s/files/1/0805/4777/4752/files/DER000712_Y1.jpg?v=1750222883,https://cdn.shopify.com/s/files/1/0805/4777/4752/files/DER000712_Y2.jpg?v=1750222883,DER000712_Y1.jpg
Diamond Cascade Glow Earrings,14 KT / Yellow Gold,14K,3.145,0.958,59522.0,49509068964128,https://cdn.shopify.com/s/files/1/0805/4777/4752/files/DER000712_Y1.jpg?v=1750222883,https://cdn.shopify.com/s/files/1/0805/4777/4752/files/DER000712_Y2.jpg?v=1750222883,DER000712_Y1.jpg
Diamond Cascade Glow Earrings,18 KT / Yellow Gold,18K,3.7,0.958,74764.0,49846360178976,https://cdn.shopify.com/s/files/1/0805/4777/4752/files/DER000712_Y1.jpg?v=1750222883,https://cdn.shopify.com/s/files/1/0805/4777/4752/files/DER000712_Y2.jpg?v=1750222883,DER000712_Y1.jpg
Ruffled Diamond Stud Earrings,9 KT / White Gold,9K,2.64,1.0,46747.0,50728291074336,https://cdn.shopify.com/s/files/1/0805/4777/4752/files/DER001134_W1.jpg?v=1754287312,https://cdn.shopify.com/s/files/1/0805/4777/4752/files/DER001134_W2.jpg?v=1763633641,DER001134_W1.jpg
Ruffled Diamond Stud Earrings,14 KT / White Gold,14K,2.992,1.0,58990.0,50523573059872,https://cdn.shopify.com/s/files/1/0805/4777/4752/files/DER001134_W1.jpg?v=1754287312,https://cdn.shopify.com/s/files/1/0805/4777/4752/files/DER001134_W2.jpg?v=1763633641,DER001134_W1.jpg
Ruffled Diamond Stud Earrings,18 KT / White Gold,18K,3.52,1.0,73491.0,50523573158176,https://cdn.shopify.com/s/files/1/0805/4777/4752/files/DER001134_W1.jpg?v=1754287312,https://cdn.shopify.com/s/files/1/0805/4777/4752/files/DER001134_W2.jpg?v=1763633641,DER001134_W1.jpg
Channel Set Round Drop Hoop Earrings,9 KT / Rose Gold,9K,2.83101,0.994,47281.0,51116291883296,https://cdn.shopify.com/s/files/1/0805/4777/4752/files/MJ-ER67345_R1.jpg?v=1768986387,https://cdn.shopify.com/s/files/1/0805/4777/4752/files/MJ-ER67345_W1.jpg?v=1768986387,MJ-ER67345_R1.jpg
Channel Set Round Drop Hoop Earrings,14 KT / Rose Gold,14K,3.11,0.994,59478.0,51116291981600,https://cdn.shopify.com/s/files/1/0805/4777/4752/files/MJ-ER67345_R1.jpg?v=1768986387,https://cdn.shopify.com/s/files/1/0805/4777/4752/files/MJ-ER67345_W1.jpg?v=1768986387,MJ-ER67345_R1.jpg
Channel Set Round Drop Hoop Earrings,18 KT / Rose Gold,18K,3.7332,0.994,75455.0,51116292079904,https://cdn.shopify.com/s/files/1/0805/4777/4752/files/MJ-ER67345_R1.jpg?v=1768986387,https://cdn.shopify.com/s/files/1/0805/4777/4752/files/MJ-ER67345_W1.jpg?v=1768986387,MJ-ER67345_R1.jpg
Lumi Stack Diamond Bali Earrings,9 KT / Yellow Gold,9K,3.0,0.92,47350.0,50728272199968,https://cdn.shopify.com/s/files/1/0805/4777/4752/files/DER001143_Y1.jpg?v=1754119075,https://cdn.shopify.com/s/files/1/0805/4777/4752/files/DER001143_Y2.jpg?v=1767695854,DER001143_Y1.jpg
Lumi Stack Diamond Bali Earrings,14 KT / Yellow Gold,14K,3.4,0.92,61262.0,50523580825888,https://cdn.shopify.com/s/files/1/0805/4777/4752/files/DER001143_Y1.jpg?v=1754119075,https://cdn.shopify.com/s/files/1/0805/4777/4752/files/DER001143_Y2.jpg?v=1767695854,DER001143_Y1.jpg
Lumi Stack Diamond Bali Earrings,18 KT / Yellow Gold,18K,4.0,0.92,77740.0,50523580924192,https://cdn.shopify.com/s/files/1/0805/4777/4752/files/DER001143_Y1.jpg?v=1754119075,https://cdn.shopify.com/s/files/1/0805/4777/4752/files/DER001143_Y2.jpg?v=1767695854,DER001143_Y1.jpg
Cloud Luxe Diamond Stud Earrings,9 KT / Rose Gold,9K,2.4075,1.09,47381.0,50728296513824,https://cdn.shopify.com/s/files/1/0805/4777/4752/files/DER001141_R1.jpg?v=1754287958,https://cdn.shopify.com/s/files/1/0805/4777/4752/files/DER001141_R2.jpg?v=1754287958,DER001141_R1.jpg
Cloud Luxe Diamond Stud Earrings,14 KT / Rose Gold,14K,2.7285,1.09,58545.0,50523563950368,https://cdn.shopify.com/s/files/1/0805/4777/4752/files/DER001141_R1.jpg?v=1754287958,https://cdn.shopify.com/s/files/1/0805/4777/4752/files/DER001141_R2.jpg?v=1754287958,DER001141_R1.jpg
Cloud Luxe Diamond Stud Earrings,18 KT / Rose Gold,18K,3.21,1.09,71769.0,50523564048672,https://cdn.shopify.com/s/files/1/0805/4777/4752/files/DER001141_R1.jpg?v=1754287958,https://cdn.shopify.com/s/files/1/0805/4777/4752/files/DER001141_R2.jpg?v=1754287958,DER001141_R1.jpg
Purity Whisper Diamond Studs,9 KT / Rose Gold,9K,2.25,0.902,47494.0,50730198663456,https://cdn.shopify.com/s/files/1/0805/4777/4752/files/WER000004_R1.jpg?v=1752063340,https://cdn.shopify.com/s/files/1/0805/4777/4752/files/WER000004_R2.jpg?v=1752063340,WER000004_R1.jpg
Purity Whisper Diamond Studs,14 KT / Rose Gold,14K,2.55,0.902,57929.0,47558965592352,https://cdn.shopify.com/s/files/1/0805/4777/4752/files/WER000004_R1.jpg?v=1752063340,https://cdn.shopify.com/s/files/1/0805/4777/4752/files/WER000004_R2.jpg?v=1752063340,WER000004_R1.jpg
Purity Whisper Diamond Studs,18 KT / Rose Gold,18K,3.0,0.902,70287.0,49848381047072,https://cdn.shopify.com/s/files/1/0805/4777/4752/files/WER000004_R1.jpg?v=1752063340,https://cdn.shopify.com/s/files/1/0805/4777/4752/files/WER000004_R2.jpg?v=1752063340,WER000004_R1.jpg
Echo Drop Diamond Drop Earrings,9 KT / White Gold,9K,1.3125,1.171,47543.0,50728336326944,https://cdn.shopify.com/s/files/1/0805/4777/4752/files/DER001084_W1.jpg?v=1754125545,https://cdn.shopify.com/s/files/1/0805/4777/4752/files/DER001084_W2.jpg?v=1754125545,DER001084_W1.jpg
Echo Drop Diamond Drop Earrings,14 KT / White Gold,14K,1.4875,1.171,53630.0,50523551891744,https://cdn.shopify.com/s/files/1/0805/4777/4752/files/DER001084_W1.jpg?v=1754125545,https://cdn.shopify.com/s/files/1/0805/4777/4752/files/DER001084_W2.jpg?v=1754125545,DER001084_W1.jpg
Echo Drop Diamond Drop Earrings,18 KT / White Gold,18K,1.75,1.171,60839.0,50523551990048,https://cdn.shopify.com/s/files/1/0805/4777/4752/files/DER001084_W1.jpg?v=1754125545,https://cdn.shopify.com/s/files/1/0805/4777/4752/files/DER001084_W2.jpg?v=1754125545,DER001084_W1.jpg
Glam Gems Diamond Earrings,9 KT / Rose Gold,9K,2.775,0.994,47614.0,50728450425120,https://cdn.shopify.com/s/files/1/0805/4777/4752/files/RK-RBT-57_R1.jpg?v=1751372954,https://cdn.shopify.com/s/files/1/0805/4777/4752/files/RK-RBT-57_R2.jpg?v=1751372954,RK-RBT-57_R1.jpg
Glam Gems Diamond Earrings,14 KT / Rose Gold,14K,3.145,0.994,60483.0,49907311575328,https://cdn.shopify.com/s/files/1/0805/4777/4752/files/RK-RBT-57_R1.jpg?v=1751372954,https://cdn.shopify.com/s/files/1/0805/4777/4752/files/RK-RBT-57_R2.jpg?v=1751372954,RK-RBT-57_R1.jpg
Glam Gems Diamond Earrings,18 KT / Rose Gold,18K,3.7,0.994,75725.0,49907311673632,https://cdn.shopify.com/s/files/1/0805/4777/4752/files/RK-RBT-57_R1.jpg?v=1751372954,https://cdn.shopify.com/s/files/1/0805/4777/4752/files/RK-RBT-57_R2.jpg?v=1751372954,RK-RBT-57_R1.jpg
Celestial Serenity Diamond Earrings,9 KT / White Gold,9K,2.25,0.944,47700.0,50730624319776,https://cdn.shopify.com/s/files/1/0805/4777/4752/files/SER000103_W1.jpg?v=1752223682,https://cdn.shopify.com/s/files/1/0805/4777/4752/files/SER000103_W2.jpg?v=1763635130,SER000103_W1.jpg
Celestial Serenity Diamond Earrings,14 KT / White Gold,14K,2.55,0.944,58134.0,47558925418784,https://cdn.shopify.com/s/files/1/0805/4777/4752/files/SER000103_W1.jpg?v=1752223682,https://cdn.shopify.com/s/files/1/0805/4777/4752/files/SER000103_W2.jpg?v=1763635130,SER000103_W1.jpg
Celestial Serenity Diamond Earrings,18 KT / White Gold,18K,3.0,0.944,70493.0,49846234677536,https://cdn.shopify.com/s/files/1/0805/4777/4752/files/SER000103_W1.jpg?v=1752223682,https://cdn.shopify.com/s/files/1/0805/4777/4752/files/SER000103_W2.jpg?v=1763635130,SER000103_W1.jpg
Flutter Curve Diamond Stud Earrings,9 KT / Yellow Gold,9K,2.4375,1.1,47876.0,50728306868512,https://cdn.shopify.com/s/files/1/0805/4777/4752/files/DER001148_Y1.jpg?v=1754119086,https://cdn.shopify.com/s/files/1/0805/4777/4752/files/DER001148_Y2.jpg?v=1763634036,DER001148_Y1.jpg
Flutter Curve Diamond Stud Earrings,14 KT / Yellow Gold,14K,2.7625,1.1,59179.0,50523558314272,https://cdn.shopify.com/s/files/1/0805/4777/4752/files/DER001148_Y1.jpg?v=1754119086,https://cdn.shopify.com/s/files/1/0805/4777/4752/files/DER001148_Y2.jpg?v=1763634036,DER001148_Y1.jpg
Flutter Curve Diamond Stud Earrings,18 KT / Yellow Gold,18K,3.25,1.1,72568.0,50523558412576,https://cdn.shopify.com/s/files/1/0805/4777/4752/files/DER001148_Y1.jpg?v=1754119086,https://cdn.shopify.com/s/files/1/0805/4777/4752/files/DER001148_Y2.jpg?v=1763634036,DER001148_Y1.jpg
Diamond Petal Drop Earrings,9 KT / Rose Gold,9K,3.5625,0.78,47892.0,50730090070304,https://cdn.shopify.com/s/files/1/0805/4777/4752/files/DER000577_R1.jpg?v=1750223085,https://cdn.shopify.com/s/files/1/0805/4777/4752/files/DER000577_R2.jpg?v=1750223085,DER000577_R1.jpg
Diamond Petal Drop Earrings,14 KT / Rose Gold,14K,4.0375,0.78,64413.0,49509052711200,https://cdn.shopify.com/s/files/1/0805/4777/4752/files/DER000577_R1.jpg?v=1750223085,https://cdn.shopify.com/s/files/1/0805/4777/4752/files/DER000577_R2.jpg?v=1750223085,DER000577_R1.jpg
Diamond Petal Drop Earrings,18 KT / Rose Gold,18K,4.75,0.78,83980.0,49846408216864,https://cdn.shopify.com/s/files/1/0805/4777/4752/files/DER000577_R1.jpg?v=1750223085,https://cdn.shopify.com/s/files/1/0805/4777/4752/files/DER000577_R2.jpg?v=1750223085,DER000577_R1.jpg
Crystal Petal Diamond Earrings,9 KT / Rose Gold,9K,3.375,0.844,48174.0,50730088792352,https://cdn.shopify.com/s/files/1/0805/4777/4752/files/DER000637_R1.jpg?v=1750223079,https://cdn.shopify.com/s/files/1/0805/4777/4752/files/DER000637_R2.jpg?v=1750223079,DER000637_R1.jpg
Crystal Petal Diamond Earrings,14 KT / Rose Gold,14K,3.825,0.844,63825.0,49509053432096,https://cdn.shopify.com/s/files/1/0805/4777/4752/files/DER000637_R1.jpg?v=1750223079,https://cdn.shopify.com/s/files/1/0805/4777/4752/files/DER000637_R2.jpg?v=1750223079,DER000637_R1.jpg
Crystal Petal Diamond Earrings,18 KT / Rose Gold,18K,4.5,0.844,82363.0,49846260465952,https://cdn.shopify.com/s/files/1/0805/4777/4752/files/DER000637_R1.jpg?v=1750223079,https://cdn.shopify.com/s/files/1/0805/4777/4752/files/DER000637_R2.jpg?v=1750223079,DER000637_R1.jpg
1 Carat Bezel Orb Solitaire Diamond Men's Ear Stud,9 KT / Yellow Gold,9K,0.7875,1.0,48232.0,50926256488736,https://cdn.shopify.com/s/files/1/0805/4777/4752/files/KI-ERG00007-RB-100_Y1.jpg?v=1764770848,https://cdn.shopify.com/s/files/1/0805/4777/4752/files/Modelphotoin1080x1080-01_6a77a157-4da1-4ee3-9f74-19628500f506.jpg?v=1764771908,KI-ERG00007-RB-100_Y1.jpg
1 Carat Bezel Orb Solitaire Diamond Men's Ear Stud,14 KT / Yellow Gold,14K,0.8925,1.0,51884.0,50926256587040,https://cdn.shopify.com/s/files/1/0805/4777/4752/files/KI-ERG00007-RB-100_Y1.jpg?v=1764770848,https://cdn.shopify.com/s/files/1/0805/4777/4752/files/Modelphotoin1080x1080-01_6a77a157-4da1-4ee3-9f74-19628500f506.jpg?v=1764771908,KI-ERG00007-RB-100_Y1.jpg
1 Carat Bezel Orb Solitaire Diamond Men's Ear Stud,18 KT / Yellow Gold,18K,1.05,1.0,56209.0,50926256685344,https://cdn.shopify.com/s/files/1/0805/4777/4752/files/KI-ERG00007-RB-100_Y1.jpg?v=1764770848,https://cdn.shopify.com/s/files/1/0805/4777/4752/files/Modelphotoin1080x1080-01_6a77a157-4da1-4ee3-9f74-19628500f506.jpg?v=1764771908,KI-ERG00007-RB-100_Y1.jpg
GoldBloom Diamond Stud Earrings,9 KT / Yellow Gold,9K,1.92,1.0,48896.0,50728303984928,https://cdn.shopify.com/s/files/1/0805/4777/4752/files/DER001142_Y1.jpg?v=1754119071,https://cdn.shopify.com/s/files/1/0805/4777/4752/files/DER001142_Y2.jpg?v=1754119348,DER001142_Y1.jpg
GoldBloom Diamond Stud Earrings,14 KT / Yellow Gold,14K,2.176,1.0,57800.0,50523559297312,https://cdn.shopify.com/s/files/1/0805/4777/4752/files/DER001142_Y1.jpg?v=1754119071,https://cdn.shopify.com/s/files/1/0805/4777/4752/files/DER001142_Y2.jpg?v=1754119348,DER001142_Y1.jpg
GoldBloom Diamond Stud Earrings,18 KT / Yellow Gold,18K,2.56,1.0,68345.0,50523559395616,https://cdn.shopify.com/s/files/1/0805/4777/4752/files/DER001142_Y1.jpg?v=1754119071,https://cdn.shopify.com/s/files/1/0805/4777/4752/files/DER001142_Y2.jpg?v=1754119348,DER001142_Y1.jpg
Regal Resplendence Diamond Earrings,9 KT / Rose Gold,9K,1.95,1.0,49124.0,50730625499424,https://cdn.shopify.com/s/files/1/0805/4777/4752/files/DER000067_R1.jpg?v=1752492522,https://cdn.shopify.com/s/files/1/0805/4777/4752/files/DER000067_R2.jpg?v=1767695682,DER000067_R1.jpg
Regal Resplendence Diamond Earrings,14 KT / Rose Gold,14K,2.21,1.0,58167.0,47558924075296,https://cdn.shopify.com/s/files/1/0805/4777/4752/files/DER000067_R1.jpg?v=1752492522,https://cdn.shopify.com/s/files/1/0805/4777/4752/files/DER000067_R2.jpg?v=1767695682,DER000067_R1.jpg
Regal Resplendence Diamond Earrings,18 KT / Rose Gold,18K,2.6,1.0,68877.0,49848388747552,https://cdn.shopify.com/s/files/1/0805/4777/4752/files/DER000067_R1.jpg?v=1752492522,https://cdn.shopify.com/s/files/1/0805/4777/4752/files/DER000067_R2.jpg?v=1767695682,DER000067_R1.jpg
Keepers of Light Diamond Earrings,9 KT / Yellow Gold,9K,3.5175,0.842,49204.0,50728240808224,https://cdn.shopify.com/s/files/1/0805/4777/4752/files/NJ-CNT0231_Y1.jpg?v=1756105170,https://cdn.shopify.com/s/files/1/0805/4777/4752/files/NJ-CNT0231_Y2.jpg?v=1767696613,NJ-CNT0231_Y1.jpg
Keepers of Light Diamond Earrings,14 KT / Yellow Gold,14K,3.9865,0.842,65516.0,50617330958624,https://cdn.shopify.com/s/files/1/0805/4777/4752/files/NJ-CNT0231_Y1.jpg?v=1756105170,https://cdn.shopify.com/s/files/1/0805/4777/4752/files/NJ-CNT0231_Y2.jpg?v=1767696613,NJ-CNT0231_Y1.jpg
Keepers of Light Diamond Earrings,18 KT / Yellow Gold,18K,4.69,0.842,84836.0,50617331056928,https://cdn.shopify.com/s/files/1/0805/4777/4752/files/NJ-CNT0231_Y1.jpg?v=1756105170,https://cdn.shopify.com/s/files/1/0805/4777/4752/files/NJ-CNT0231_Y2.jpg?v=1767696613,NJ-CNT0231_Y1.jpg
Opal Halo Diamond Earrings,9 KT / Rose Gold,9K,2.2125,0.998,49237.0,50730036330784,https://cdn.shopify.com/s/files/1/0805/4777/4752/files/DER000736_R1.jpg?v=1750222942,https://cdn.shopify.com/s/files/1/0805/4777/4752/files/DER000736_R2.jpg?v=1750222942,DER000736_R1.jpg
Opal Halo Diamond Earrings,14 KT / Rose Gold,14K,2.5075,0.998,59497.0,49509064737056,https://cdn.shopify.com/s/files/1/0805/4777/4752/files/DER000736_R1.jpg?v=1750222942,https://cdn.shopify.com/s/files/1/0805/4777/4752/files/DER000736_R2.jpg?v=1750222942,DER000736_R1.jpg
Opal Halo Diamond Earrings,18 KT / Rose Gold,18K,2.95,0.998,71649.0,49848375771424,https://cdn.shopify.com/s/files/1/0805/4777/4752/files/DER000736_R1.jpg?v=1750222942,https://cdn.shopify.com/s/files/1/0805/4777/4752/files/DER000736_R2.jpg?v=1750222942,DER000736_R1.jpg
Celestial Charm Diamond Earrings,9 KT / Yellow Gold,9K,2.85,1.036,49304.0,50730628383008,https://cdn.shopify.com/s/files/1/0805/4777/4752/files/DER000710_Y1_8b94a806-2ae3-47e2-950d-514502565b2d.jpg?v=1751373536,https://cdn.shopify.com/s/files/1/0805/4777/4752/files/DER000710_Y2_8ce58900-7561-45bc-8460-6d28d1357a2e.jpg?v=1751373536,DER000710_Y1_8b94a806-2ae3-47e2-950d-514502565b2d.jpg
Celestial Charm Diamond Earrings,14 KT / Yellow Gold,14K,3.23,1.036,62521.0,47558906511648,https://cdn.shopify.com/s/files/1/0805/4777/4752/files/DER000710_Y1_8b94a806-2ae3-47e2-950d-514502565b2d.jpg?v=1751373536,https://cdn.shopify.com/s/files/1/0805/4777/4752/files/DER000710_Y2_8ce58900-7561-45bc-8460-6d28d1357a2e.jpg?v=1751373536,DER000710_Y1_8b94a806-2ae3-47e2-950d-514502565b2d.jpg
Celestial Charm Diamond Earrings,18 KT / Yellow Gold,18K,3.8,1.036,78175.0,49846576546080,https://cdn.shopify.com/s/files/1/0805/4777/4752/files/DER000710_Y1_8b94a806-2ae3-47e2-950d-514502565b2d.jpg?v=1751373536,https://cdn.shopify.com/s/files/1/0805/4777/4752/files/DER000710_Y2_8ce58900-7561-45bc-8460-6d28d1357a2e.jpg?v=1751373536,DER000710_Y1_8b94a806-2ae3-47e2-950d-514502565b2d.jpg
Midnight Bloom Diamond Stud Earrings,9 KT / Rose Gold,9K,1.575,1.42,49855.0,50728237760800,https://cdn.shopify.com/s/files/1/0805/4777/4752/files/DER001246_R1.jpg?v=1761631070,https://cdn.shopify.com/s/files/1/0805/4777/4752/files/DER001246_R2.jpg?v=1767696526,DER001246_R1.jpg
Midnight Bloom Diamond Stud Earrings,14 KT / Rose Gold,14K,1.785,1.42,57159.0,50632478949664,https://cdn.shopify.com/s/files/1/0805/4777/4752/files/DER001246_R1.jpg?v=1761631070,https://cdn.shopify.com/s/files/1/0805/4777/4752/files/DER001246_R2.jpg?v=1767696526,DER001246_R1.jpg
Midnight Bloom Diamond Stud Earrings,18 KT / Rose Gold,18K,2.1,1.42,65810.0,50632479047968,https://cdn.shopify.com/s/files/1/0805/4777/4752/files/DER001246_R1.jpg?v=1761631070,https://cdn.shopify.com/s/files/1/0805/4777/4752/files/DER001246_R2.jpg?v=1767696526,DER001246_R1.jpg
Regal Charm Diamond Earrings,9 KT / Yellow Gold,9K,3.4125,0.902,50006.0,50730042655008,https://cdn.shopify.com/s/files/1/0805/4777/4752/files/DER000573_Y1.jpg?v=1750222979,https://cdn.shopify.com/s/files/1/0805/4777/4752/files/DER000573_Y2.jpg?v=1750222979,DER000573_Y1.jpg
Regal Charm Diamond Earrings,14 KT / Yellow Gold,14K,3.8675,0.902,65831.0,49509062181152,https://cdn.shopify.com/s/files/1/0805/4777/4752/files/DER000573_Y1.jpg?v=1750222979,https://cdn.shopify.com/s/files/1/0805/4777/4752/files/DER000573_Y2.jpg?v=1750222979,DER000573_Y1.jpg
Regal Charm Diamond Earrings,18 KT / Yellow Gold,18K,4.55,0.902,84575.0,49848388452640,https://cdn.shopify.com/s/files/1/0805/4777/4752/files/DER000573_Y1.jpg?v=1750222979,https://cdn.shopify.com/s/files/1/0805/4777/4752/files/DER000573_Y2.jpg?v=1750222979,DER000573_Y1.jpg
Lunar Luster Diamond Earrings,9 KT / Yellow Gold,9K,3.1125,1.0,50340.0,50730088071456,https://cdn.shopify.com/s/files/1/0805/4777/4752/files/DER000574_Y1.jpg?v=1750223064,https://cdn.shopify.com/s/files/1/0805/4777/4752/files/DER000574_Y2.jpg?v=1750223064,DER000574_Y1.jpg
Lunar Luster Diamond Earrings,14 KT / Yellow Gold,14K,3.5275,1.0,64774.0,49509055004960,https://cdn.shopify.com/s/files/1/0805/4777/4752/files/DER000574_Y1.jpg?v=1750223064,https://cdn.shopify.com/s/files/1/0805/4777/4752/files/DER000574_Y2.jpg?v=1750223064,DER000574_Y1.jpg
Lunar Luster Diamond Earrings,18 KT / Yellow Gold,18K,4.15,1.0,81869.0,49848248369440,https://cdn.shopify.com/s/files/1/0805/4777/4752/files/DER000574_Y1.jpg?v=1750223064,https://cdn.shopify.com/s/files/1/0805/4777/4752/files/DER000574_Y2.jpg?v=1750223064,DER000574_Y1.jpg
Luxe Angles Diamond Dangler Earrings,9 KT / Yellow Gold,9K,3.525,0.891,50568.0,50728480211232,https://cdn.shopify.com/s/files/1/0805/4777/4752/files/RK-RBE-007_Y1.jpg?v=1751372988,https://cdn.shopify.com/s/files/1/0805/4777/4752/files/RK-RBE-007_Y2.jpg?v=1751372988,RK-RBE-007_Y1.jpg
Luxe Angles Diamond Dangler Earrings,14 KT / Yellow Gold,14K,3.995,0.891,66915.0,49907249676576,https://cdn.shopify.com/s/files/1/0805/4777/4752/files/RK-RBE-007_Y1.jpg?v=1751372988,https://cdn.shopify.com/s/files/1/0805/4777/4752/files/RK-RBE-007_Y2.jpg?v=1751372988,RK-RBE-007_Y1.jpg
Luxe Angles Diamond Dangler Earrings,18 KT / Yellow Gold,18K,4.7,0.891,86276.0,49907249774880,https://cdn.shopify.com/s/files/1/0805/4777/4752/files/RK-RBE-007_Y1.jpg?v=1751372988,https://cdn.shopify.com/s/files/1/0805/4777/4752/files/RK-RBE-007_Y2.jpg?v=1751372988,RK-RBE-007_Y1.jpg
Triangular Trellis Diamond Earrings,9 KT / Rose Gold,9K,2.25,1.03,50680.0,50730632118560,https://cdn.shopify.com/s/files/1/0805/4777/4752/files/DER000044_R1.jpg?v=1751980029,https://cdn.shopify.com/s/files/1/0805/4777/4752/files/DER000044_R2.jpg?v=1763632163,DER000044_R1.jpg
Triangular Trellis Diamond Earrings,14 KT / Rose Gold,14K,2.55,1.03,61115.0,47005806035232,https://cdn.shopify.com/s/files/1/0805/4777/4752/files/DER000044_R1.jpg?v=1751980029,https://cdn.shopify.com/s/files/1/0805/4777/4752/files/DER000044_R2.jpg?v=1763632163,DER000044_R1.jpg
Triangular Trellis Diamond Earrings,18 KT / Rose Gold,18K,3.0,1.03,73473.0,49848417354016,https://cdn.shopify.com/s/files/1/0805/4777/4752/files/DER000044_R1.jpg?v=1751980029,https://cdn.shopify.com/s/files/1/0805/4777/4752/files/DER000044_R2.jpg?v=1763632163,DER000044_R1.jpg
Enchante Allure Diamond Earrings,9 KT / Rose Gold,9K,2.2965,1.09,50691.0,50730629628192,https://cdn.shopify.com/s/files/1/0805/4777/4752/files/WER000047_R1.jpg?v=1752492459,https://cdn.shopify.com/s/files/1/0805/4777/4752/files/WER000047_R2.jpg?v=1752492459,WER000047_R1.jpg
Enchante Allure Diamond Earrings,14 KT / Rose Gold,14K,2.6027,1.09,61341.0,47558901268768,https://cdn.shopify.com/s/files/1/0805/4777/4752/files/WER000047_R1.jpg?v=1752492459,https://cdn.shopify.com/s/files/1/0805/4777/4752/files/WER000047_R2.jpg?v=1752492459,WER000047_R1.jpg
Enchante Allure Diamond Earrings,18 KT / Rose Gold,18K,3.06,1.09,73930.0,49846526771488,https://cdn.shopify.com/s/files/1/0805/4777/4752/files/WER000047_R1.jpg?v=1752492459,https://cdn.shopify.com/s/files/1/0805/4777/4752/files/WER000047_R2.jpg?v=1752492459,WER000047_R1.jpg
Diamond Velvet Touch Earrings,9 KT / Rose Gold,9K,2.4375,0.98,50772.0,50730020372768,https://cdn.shopify.com/s/files/1/0805/4777/4752/files/DER000739_R1.jpg?v=1750222839,https://cdn.shopify.com/s/files/1/0805/4777/4752/files/DER000739_R2.jpg?v=1763632752,DER000739_R1.jpg
Diamond Velvet Touch Earrings,14 KT / Rose Gold,14K,2.7625,0.98,62076.0,49509072601376,https://cdn.shopify.com/s/files/1/0805/4777/4752/files/DER000739_R1.jpg?v=1750222839,https://cdn.shopify.com/s/files/1/0805/4777/4752/files/DER000739_R2.jpg?v=1763632752,DER000739_R1.jpg
Diamond Velvet Touch Earrings,18 KT / Rose Gold,18K,3.25,0.98,75464.0,49846466806048,https://cdn.shopify.com/s/files/1/0805/4777/4752/files/DER000739_R1.jpg?v=1750222839,https://cdn.shopify.com/s/files/1/0805/4777/4752/files/DER000739_R2.jpg?v=1763632752,DER000739_R1.jpg
Diamond Grace Drop Earrings,9 KT / Yellow Gold,9K,2.775,1.115,50842.0,50730042523936,https://cdn.shopify.com/s/files/1/0805/4777/4752/files/DER000737_Y1.jpg?v=1750222977,https://cdn.shopify.com/s/files/1/0805/4777/4752/files/DER000737_Y2.jpg?v=1750222977,DER000737_Y1.jpg
Diamond Grace Drop Earrings,14 KT / Yellow Gold,14K,3.145,1.115,63710.0,49509062279456,https://cdn.shopify.com/s/files/1/0805/4777/4752/files/DER000737_Y1.jpg?v=1750222977,https://cdn.shopify.com/s/files/1/0805/4777/4752/files/DER000737_Y2.jpg?v=1750222977,DER000737_Y1.jpg
Diamond Grace Drop Earrings,18 KT / Yellow Gold,18K,3.7,1.115,78952.0,49846376562976,https://cdn.shopify.com/s/files/1/0805/4777/4752/files/DER000737_Y1.jpg?v=1750222977,https://cdn.shopify.com/s/files/1/0805/4777/4752/files/DER000737_Y2.jpg?v=1750222977,DER000737_Y1.jpg
Sapphire Bliss Diamond Earrings,9 KT / Yellow Gold,9K,3.225,1.0,51195.0,50730083549472,https://cdn.shopify.com/s/files/1/0805/4777/4752/files/DER000569_Y1.jpg?v=1750223050,https://cdn.shopify.com/s/files/1/0805/4777/4752/files/DER000569_Y2.jpg?v=1750223050,DER000569_Y1.jpg
Sapphire Bliss Diamond Earrings,14 KT / Yellow Gold,14K,3.655,1.0,66151.0,49509056807200,https://cdn.shopify.com/s/files/1/0805/4777/4752/files/DER000569_Y1.jpg?v=1750223050,https://cdn.shopify.com/s/files/1/0805/4777/4752/files/DER000569_Y2.jpg?v=1750223050,DER000569_Y1.jpg
Sapphire Bliss Diamond Earrings,18 KT / Yellow Gold,18K,4.3,1.0,83864.0,49848405131552,https://cdn.shopify.com/s/files/1/0805/4777/4752/files/DER000569_Y1.jpg?v=1750223050,https://cdn.shopify.com/s/files/1/0805/4777/4752/files/DER000569_Y2.jpg?v=1750223050,DER000569_Y1.jpg
1 Carat Princess Diamond Men's Ear Stud,9 KT / Yellow Gold,9K,1.0275,1.05,51829.0,50926257340704,https://cdn.shopify.com/s/files/1/0805/4777/4752/files/KI-ERG00013-100_Y1.jpg?v=1764770859,https://cdn.shopify.com/s/files/1/0805/4777/4752/files/Modelphotoin1080x1080-09_f6032235-bda8-42e8-9c51-8d70e0cfcdb1.jpg?v=1764771843,KI-ERG00013-100_Y1.jpg
1 Carat Princess Diamond Men's Ear Stud,14 KT / Yellow Gold,14K,1.1645,1.05,56594.0,50926257439008,https://cdn.shopify.com/s/files/1/0805/4777/4752/files/KI-ERG00013-100_Y1.jpg?v=1764770859,https://cdn.shopify.com/s/files/1/0805/4777/4752/files/Modelphotoin1080x1080-09_f6032235-bda8-42e8-9c51-8d70e0cfcdb1.jpg?v=1764771843,KI-ERG00013-100_Y1.jpg
1 Carat Princess Diamond Men's Ear Stud,18 KT / Yellow Gold,18K,1.37,1.05,62237.0,50926257537312,https://cdn.shopify.com/s/files/1/0805/4777/4752/files/KI-ERG00013-100_Y1.jpg?v=1764770859,https://cdn.shopify.com/s/files/1/0805/4777/4752/files/Modelphotoin1080x1080-09_f6032235-bda8-42e8-9c51-8d70e0cfcdb1.jpg?v=1764771843,KI-ERG00013-100_Y1.jpg
Serene Sophistication Diamond Earrings,9 KT / Rose Gold,9K,3.075,0.924,52600.0,50730616095008,https://cdn.shopify.com/s/files/1/0805/4777/4752/files/DER000042_R1.jpg?v=1751979785,https://cdn.shopify.com/s/files/1/0805/4777/4752/files/DER000042_R2.jpg?v=1763632156,DER000042_R1.jpg
Serene Sophistication Diamond Earrings,14 KT / Rose Gold,14K,3.485,0.924,66860.0,47558930202912,https://cdn.shopify.com/s/files/1/0805/4777/4752/files/DER000042_R1.jpg?v=1751979785,https://cdn.shopify.com/s/files/1/0805/4777/4752/files/DER000042_R2.jpg?v=1763632156,DER000042_R1.jpg
Serene Sophistication Diamond Earrings,18 KT / Rose Gold,18K,4.1,0.924,83750.0,49848411062560,https://cdn.shopify.com/s/files/1/0805/4777/4752/files/DER000042_R1.jpg?v=1751979785,https://cdn.shopify.com/s/files/1/0805/4777/4752/files/DER000042_R2.jpg?v=1763632156,DER000042_R1.jpg
Orbit Roll Diamond Stud Earrings,9 KT / Yellow Gold,9K,4.7625,0.618,52693.0,50728269807904,https://cdn.shopify.com/s/files/1/0805/4777/4752/files/DER001154_Y1.jpg?v=1754119098,https://cdn.shopify.com/s/files/1/0805/4777/4752/files/DER001154_Y2.jpg?v=1763634055,DER001154_Y1.jpg
Orbit Roll Diamond Stud Earrings,14 KT / Yellow Gold,14K,5.3975,0.618,74779.0,50523587674400,https://cdn.shopify.com/s/files/1/0805/4777/4752/files/DER001154_Y1.jpg?v=1754119098,https://cdn.shopify.com/s/files/1/0805/4777/4752/files/DER001154_Y2.jpg?v=1763634055,DER001154_Y1.jpg
Orbit Roll Diamond Stud Earrings,18 KT / Yellow Gold,18K,6.35,0.618,100937.0,50523587772704,https://cdn.shopify.com/s/files/1/0805/4777/4752/files/DER001154_Y1.jpg?v=1754119098,https://cdn.shopify.com/s/files/1/0805/4777/4752/files/DER001154_Y2.jpg?v=1763634055,DER001154_Y1.jpg
Lustrous Liaison Diamond Earrings,9 KT / Yellow Gold,9K,1.875,1.27,52708.0,50730625630496,https://cdn.shopify.com/s/files/1/0805/4777/4752/files/SER000104_Y1.jpg?v=1753962287,https://cdn.shopify.com/s/files/1/0805/4777/4752/files/SER000104_Y2.jpg?v=1771239415,SER000104_Y1.jpg
Lustrous Liaison Diamond Earrings,14 KT / Yellow Gold,14K,2.125,1.27,61403.0,47558923518240,https://cdn.shopify.com/s/files/1/0805/4777/4752/files/SER000104_Y1.jpg?v=1753962287,https://cdn.shopify.com/s/files/1/0805/4777/4752/files/SER000104_Y2.jpg?v=1771239415,SER000104_Y1.jpg
Lustrous Liaison Diamond Earrings,18 KT / Yellow Gold,18K,2.5,1.27,71701.0,49848261312800,https://cdn.shopify.com/s/files/1/0805/4777/4752/files/SER000104_Y1.jpg?v=1753962287,https://cdn.shopify.com/s/files/1/0805/4777/4752/files/SER000104_Y2.jpg?v=1771239415,SER000104_Y1.jpg
Diamond Halo Spark Diamond Earrings,9 KT / Yellow Gold,9K,3.225,1.08,53329.0,50730085450016,https://cdn.shopify.com/s/files/1/0805/4777/4752/files/DER000605_Y1.jpg?v=1750223058,https://cdn.shopify.com/s/files/1/0805/4777/4752/files/DER000605_Y2.jpg?v=1750223058,DER000605_Y1.jpg
Diamond Halo Spark Diamond Earrings,14 KT / Yellow Gold,14K,3.655,1.08,68285.0,49509056184608,https://cdn.shopify.com/s/files/1/0805/4777/4752/files/DER000605_Y1.jpg?v=1750223058,https://cdn.shopify.com/s/files/1/0805/4777/4752/files/DER000605_Y2.jpg?v=1750223058,DER000605_Y1.jpg
Diamond Halo Spark Diamond Earrings,18 KT / Yellow Gold,18K,4.3,1.08,85998.0,49846376988960,https://cdn.shopify.com/s/files/1/0805/4777/4752/files/DER000605_Y1.jpg?v=1750223058,https://cdn.shopify.com/s/files/1/0805/4777/4752/files/DER000605_Y2.jpg?v=1750223058,DER000605_Y1.jpg
Mirage Twist Diamond Stud Earrings,9 KT / Rose Gold,9K,3.525,0.996,53369.0,50728271282464,https://cdn.shopify.com/s/files/1/0805/4777/4752/files/DER001128_R1.jpg?v=1754286959,https://cdn.shopify.com/s/files/1/0805/4777/4752/files/DER001128_R2.jpg?v=1763633616,DER001128_R1.jpg
Mirage Twist Diamond Stud Earrings,14 KT / Rose Gold,14K,3.995,0.996,69716.0,50523583054112,https://cdn.shopify.com/s/files/1/0805/4777/4752/files/DER001128_R1.jpg?v=1754286959,https://cdn.shopify.com/s/files/1/0805/4777/4752/files/DER001128_R2.jpg?v=1763633616,DER001128_R1.jpg
Mirage Twist Diamond Stud Earrings,18 KT / Rose Gold,18K,4.7,0.996,89077.0,50523583152416,https://cdn.shopify.com/s/files/1/0805/4777/4752/files/DER001128_R1.jpg?v=1754286959,https://cdn.shopify.com/s/files/1/0805/4777/4752/files/DER001128_R2.jpg?v=1763633616,DER001128_R1.jpg
Linear Marquise Halo Stud Earrings,9 KT / White Gold,9K,2.076,1.16,54350.0,50728341799200,https://cdn.shopify.com/s/files/1/0805/4777/4752/files/DER000413_W1_8ff34c7d-46ea-409f-8932-923939c1a5ce.jpg?v=1752149680,https://cdn.shopify.com/s/files/1/0805/4777/4752/files/DER000413_W2_407f7a1d-b379-41e1-8a77-25a25f11c39d.jpg?v=1763632664,DER000413_W1_8ff34c7d-46ea-409f-8932-923939c1a5ce.jpg
Linear Marquise Halo Stud Earrings,14 KT / White Gold,14K,2.3528,1.16,63977.0,50346066149664,https://cdn.shopify.com/s/files/1/0805/4777/4752/files/DER000413_W1_8ff34c7d-46ea-409f-8932-923939c1a5ce.jpg?v=1752149680,https://cdn.shopify.com/s/files/1/0805/4777/4752/files/DER000413_W2_407f7a1d-b379-41e1-8a77-25a25f11c39d.jpg?v=1763632664,DER000413_W1_8ff34c7d-46ea-409f-8932-923939c1a5ce.jpg
Linear Marquise Halo Stud Earrings,18 KT / White Gold,18K,2.77,1.16,75404.0,50346066247968,https://cdn.shopify.com/s/files/1/0805/4777/4752/files/DER000413_W1_8ff34c7d-46ea-409f-8932-923939c1a5ce.jpg?v=1752149680,https://cdn.shopify.com/s/files/1/0805/4777/4752/files/DER000413_W2_407f7a1d-b379-41e1-8a77-25a25f11c39d.jpg?v=1763632664,DER000413_W1_8ff34c7d-46ea-409f-8932-923939c1a5ce.jpg
Everglow Diamond Earrings,9 KT / Yellow Gold,9K,2.6625,1.052,54403.0,50730101997856,https://cdn.shopify.com/s/files/1/0805/4777/4752/files/DER000740_Y1.jpg?v=1750223101,https://cdn.shopify.com/s/files/1/0805/4777/4752/files/DER000740_Y2.jpg?v=1750223101,DER000740_Y1.jpg
Everglow Diamond Earrings,14 KT / Yellow Gold,14K,3.0175,1.052,66750.0,49509051269408,https://cdn.shopify.com/s/files/1/0805/4777/4752/files/DER000740_Y1.jpg?v=1750223101,https://cdn.shopify.com/s/files/1/0805/4777/4752/files/DER000740_Y2.jpg?v=1750223101,DER000740_Y1.jpg
Everglow Diamond Earrings,18 KT / Yellow Gold,18K,3.55,1.052,81375.0,49846576447776,https://cdn.shopify.com/s/files/1/0805/4777/4752/files/DER000740_Y1.jpg?v=1750223101,https://cdn.shopify.com/s/files/1/0805/4777/4752/files/DER000740_Y2.jpg?v=1750223101,DER000740_Y1.jpg
Diamond Sunbeam Earrings,9 KT / Yellow Gold,9K,2.925,0.972,54417.0,50730088399136,https://cdn.shopify.com/s/files/1/0805/4777/4752/files/DER000734_Y1.jpg?v=1750223073,https://cdn.shopify.com/s/files/1/0805/4777/4752/files/DER000734_Y2.jpg?v=1750223073,DER000734_Y1.jpg
Diamond Sunbeam Earrings,14 KT / Yellow Gold,14K,3.315,0.972,67982.0,49509054021920,https://cdn.shopify.com/s/files/1/0805/4777/4752/files/DER000734_Y1.jpg?v=1750223073,https://cdn.shopify.com/s/files/1/0805/4777/4752/files/DER000734_Y2.jpg?v=1750223073,DER000734_Y1.jpg
Diamond Sunbeam Earrings,18 KT / Yellow Gold,18K,3.9,0.972,84048.0,49846452486432,https://cdn.shopify.com/s/files/1/0805/4777/4752/files/DER000734_Y1.jpg?v=1750223073,https://cdn.shopify.com/s/files/1/0805/4777/4752/files/DER000734_Y2.jpg?v=1750223073,DER000734_Y1.jpg
Diamond Glowstone Earrings,9 KT / Rose Gold,9K,2.475,1.078,54434.0,50730089873696,https://cdn.shopify.com/s/files/1/0805/4777/4752/files/DER000730_R1.jpg?v=1750223081,https://cdn.shopify.com/s/files/1/0805/4777/4752/files/DER000730_R2.jpg?v=1750223081,DER000730_R1.jpg
Diamond Glowstone Earrings,14 KT / Rose Gold,14K,2.805,1.078,65911.0,49509053268256,https://cdn.shopify.com/s/files/1/0805/4777/4752/files/DER000730_R1.jpg?v=1750223081,https://cdn.shopify.com/s/files/1/0805/4777/4752/files/DER000730_R2.jpg?v=1750223081,DER000730_R1.jpg
Diamond Glowstone Earrings,18 KT / Rose Gold,18K,3.3,1.078,79505.0,49846376169760,https://cdn.shopify.com/s/files/1/0805/4777/4752/files/DER000730_R1.jpg?v=1750223081,https://cdn.shopify.com/s/files/1/0805/4777/4752/files/DER000730_R2.jpg?v=1750223081,DER000730_R1.jpg
Mystic Crystal Diamond Earrings,9 KT / Yellow Gold,9K,3.75,0.998,55133.0,50730024272160,https://cdn.shopify.com/s/files/1/0805/4777/4752/files/DER000744_Y1.jpg?v=1750222890,https://cdn.shopify.com/s/files/1/0805/4777/4752/files/DER000744_Y2.jpg?v=1750222890,DER000744_Y1.jpg
Mystic Crystal Diamond Earrings,14 KT / Yellow Gold,14K,4.25,0.998,72523.0,49509068439840,https://cdn.shopify.com/s/files/1/0805/4777/4752/files/DER000744_Y1.jpg?v=1750222890,https://cdn.shopify.com/s/files/1/0805/4777/4752/files/DER000744_Y2.jpg?v=1750222890,DER000744_Y1.jpg
Mystic Crystal Diamond Earrings,18 KT / Yellow Gold,18K,5.0,0.998,93120.0,49848370168096,https://cdn.shopify.com/s/files/1/0805/4777/4752/files/DER000744_Y1.jpg?v=1750222890,https://cdn.shopify.com/s/files/1/0805/4777/4752/files/DER000744_Y2.jpg?v=1750222890,DER000744_Y1.jpg
Celestial Serenity Diamond Halo Earrings,9 KT / Rose Gold,9K,3.45,1.1,55573.0,50730593386784,https://cdn.shopify.com/s/files/1/0805/4777/4752/files/SER000102_R1.jpg?v=1752223549,https://cdn.shopify.com/s/files/1/0805/4777/4752/files/SER000102_R2.jpg?v=1763635124,SER000102_R1.jpg
Celestial Serenity Diamond Halo Earrings,14 KT / Rose Gold,14K,3.91,1.1,71572.0,47558935707936,https://cdn.shopify.com/s/files/1/0805/4777/4752/files/SER000102_R1.jpg?v=1752223549,https://cdn.shopify.com/s/files/1/0805/4777/4752/files/SER000102_R2.jpg?v=1763635124,SER000102_R1.jpg
Celestial Serenity Diamond Halo Earrings,18 KT / Rose Gold,18K,4.6,1.1,90522.0,49846237823264,https://cdn.shopify.com/s/files/1/0805/4777/4752/files/SER000102_R1.jpg?v=1752223549,https://cdn.shopify.com/s/files/1/0805/4777/4752/files/SER000102_R2.jpg?v=1763635124,SER000102_R1.jpg
Gleaming Horizon Diamond Earrings,9 KT / Rose Gold,9K,2.835,1.29,55966.0,50730023289120,https://cdn.shopify.com/s/files/1/0805/4777/4752/files/DER000724_R1.jpg?v=1750222881,https://cdn.shopify.com/s/files/1/0805/4777/4752/files/DER000724_R2.jpg?v=1750222881,DER000724_R1.jpg
Gleaming Horizon Diamond Earrings,14 KT / Rose Gold,14K,3.213,1.29,69113.0,49509069029664,https://cdn.shopify.com/s/files/1/0805/4777/4752/files/DER000724_R1.jpg?v=1750222881,https://cdn.shopify.com/s/files/1/0805/4777/4752/files/DER000724_R2.jpg?v=1750222881,DER000724_R1.jpg
Gleaming Horizon Diamond Earrings,18 KT / Rose Gold,18K,3.78,1.29,84685.0,49846577365280,https://cdn.shopify.com/s/files/1/0805/4777/4752/files/DER000724_R1.jpg?v=1750222881,https://cdn.shopify.com/s/files/1/0805/4777/4752/files/DER000724_R2.jpg?v=1750222881,DER000724_R1.jpg
Bloom Luxe Diamond Stud Earrings,9 KT / Rose Gold,9K,2.5575,1.37,55991.0,50728293892384,https://cdn.shopify.com/s/files/1/0805/4777/4752/files/DER001111_R1.jpg?v=1754285861,https://cdn.shopify.com/s/files/1/0805/4777/4752/files/DER001111_R2.jpg?v=1754285861,DER001111_R1.jpg
Bloom Luxe Diamond Stud Earrings,14 KT / Rose Gold,14K,2.8985,1.37,67851.0,50523570110752,https://cdn.shopify.com/s/files/1/0805/4777/4752/files/DER001111_R1.jpg?v=1754285861,https://cdn.shopify.com/s/files/1/0805/4777/4752/files/DER001111_R2.jpg?v=1754285861,DER001111_R1.jpg
Bloom Luxe Diamond Stud Earrings,18 KT / Rose Gold,18K,3.41,1.37,81898.0,50523570209056,https://cdn.shopify.com/s/files/1/0805/4777/4752/files/DER001111_R1.jpg?v=1754285861,https://cdn.shopify.com/s/files/1/0805/4777/4752/files/DER001111_R2.jpg?v=1754285861,DER001111_R1.jpg
The Intercept Diamond Stud Earrings,9 KT / White Gold,9K,1.53,1.42,56373.0,50728328855840,https://cdn.shopify.com/s/files/1/0805/4777/4752/files/DER001089_W1.jpg?v=1754125649,https://cdn.shopify.com/s/files/1/0805/4777/4752/files/DER001089_W2.jpg?v=1763633171,DER001089_W1.jpg
The Intercept Diamond Stud Earrings,14 KT / White Gold,14K,1.734,1.42,63468.0,50523554545952,https://cdn.shopify.com/s/files/1/0805/4777/4752/files/DER001089_W1.jpg?v=1754125649,https://cdn.shopify.com/s/files/1/0805/4777/4752/files/DER001089_W2.jpg?v=1763633171,DER001089_W1.jpg
The Intercept Diamond Stud Earrings,18 KT / White Gold,18K,2.04,1.42,71872.0,50523554644256,https://cdn.shopify.com/s/files/1/0805/4777/4752/files/DER001089_W1.jpg?v=1754125649,https://cdn.shopify.com/s/files/1/0805/4777/4752/files/DER001089_W2.jpg?v=1763633171,DER001089_W1.jpg
Curve Current Diamond Drop Earrings,9 KT / Yellow Gold,9K,3.375,1.156,56497.0,50728269906208,https://cdn.shopify.com/s/files/1/0805/4777/4752/files/DER001114_Y1.jpg?v=1754118982,https://cdn.shopify.com/s/files/1/0805/4777/4752/files/DER001114_Y2.jpg?v=1763633602,DER001114_Y1.jpg
Curve Current Diamond Drop Earrings,14 KT / Yellow Gold,14K,3.825,1.156,72148.0,50523587313952,https://cdn.shopify.com/s/files/1/0805/4777/4752/files/DER001114_Y1.jpg?v=1754118982,https://cdn.shopify.com/s/files/1/0805/4777/4752/files/DER001114_Y2.jpg?v=1763633602,DER001114_Y1.jpg
Curve Current Diamond Drop Earrings,18 KT / Yellow Gold,18K,4.5,1.156,90686.0,50523587412256,https://cdn.shopify.com/s/files/1/0805/4777/4752/files/DER001114_Y1.jpg?v=1754118982,https://cdn.shopify.com/s/files/1/0805/4777/4752/files/DER001114_Y2.jpg?v=1763633602,DER001114_Y1.jpg
Triform Spark Diamond Drop Earrings,9 KT / Yellow Gold,9K,2.775,1.346,57004.0,50728289206560,https://cdn.shopify.com/s/files/1/0805/4777/4752/files/DER001168_Y1.jpg?v=1754119143,https://cdn.shopify.com/s/files/1/0805/4777/4752/files/DER001168_Y2.jpg?v=1767696131,DER001168_Y1.jpg
Triform Spark Diamond Drop Earrings,14 KT / Yellow Gold,14K,3.145,1.346,69873.0,50523574305056,https://cdn.shopify.com/s/files/1/0805/4777/4752/files/DER001168_Y1.jpg?v=1754119143,https://cdn.shopify.com/s/files/1/0805/4777/4752/files/DER001168_Y2.jpg?v=1767696131,DER001168_Y1.jpg
Triform Spark Diamond Drop Earrings,18 KT / Yellow Gold,18K,3.7,1.346,85115.0,50523574403360,https://cdn.shopify.com/s/files/1/0805/4777/4752/files/DER001168_Y1.jpg?v=1754119143,https://cdn.shopify.com/s/files/1/0805/4777/4752/files/DER001168_Y2.jpg?v=1767696131,DER001168_Y1.jpg
Moonlit Dusk Diamond Earrings,9 KT / Yellow Gold,9K,2.775,1.09,57034.0,50730029842720,https://cdn.shopify.com/s/files/1/0805/4777/4752/files/DER000751_Y1.jpg?v=1750222905,https://cdn.shopify.com/s/files/1/0805/4777/4752/files/DER000751_Y2.jpg?v=1763632766,DER000751_Y1.jpg
Moonlit Dusk Diamond Earrings,14 KT / Yellow Gold,14K,3.145,1.09,69903.0,49509067292960,https://cdn.shopify.com/s/files/1/0805/4777/4752/files/DER000751_Y1.jpg?v=1750222905,https://cdn.shopify.com/s/files/1/0805/4777/4752/files/DER000751_Y2.jpg?v=1763632766,DER000751_Y1.jpg
Moonlit Dusk Diamond Earrings,18 KT / Yellow Gold,18K,3.7,1.09,85145.0,49848368824608,https://cdn.shopify.com/s/files/1/0805/4777/4752/files/DER000751_Y1.jpg?v=1750222905,https://cdn.shopify.com/s/files/1/0805/4777/4752/files/DER000751_Y2.jpg?v=1763632766,DER000751_Y1.jpg
Diamond Orchid Earrings,9 KT / Rose Gold,9K,3.3375,1.191,57145.0,50730041147680,https://cdn.shopify.com/s/files/1/0805/4777/4752/files/DER000741_R1.jpg?v=1750222970,https://cdn.shopify.com/s/files/1/0805/4777/4752/files/DER000741_R2.jpg?v=1750222971,DER000741_R1.jpg
Diamond Orchid Earrings,14 KT / Rose Gold,14K,3.7825,1.191,72623.0,49509062541600,https://cdn.shopify.com/s/files/1/0805/4777/4752/files/DER000741_R1.jpg?v=1750222970,https://cdn.shopify.com/s/files/1/0805/4777/4752/files/DER000741_R2.jpg?v=1750222971,DER000741_R1.jpg
Diamond Orchid Earrings,18 KT / Rose Gold,18K,4.45,1.191,90954.0,49846398910752,https://cdn.shopify.com/s/files/1/0805/4777/4752/files/DER000741_R1.jpg?v=1750222970,https://cdn.shopify.com/s/files/1/0805/4777/4752/files/DER000741_R2.jpg?v=1750222971,DER000741_R1.jpg
Radiant Blossom Diamond Earrings,9 KT / Yellow Gold,9K,1.875,1.336,57517.0,50730083811616,https://cdn.shopify.com/s/files/1/0805/4777/4752/files/DER000594_Y1.jpg?v=1750223054,https://cdn.shopify.com/s/files/1/0805/4777/4752/files/DER000594_Y2.jpg?v=1763632699,DER000594_Y1.jpg
Radiant Blossom Diamond Earrings,14 KT / Yellow Gold,14K,2.125,1.336,66212.0,49509056381216,https://cdn.shopify.com/s/files/1/0805/4777/4752/files/DER000594_Y1.jpg?v=1750223054,https://cdn.shopify.com/s/files/1/0805/4777/4752/files/DER000594_Y2.jpg?v=1763632699,DER000594_Y1.jpg
Radiant Blossom Diamond Earrings,18 KT / Yellow Gold,18K,2.5,1.336,76511.0,49848381636896,https://cdn.shopify.com/s/files/1/0805/4777/4752/files/DER000594_Y1.jpg?v=1750223054,https://cdn.shopify.com/s/files/1/0805/4777/4752/files/DER000594_Y2.jpg?v=1763632699,DER000594_Y1.jpg
Small Brylee Diamond Stud Earrings,9 KT / White Gold,9K,2.8847,1.367,57625.0,51116292276512,https://cdn.shopify.com/s/files/1/0805/4777/4752/files/MJ-NK66814E_W1.jpg?v=1769060390,https://cdn.shopify.com/s/files/1/0805/4777/4752/files/MJ-NK66814E_W2.jpg?v=1769060453,MJ-NK66814E_W1.jpg
Small Brylee Diamond Stud Earrings,14 KT / White Gold,14K,3.17,1.367,70064.0,51116292374816,https://cdn.shopify.com/s/files/1/0805/4777/4752/files/MJ-NK66814E_W1.jpg?v=1769060390,https://cdn.shopify.com/s/files/1/0805/4777/4752/files/MJ-NK66814E_W2.jpg?v=1769060453,MJ-NK66814E_W1.jpg
Small Brylee Diamond Stud Earrings,18 KT / White Gold,18K,3.804,1.367,86333.0,51116292473120,https://cdn.shopify.com/s/files/1/0805/4777/4752/files/MJ-NK66814E_W1.jpg?v=1769060390,https://cdn.shopify.com/s/files/1/0805/4777/4752/files/MJ-NK66814E_W2.jpg?v=1769060453,MJ-NK66814E_W1.jpg
Ripple Curve Diamond Drop Earrings,9 KT / White Gold,9K,3.75,1.094,57694.0,50728270561568,https://cdn.shopify.com/s/files/1/0805/4777/4752/files/DER001157_W1.jpg?v=1754289300,https://cdn.shopify.com/s/files/1/0805/4777/4752/files/DER001157_W2.jpg?v=1763634069,DER001157_W1.jpg
Ripple Curve Diamond Drop Earrings,14 KT / White Gold,14K,4.25,1.094,75084.0,50523585249568,https://cdn.shopify.com/s/files/1/0805/4777/4752/files/DER001157_W1.jpg?v=1754289300,https://cdn.shopify.com/s/files/1/0805/4777/4752/files/DER001157_W2.jpg?v=1763634069,DER001157_W1.jpg
Ripple Curve Diamond Drop Earrings,18 KT / White Gold,18K,5.0,1.094,95681.0,50523585347872,https://cdn.shopify.com/s/files/1/0805/4777/4752/files/DER001157_W1.jpg?v=1754289300,https://cdn.shopify.com/s/files/1/0805/4777/4752/files/DER001157_W2.jpg?v=1763634069,DER001157_W1.jpg
Adorable Diamond Earrings,9 KT / Rose Gold,9K,2.925,1.13,57794.0,50730632020256,https://cdn.shopify.com/s/files/1/0805/4777/4752/files/DER000354_R1.jpg?v=1751980450,https://cdn.shopify.com/s/files/1/0805/4777/4752/files/DER000354_R2.jpg?v=1751980450,DER000354_R1.jpg
Adorable Diamond Earrings,14 KT / Rose Gold,14K,3.315,1.13,71358.0,47005729325344,https://cdn.shopify.com/s/files/1/0805/4777/4752/files/DER000354_R1.jpg?v=1751980450,https://cdn.shopify.com/s/files/1/0805/4777/4752/files/DER000354_R2.jpg?v=1751980450,DER000354_R1.jpg
Adorable Diamond Earrings,18 KT / Rose Gold,18K,3.9,1.13,87424.0,49846209577248,https://cdn.shopify.com/s/files/1/0805/4777/4752/files/DER000354_R1.jpg?v=1751980450,https://cdn.shopify.com/s/files/1/0805/4777/4752/files/DER000354_R2.jpg?v=1751980450,DER000354_R1.jpg
Majestic Melody Diamond Earrings,9 KT / White Gold,9K,2.946,1.161,58094.0,50730629464352,https://cdn.shopify.com/s/files/1/0805/4777/4752/files/WER000046_W1.jpg?v=1752224069,https://cdn.shopify.com/s/files/1/0805/4777/4752/files/WER000046_W2.jpg?v=1763635175,WER000046_W1.jpg
Majestic Melody Diamond Earrings,14 KT / White Gold,14K,3.3388,1.161,71756.0,47558902776096,https://cdn.shopify.com/s/files/1/0805/4777/4752/files/WER000046_W1.jpg?v=1752224069,https://cdn.shopify.com/s/files/1/0805/4777/4752/files/WER000046_W2.jpg?v=1763635175,WER000046_W1.jpg
Majestic Melody Diamond Earrings,18 KT / White Gold,18K,3.93,1.161,87962.0,49848363483424,https://cdn.shopify.com/s/files/1/0805/4777/4752/files/WER000046_W1.jpg?v=1752224069,https://cdn.shopify.com/s/files/1/0805/4777/4752/files/WER000046_W2.jpg?v=1763635175,WER000046_W1.jpg
Glimmer Vibes Diamond Dangler Earrings,9 KT / Yellow Gold,9K,4.275,0.97,58377.0,50728445804832,https://cdn.shopify.com/s/files/1/0805/4777/4752/files/RK-RBE-004_Y1.jpg?v=1751372952,https://cdn.shopify.com/s/files/1/0805/4777/4752/files/RK-RBE-004_Y2.jpg?v=1751372952,RK-RBE-004_Y1.jpg
Glimmer Vibes Diamond Dangler Earrings,14 KT / Yellow Gold,14K,4.845,0.97,78202.0,49907314229536,https://cdn.shopify.com/s/files/1/0805/4777/4752/files/RK-RBE-004_Y1.jpg?v=1751372952,https://cdn.shopify.com/s/files/1/0805/4777/4752/files/RK-RBE-004_Y2.jpg?v=1751372952,RK-RBE-004_Y1.jpg
Glimmer Vibes Diamond Dangler Earrings,18 KT / Yellow Gold,18K,5.7,0.97,101683.0,49907314327840,https://cdn.shopify.com/s/files/1/0805/4777/4752/files/RK-RBE-004_Y1.jpg?v=1751372952,https://cdn.shopify.com/s/files/1/0805/4777/4752/files/RK-RBE-004_Y2.jpg?v=1751372952,RK-RBE-004_Y1.jpg
1 Carat Hexadic Solitaire Diamond Men's Ear Stud,9 KT / Yellow Gold,9K,2.175,1.0,58456.0,50926257832224,https://cdn.shopify.com/s/files/1/0805/4777/4752/files/KI-ERG00004-RB-100_Y1.jpg?v=1764770838,https://cdn.shopify.com/s/files/1/0805/4777/4752/files/Modelphotoin1080x1080-06.jpg?v=1764771623,KI-ERG00004-RB-100_Y1.jpg
1 Carat Hexadic Solitaire Diamond Men's Ear Stud,14 KT / Yellow Gold,14K,2.465,1.0,68543.0,50926257930528,https://cdn.shopify.com/s/files/1/0805/4777/4752/files/KI-ERG00004-RB-100_Y1.jpg?v=1764770838,https://cdn.shopify.com/s/files/1/0805/4777/4752/files/Modelphotoin1080x1080-06.jpg?v=1764771623,KI-ERG00004-RB-100_Y1.jpg
1 Carat Hexadic Solitaire Diamond Men's Ear Stud,18 KT / Yellow Gold,18K,2.9,1.0,80489.0,50926258028832,https://cdn.shopify.com/s/files/1/0805/4777/4752/files/KI-ERG00004-RB-100_Y1.jpg?v=1764770838,https://cdn.shopify.com/s/files/1/0805/4777/4752/files/Modelphotoin1080x1080-06.jpg?v=1764771623,KI-ERG00004-RB-100_Y1.jpg
Chic Merlot Fashion Diamond Dangler Earrings,9 KT / Rose Gold,9K,6.0,0.502,59006.0,50728343535904,https://cdn.shopify.com/s/files/1/0805/4777/4752/files/DER001014_R1.jpg?v=1750684286,https://cdn.shopify.com/s/files/1/0805/4777/4752/files/DER001014_R2.jpg?v=1750684286,DER001014_R1.jpg
Chic Merlot Fashion Diamond Dangler Earrings,14 KT / Rose Gold,14K,6.8,0.502,86831.0,50311327645984,https://cdn.shopify.com/s/files/1/0805/4777/4752/files/DER001014_R1.jpg?v=1750684286,https://cdn.shopify.com/s/files/1/0805/4777/4752/files/DER001014_R2.jpg?v=1750684286,DER001014_R1.jpg
Chic Merlot Fashion Diamond Dangler Earrings,18 KT / Rose Gold,18K,8.0,0.502,119787.0,50311327744288,https://cdn.shopify.com/s/files/1/0805/4777/4752/files/DER001014_R1.jpg?v=1750684286,https://cdn.shopify.com/s/files/1/0805/4777/4752/files/DER001014_R2.jpg?v=1750684286,DER001014_R1.jpg
Shine Grid Diamond Bali Earrings,9 KT / Rose Gold,9K,5.4,0.694,59567.0,50728269152544,https://cdn.shopify.com/s/files/1/0805/4777/4752/files/DER001156_R1.jpg?v=1754289246,https://cdn.shopify.com/s/files/1/0805/4777/4752/files/DER001156_R2.jpg?v=1763634065,DER001156_R1.jpg
Shine Grid Diamond Bali Earrings,14 KT / Rose Gold,14K,6.12,0.694,84609.0,50523589574944,https://cdn.shopify.com/s/files/1/0805/4777/4752/files/DER001156_R1.jpg?v=1754289246,https://cdn.shopify.com/s/files/1/0805/4777/4752/files/DER001156_R2.jpg?v=1763634065,DER001156_R1.jpg
Shine Grid Diamond Bali Earrings,18 KT / Rose Gold,18K,7.2,0.694,114269.0,50523589673248,https://cdn.shopify.com/s/files/1/0805/4777/4752/files/DER001156_R1.jpg?v=1754289246,https://cdn.shopify.com/s/files/1/0805/4777/4752/files/DER001156_R2.jpg?v=1763634065,DER001156_R1.jpg
Opal Reflection Diamond Earrings,9 KT / Yellow Gold,9K,2.55,1.28,59630.0,50730088497440,https://cdn.shopify.com/s/files/1/0805/4777/4752/files/DER000752_Y1.jpg?v=1750223075,https://cdn.shopify.com/s/files/1/0805/4777/4752/files/DER000752_Y2.jpg?v=1750223075,DER000752_Y1.jpg
Opal Reflection Diamond Earrings,14 KT / Yellow Gold,14K,2.89,1.28,71456.0,49509053759776,https://cdn.shopify.com/s/files/1/0805/4777/4752/files/DER000752_Y1.jpg?v=1750223075,https://cdn.shopify.com/s/files/1/0805/4777/4752/files/DER000752_Y2.jpg?v=1750223075,DER000752_Y1.jpg
Opal Reflection Diamond Earrings,18 KT / Yellow Gold,18K,3.4,1.28,85462.0,49848376262944,https://cdn.shopify.com/s/files/1/0805/4777/4752/files/DER000752_Y1.jpg?v=1750223075,https://cdn.shopify.com/s/files/1/0805/4777/4752/files/DER000752_Y2.jpg?v=1750223075,DER000752_Y1.jpg
Diamond Tranquil Earrings,9 KT / Yellow Gold,9K,3.525,1.046,60495.0,50730020765984,https://cdn.shopify.com/s/files/1/0805/4777/4752/files/DER000747_Y1.jpg?v=1750222841,https://cdn.shopify.com/s/files/1/0805/4777/4752/files/DER000747_Y2.jpg?v=1763632758,DER000747_Y1.jpg
Diamond Tranquil Earrings,14 KT / Yellow Gold,14K,3.995,1.046,76842.0,49509072568608,https://cdn.shopify.com/s/files/1/0805/4777/4752/files/DER000747_Y1.jpg?v=1750222841,https://cdn.shopify.com/s/files/1/0805/4777/4752/files/DER000747_Y2.jpg?v=1763632758,DER000747_Y1.jpg
Diamond Tranquil Earrings,18 KT / Yellow Gold,18K,4.7,1.046,96204.0,49846456189216,https://cdn.shopify.com/s/files/1/0805/4777/4752/files/DER000747_Y1.jpg?v=1750222841,https://cdn.shopify.com/s/files/1/0805/4777/4752/files/DER000747_Y2.jpg?v=1763632758,DER000747_Y1.jpg
Flair Twist Diamond Stud Earrings,9 KT / Rose Gold,9K,4.59,0.964,60612.0,50728270037280,https://cdn.shopify.com/s/files/1/0805/4777/4752/files/DER001094_R1.jpg?v=1754125741,https://cdn.shopify.com/s/files/1/0805/4777/4752/files/DER001094_R2.jpg?v=1763633517,DER001094_R1.jpg
Flair Twist Diamond Stud Earrings,14 KT / Rose Gold,14K,5.202,0.964,81898.0,50523586953504,https://cdn.shopify.com/s/files/1/0805/4777/4752/files/DER001094_R1.jpg?v=1754125741,https://cdn.shopify.com/s/files/1/0805/4777/4752/files/DER001094_R2.jpg?v=1763633517,DER001094_R1.jpg
Flair Twist Diamond Stud Earrings,18 KT / Rose Gold,18K,6.12,0.964,107109.0,50523587051808,https://cdn.shopify.com/s/files/1/0805/4777/4752/files/DER001094_R1.jpg?v=1754125741,https://cdn.shopify.com/s/files/1/0805/4777/4752/files/DER001094_R2.jpg?v=1763633517,DER001094_R1.jpg
Aurora Diamond Earrings,9 KT / Rose Gold,9K,4.47825,1.027,61443.0,50728240677152,https://cdn.shopify.com/s/files/1/0805/4777/4752/files/NJ-CNT0229_R1.jpg?v=1756725248,https://cdn.shopify.com/s/files/1/0805/4777/4752/files/NJ-CNT0229_R2.jpg?v=1767696606,NJ-CNT0229_R1.jpg
Aurora Diamond Earrings,14 KT / Rose Gold,14K,5.07535,1.027,82210.0,50617331351840,https://cdn.shopify.com/s/files/1/0805/4777/4752/files/NJ-CNT0229_R1.jpg?v=1756725248,https://cdn.shopify.com/s/files/1/0805/4777/4752/files/NJ-CNT0229_R2.jpg?v=1767696606,NJ-CNT0229_R1.jpg
Aurora Diamond Earrings,18 KT / Rose Gold,18K,5.97,1.027,106796.0,50617331450144,https://cdn.shopify.com/s/files/1/0805/4777/4752/files/NJ-CNT0229_R1.jpg?v=1756725248,https://cdn.shopify.com/s/files/1/0805/4777/4752/files/NJ-CNT0229_R2.jpg?v=1767696606,NJ-CNT0229_R1.jpg
Mixed Cut Eternity Diamond Hoop Earrings,9 KT / Yellow Gold,9K,5.0687,0.93,61986.0,51116292931872,https://cdn.shopify.com/s/files/1/0805/4777/4752/files/MJ-ER62927_Y1.jpg?v=1768567782,https://cdn.shopify.com/s/files/1/0805/4777/4752/files/MJ-ER62927_Y2.jpg?v=1768567782,MJ-ER62927_Y1.jpg
Mixed Cut Eternity Diamond Hoop Earrings,14 KT / Yellow Gold,14K,5.57,0.93,83841.0,51116293030176,https://cdn.shopify.com/s/files/1/0805/4777/4752/files/MJ-ER62927_Y1.jpg?v=1768567782,https://cdn.shopify.com/s/files/1/0805/4777/4752/files/MJ-ER62927_Y2.jpg?v=1768567782,MJ-ER62927_Y1.jpg
Mixed Cut Eternity Diamond Hoop Earrings,18 KT / Yellow Gold,18K,6.684,0.93,112429.0,51116293128480,https://cdn.shopify.com/s/files/1/0805/4777/4752/files/MJ-ER62927_Y1.jpg?v=1768567782,https://cdn.shopify.com/s/files/1/0805/4777/4752/files/MJ-ER62927_Y2.jpg?v=1768567782,MJ-ER62927_Y1.jpg
Side by Side Diamond Stud Earrings,9 KT / Rose Gold,9K,1.54154,1.48,62069.0,51063838245152,https://cdn.shopify.com/s/files/1/0805/4777/4752/files/KI-PD00017-E_R1.jpg?v=1766575278,https://cdn.shopify.com/s/files/1/0805/4777/4752/files/KI-PD00017-E_R2.jpg?v=1766575278,KI-PD00017-E_R1.jpg
Side by Side Diamond Stud Earrings,14 KT / Rose Gold,14K,1.69,1.48,68678.0,51063838343456,https://cdn.shopify.com/s/files/1/0805/4777/4752/files/KI-PD00017-E_R1.jpg?v=1766575278,https://cdn.shopify.com/s/files/1/0805/4777/4752/files/KI-PD00017-E_R2.jpg?v=1766575278,KI-PD00017-E_R1.jpg
Side by Side Diamond Stud Earrings,18 KT / Rose Gold,18K,2.0328,1.48,77410.0,51063838441760,https://cdn.shopify.com/s/files/1/0805/4777/4752/files/KI-PD00017-E_R1.jpg?v=1766575278,https://cdn.shopify.com/s/files/1/0805/4777/4752/files/KI-PD00017-E_R2.jpg?v=1766575278,KI-PD00017-E_R1.jpg
Regal Reflection Diamond Earrings,9 KT / Rose Gold,9K,2.55,1.324,62557.0,50730593681696,https://cdn.shopify.com/s/files/1/0805/4777/4752/files/DER000035_R1.jpg?v=1751886855,https://cdn.shopify.com/s/files/1/0805/4777/4752/files/DER000035_R2.jpg?v=1767689814,DER000035_R1.jpg
Regal Reflection Diamond Earrings,14 KT / Rose Gold,14K,2.89,1.324,74383.0,47558933283104,https://cdn.shopify.com/s/files/1/0805/4777/4752/files/DER000035_R1.jpg?v=1751886855,https://cdn.shopify.com/s/files/1/0805/4777/4752/files/DER000035_R2.jpg?v=1767689814,DER000035_R1.jpg
Regal Reflection Diamond Earrings,18 KT / Rose Gold,18K,3.4,1.324,88389.0,49848388649248,https://cdn.shopify.com/s/files/1/0805/4777/4752/files/DER000035_R1.jpg?v=1751886855,https://cdn.shopify.com/s/files/1/0805/4777/4752/files/DER000035_R2.jpg?v=1767689814,DER000035_R1.jpg
Eternal Glow Diamond Earrings,9 KT / Rose Gold,9K,2.7375,1.34,62656.0,50730021781792,https://cdn.shopify.com/s/files/1/0805/4777/4752/files/DER000743_R1.jpg?v=1750222853,https://cdn.shopify.com/s/files/1/0805/4777/4752/files/DER000743_R2.jpg?v=1750222853,DER000743_R1.jpg
Eternal Glow Diamond Earrings,14 KT / Rose Gold,14K,3.1025,1.34,75351.0,49509071159584,https://cdn.shopify.com/s/files/1/0805/4777/4752/files/DER000743_R1.jpg?v=1750222853,https://cdn.shopify.com/s/files/1/0805/4777/4752/files/DER000743_R2.jpg?v=1750222853,DER000743_R1.jpg
Eternal Glow Diamond Earrings,18 KT / Rose Gold,18K,3.65,1.34,90387.0,49846571467040,https://cdn.shopify.com/s/files/1/0805/4777/4752/files/DER000743_R1.jpg?v=1750222853,https://cdn.shopify.com/s/files/1/0805/4777/4752/files/DER000743_R2.jpg?v=1750222853,DER000743_R1.jpg
Diamond Dalliance Earrings,9 KT / Yellow Gold,9K,3.525,1.173,62816.0,50730612654368,https://cdn.shopify.com/s/files/1/0805/4777/4752/files/DER000358_Y1.jpg?v=1751977566,https://cdn.shopify.com/s/files/1/0805/4777/4752/files/DER000358_Y2.jpg?v=1751977857,DER000358_Y1.jpg
Diamond Dalliance Earrings,14 KT / Yellow Gold,14K,3.995,1.173,79163.0,47558931284256,https://cdn.shopify.com/s/files/1/0805/4777/4752/files/DER000358_Y1.jpg?v=1751977566,https://cdn.shopify.com/s/files/1/0805/4777/4752/files/DER000358_Y2.jpg?v=1751977857,DER000358_Y1.jpg
Diamond Dalliance Earrings,18 KT / Yellow Gold,18K,4.7,1.173,98525.0,49846366142752,https://cdn.shopify.com/s/files/1/0805/4777/4752/files/DER000358_Y1.jpg?v=1751977566,https://cdn.shopify.com/s/files/1/0805/4777/4752/files/DER000358_Y2.jpg?v=1751977857,DER000358_Y1.jpg
Luxe Mirage Diamond Earrings,9 KT / Yellow Gold,9K,2.7,1.3,62829.0,50730049143072,https://cdn.shopify.com/s/files/1/0805/4777/4752/files/DER000729_Y1.jpg?v=1750223016,https://cdn.shopify.com/s/files/1/0805/4777/4752/files/DER000729_Y2.jpg?v=1750223017,DER000729_Y1.jpg
Luxe Mirage Diamond Earrings,14 KT / Yellow Gold,14K,3.06,1.3,75350.0,49509059035424,https://cdn.shopify.com/s/files/1/0805/4777/4752/files/DER000729_Y1.jpg?v=1750223016,https://cdn.shopify.com/s/files/1/0805/4777/4752/files/DER000729_Y2.jpg?v=1750223017,DER000729_Y1.jpg
Luxe Mirage Diamond Earrings,18 KT / Yellow Gold,18K,3.6,1.3,90180.0,49848339530016,https://cdn.shopify.com/s/files/1/0805/4777/4752/files/DER000729_Y1.jpg?v=1750223016,https://cdn.shopify.com/s/files/1/0805/4777/4752/files/DER000729_Y2.jpg?v=1750223017,DER000729_Y1.jpg
Lustre Drops Diamond Stud Earrings,9 KT / Rose Gold,9K,3.75,1.296,63083.0,50728270987552,https://cdn.shopify.com/s/files/1/0805/4777/4752/files/DER001133_R1.jpg?v=1754287266,https://cdn.shopify.com/s/files/1/0805/4777/4752/files/DER001133_R2.jpg?v=1763633633,DER001133_R1.jpg
Lustre Drops Diamond Stud Earrings,14 KT / Rose Gold,14K,4.25,1.296,80473.0,50523584889120,https://cdn.shopify.com/s/files/1/0805/4777/4752/files/DER001133_R1.jpg?v=1754287266,https://cdn.shopify.com/s/files/1/0805/4777/4752/files/DER001133_R2.jpg?v=1763633633,DER001133_R1.jpg
Lustre Drops Diamond Stud Earrings,18 KT / Rose Gold,18K,5.0,1.296,101070.0,50523584987424,https://cdn.shopify.com/s/files/1/0805/4777/4752/files/DER001133_R1.jpg?v=1754287266,https://cdn.shopify.com/s/files/1/0805/4777/4752/files/DER001133_R2.jpg?v=1763633633,DER001133_R1.jpg
Gleaming Halo Diamond Earrings,9 KT / Rose Gold,9K,3.1875,1.235,63276.0,50730081222944,https://cdn.shopify.com/s/files/1/0805/4777/4752/files/DER000738_R1.jpg?v=1750223029,https://cdn.shopify.com/s/files/1/0805/4777/4752/files/DER000738_R2.jpg?v=1750223029,DER000738_R1.jpg
Gleaming Halo Diamond Earrings,14 KT / Rose Gold,14K,3.6125,1.235,78058.0,49509058085152,https://cdn.shopify.com/s/files/1/0805/4777/4752/files/DER000738_R1.jpg?v=1750223029,https://cdn.shopify.com/s/files/1/0805/4777/4752/files/DER000738_R2.jpg?v=1750223029,DER000738_R1.jpg
Gleaming Halo Diamond Earrings,18 KT / Rose Gold,18K,4.25,1.235,95566.0,49846577070368,https://cdn.shopify.com/s/files/1/0805/4777/4752/files/DER000738_R1.jpg?v=1750223029,https://cdn.shopify.com/s/files/1/0805/4777/4752/files/DER000738_R2.jpg?v=1750223029,DER000738_R1.jpg
Golden Essence Diamond Earrings,9 KT / Rose Gold,9K,3.75,1.312,63509.0,50730023485728,https://cdn.shopify.com/s/files/1/0805/4777/4752/files/DER000719_R1.jpg?v=1750222886,https://cdn.shopify.com/s/files/1/0805/4777/4752/files/DER000719_R2.jpg?v=1750222886,DER000719_R1.jpg
Golden Essence Diamond Earrings,14 KT / Rose Gold,14K,4.25,1.312,80900.0,49509068734752,https://cdn.shopify.com/s/files/1/0805/4777/4752/files/DER000719_R1.jpg?v=1750222886,https://cdn.shopify.com/s/files/1/0805/4777/4752/files/DER000719_R2.jpg?v=1750222886,DER000719_R1.jpg
Golden Essence Diamond Earrings,18 KT / Rose Gold,18K,5.0,1.312,101497.0,49848140595488,https://cdn.shopify.com/s/files/1/0805/4777/4752/files/DER000719_R1.jpg?v=1750222886,https://cdn.shopify.com/s/files/1/0805/4777/4752/files/DER000719_R2.jpg?v=1750222886,DER000719_R1.jpg
Timeless Tresor Diamond Earrings,9 KT / Rose Gold,9K,2.8335,1.269,63931.0,50730618454304,https://cdn.shopify.com/s/files/1/0805/4777/4752/files/DER000366_R1.jpg?v=1751981762,https://cdn.shopify.com/s/files/1/0805/4777/4752/files/DER000366_R2.jpg?v=1767692115,DER000366_R1.jpg
Timeless Tresor Diamond Earrings,14 KT / Rose Gold,14K,3.2113,1.269,77071.0,47558929023264,https://cdn.shopify.com/s/files/1/0805/4777/4752/files/DER000366_R1.jpg?v=1751981762,https://cdn.shopify.com/s/files/1/0805/4777/4752/files/DER000366_R2.jpg?v=1767692115,DER000366_R1.jpg
Timeless Tresor Diamond Earrings,18 KT / Rose Gold,18K,3.78,1.269,92659.0,49848416862496,https://cdn.shopify.com/s/files/1/0805/4777/4752/files/DER000366_R1.jpg?v=1751981762,https://cdn.shopify.com/s/files/1/0805/4777/4752/files/DER000366_R2.jpg?v=1767692115,DER000366_R1.jpg
Power Emerald Halo Stud Earrings,9 KT / White Gold,9K,2.0325,1.45,64042.0,50728342192416,https://cdn.shopify.com/s/files/1/0805/4777/4752/files/DER000411_W1_62ca219c-02b0-4967-9353-f4e79bd8e56c.jpg?v=1751543358,https://cdn.shopify.com/s/files/1/0805/4777/4752/files/DER000411_W2_94f0c9d1-c801-402a-b0bd-dfe3d5dffdc9.jpg?v=1763632652,DER000411_W1_62ca219c-02b0-4967-9353-f4e79bd8e56c.jpg
Power Emerald Halo Stud Earrings,14 KT / White Gold,14K,2.3035,1.45,73468.0,50346065527072,https://cdn.shopify.com/s/files/1/0805/4777/4752/files/DER000411_W1_62ca219c-02b0-4967-9353-f4e79bd8e56c.jpg?v=1751543358,https://cdn.shopify.com/s/files/1/0805/4777/4752/files/DER000411_W2_94f0c9d1-c801-402a-b0bd-dfe3d5dffdc9.jpg?v=1763632652,DER000411_W1_62ca219c-02b0-4967-9353-f4e79bd8e56c.jpg
Power Emerald Halo Stud Earrings,18 KT / White Gold,18K,2.71,1.45,84632.0,50346065625376,https://cdn.shopify.com/s/files/1/0805/4777/4752/files/DER000411_W1_62ca219c-02b0-4967-9353-f4e79bd8e56c.jpg?v=1751543358,https://cdn.shopify.com/s/files/1/0805/4777/4752/files/DER000411_W2_94f0c9d1-c801-402a-b0bd-dfe3d5dffdc9.jpg?v=1763632652,DER000411_W1_62ca219c-02b0-4967-9353-f4e79bd8e56c.jpg
Starry Dots Diamond Stud Earrings,9 KT / Rose Gold,9K,0.9,1.5,64160.0,51042859909408,https://cdn.shopify.com/s/files/1/0805/4777/4752/files/KI-ER00002-075_R1.jpg?v=1766399627,https://cdn.shopify.com/s/files/1/0805/4777/4752/files/KI-ER00002-075_R2.jpg?v=1766399627,KI-ER00002-075_R1.jpg
Starry Dots Diamond Stud Earrings,14 KT / Rose Gold,14K,1.02,1.5,68333.0,51042860007712,https://cdn.shopify.com/s/files/1/0805/4777/4752/files/KI-ER00002-075_R1.jpg?v=1766399627,https://cdn.shopify.com/s/files/1/0805/4777/4752/files/KI-ER00002-075_R2.jpg?v=1766399627,KI-ER00002-075_R1.jpg
Starry Dots Diamond Stud Earrings,18 KT / Rose Gold,18K,1.2,1.5,73277.0,51042860106016,https://cdn.shopify.com/s/files/1/0805/4777/4752/files/KI-ER00002-075_R1.jpg?v=1766399627,https://cdn.shopify.com/s/files/1/0805/4777/4752/files/KI-ER00002-075_R2.jpg?v=1766399627,KI-ER00002-075_R1.jpg
Sapphire Glow Diamond Earrings,9 KT / Yellow Gold,9K,3.75,1.363,64870.0,50730083909920,https://cdn.shopify.com/s/files/1/0805/4777/4752/files/DER000632_Y1.jpg?v=1750223056,https://cdn.shopify.com/s/files/1/0805/4777/4752/files/DER000632_Y2.jpg?v=1750223056,DER000632_Y1.jpg
Sapphire Glow Diamond Earrings,14 KT / Yellow Gold,14K,4.25,1.363,82260.0,49509056282912,https://cdn.shopify.com/s/files/1/0805/4777/4752/files/DER000632_Y1.jpg?v=1750223056,https://cdn.shopify.com/s/files/1/0805/4777/4752/files/DER000632_Y2.jpg?v=1750223056,DER000632_Y1.jpg
Sapphire Glow Diamond Earrings,18 KT / Yellow Gold,18K,5.0,1.363,102858.0,49848406147360,https://cdn.shopify.com/s/files/1/0805/4777/4752/files/DER000632_Y1.jpg?v=1750223056,https://cdn.shopify.com/s/files/1/0805/4777/4752/files/DER000632_Y2.jpg?v=1750223056,DER000632_Y1.jpg
Unfolded Sparkle Diamond Stud Earrings,9 KT / White Gold,9K,3.015,1.267,65715.0,50728273346848,https://cdn.shopify.com/s/files/1/0805/4777/4752/files/DER001108_W1.jpg?v=1754285771,https://cdn.shopify.com/s/files/1/0805/4777/4752/files/DER001108_W2.jpg?v=1767694098,DER001108_W1.jpg
Unfolded Sparkle Diamond Stud Earrings,14 KT / White Gold,14K,3.417,1.267,79697.0,50523577483552,https://cdn.shopify.com/s/files/1/0805/4777/4752/files/DER001108_W1.jpg?v=1754285771,https://cdn.shopify.com/s/files/1/0805/4777/4752/files/DER001108_W2.jpg?v=1767694098,DER001108_W1.jpg
Unfolded Sparkle Diamond Stud Earrings,18 KT / White Gold,18K,4.02,1.267,96257.0,50523577581856,https://cdn.shopify.com/s/files/1/0805/4777/4752/files/DER001108_W1.jpg?v=1754285771,https://cdn.shopify.com/s/files/1/0805/4777/4752/files/DER001108_W2.jpg?v=1767694098,DER001108_W1.jpg
Moonlit Charm Diamond Earrings,9 KT / Yellow Gold,9K,3.15,1.58,66097.0,50730024567072,https://cdn.shopify.com/s/files/1/0805/4777/4752/files/DER000720_Y1.jpg?v=1750222897,https://cdn.shopify.com/s/files/1/0805/4777/4752/files/DER000720_Y2.jpg?v=1750222897,DER000720_Y1.jpg
Moonlit Charm Diamond Earrings,14 KT / Yellow Gold,14K,3.57,1.58,80705.0,49509067981088,https://cdn.shopify.com/s/files/1/0805/4777/4752/files/DER000720_Y1.jpg?v=1750222897,https://cdn.shopify.com/s/files/1/0805/4777/4752/files/DER000720_Y2.jpg?v=1750222897,DER000720_Y1.jpg
Moonlit Charm Diamond Earrings,18 KT / Yellow Gold,18K,4.2,1.58,98007.0,49848368300320,https://cdn.shopify.com/s/files/1/0805/4777/4752/files/DER000720_Y1.jpg?v=1750222897,https://cdn.shopify.com/s/files/1/0805/4777/4752/files/DER000720_Y2.jpg?v=1750222897,DER000720_Y1.jpg
Diamond Ornate Earrings,9 KT / Rose Gold,9K,2.475,1.43,66111.0,50730234183968,https://cdn.shopify.com/s/files/1/0805/4777/4752/files/SER000044_R1.jpg?v=1752142958,https://cdn.shopify.com/s/files/1/0805/4777/4752/files/SER000044_R2.jpg?v=1763635119,SER000044_R1.jpg
Diamond Ornate Earrings,14 KT / Rose Gold,14K,2.805,1.43,77588.0,47558961496352,https://cdn.shopify.com/s/files/1/0805/4777/4752/files/SER000044_R1.jpg?v=1752142958,https://cdn.shopify.com/s/files/1/0805/4777/4752/files/SER000044_R2.jpg?v=1763635119,SER000044_R1.jpg
Diamond Ornate Earrings,18 KT / Rose Gold,18K,3.3,1.43,91182.0,49846403531040,https://cdn.shopify.com/s/files/1/0805/4777/4752/files/SER000044_R1.jpg?v=1752142958,https://cdn.shopify.com/s/files/1/0805/4777/4752/files/SER000044_R2.jpg?v=1763635119,SER000044_R1.jpg
Petal Trail Diamond Stud Earrings,9 KT / Yellow Gold,9K,6.18,0.73,66457.0,50728267219232,https://cdn.shopify.com/s/files/1/0805/4777/4752/files/DER001105_Y1.jpg?v=1754118953,https://cdn.shopify.com/s/files/1/0805/4777/4752/files/DER001105_Y2.jpg?v=1763633570,DER001105_Y1.jpg
Petal Trail Diamond Stud Earrings,14 KT / Yellow Gold,14K,7.004,0.73,95117.0,50523598127392,https://cdn.shopify.com/s/files/1/0805/4777/4752/files/DER001105_Y1.jpg?v=1754118953,https://cdn.shopify.com/s/files/1/0805/4777/4752/files/DER001105_Y2.jpg?v=1763633570,DER001105_Y1.jpg
Petal Trail Diamond Stud Earrings,18 KT / Yellow Gold,18K,8.24,0.73,129061.0,50523598225696,https://cdn.shopify.com/s/files/1/0805/4777/4752/files/DER001105_Y1.jpg?v=1754118953,https://cdn.shopify.com/s/files/1/0805/4777/4752/files/DER001105_Y2.jpg?v=1763633570,DER001105_Y1.jpg
UsTwo Classic Round Diamond Earrings,9 KT / White Gold,9K,1.65,1.4,66782.0,50728348254496,https://cdn.shopify.com/s/files/1/0805/4777/4752/files/SER001012-00-0.70_W1.jpg?v=1752490206,https://cdn.shopify.com/s/files/1/0805/4777/4752/files/SER001012-00-0.70_W2.jpg?v=1771239481,SER001012-00-0.70_W1.jpg
UsTwo Classic Round Diamond Earrings,14 KT / White Gold,14K,1.87,1.4,74434.0,50309691441440,https://cdn.shopify.com/s/files/1/0805/4777/4752/files/SER001012-00-0.70_W1.jpg?v=1752490206,https://cdn.shopify.com/s/files/1/0805/4777/4752/files/SER001012-00-0.70_W2.jpg?v=1771239481,SER001012-00-0.70_W1.jpg
UsTwo Classic Round Diamond Earrings,18 KT / White Gold,18K,2.2,1.4,83496.0,50309691539744,https://cdn.shopify.com/s/files/1/0805/4777/4752/files/SER001012-00-0.70_W1.jpg?v=1752490206,https://cdn.shopify.com/s/files/1/0805/4777/4752/files/SER001012-00-0.70_W2.jpg?v=1771239481,SER001012-00-0.70_W1.jpg
Regal Spark Diamond Earrings,9 KT / Rose Gold,9K,2.9625,1.676,67233.0,50730021585184,https://cdn.shopify.com/s/files/1/0805/4777/4752/files/DER000713_R1.jpg?v=1750222850,https://cdn.shopify.com/s/files/1/0805/4777/4752/files/DER000713_R2.jpg?v=1750222850,DER000713_R1.jpg
Regal Spark Diamond Earrings,14 KT / Rose Gold,14K,3.3575,1.676,80971.0,49509071421728,https://cdn.shopify.com/s/files/1/0805/4777/4752/files/DER000713_R1.jpg?v=1750222850,https://cdn.shopify.com/s/files/1/0805/4777/4752/files/DER000713_R2.jpg?v=1750222850,DER000713_R1.jpg
Regal Spark Diamond Earrings,18 KT / Rose Gold,18K,3.95,1.676,97243.0,49848396120352,https://cdn.shopify.com/s/files/1/0805/4777/4752/files/DER000713_R1.jpg?v=1750222850,https://cdn.shopify.com/s/files/1/0805/4777/4752/files/DER000713_R2.jpg?v=1750222850,DER000713_R1.jpg
Luxe Luminance Diamond Earrings,9 KT / Rose Gold,9K,3.75,1.288,67442.0,50730613834016,https://cdn.shopify.com/s/files/1/0805/4777/4752/files/DER000352_R1.jpg?v=1759473143,https://cdn.shopify.com/s/files/1/0805/4777/4752/files/DER000352_R2.jpg?v=1759473143,DER000352_R1.jpg
Luxe Luminance Diamond Earrings,14 KT / Rose Gold,14K,4.25,1.288,84833.0,47558930661664,https://cdn.shopify.com/s/files/1/0805/4777/4752/files/DER000352_R1.jpg?v=1759473143,https://cdn.shopify.com/s/files/1/0805/4777/4752/files/DER000352_R2.jpg?v=1759473143,DER000352_R1.jpg
Luxe Luminance Diamond Earrings,18 KT / Rose Gold,18K,5.0,1.288,105430.0,49848338940192,https://cdn.shopify.com/s/files/1/0805/4777/4752/files/DER000352_R1.jpg?v=1759473143,https://cdn.shopify.com/s/files/1/0805/4777/4752/files/DER000352_R2.jpg?v=1759473143,DER000352_R1.jpg
Mosaic Three Shape Diamond Stud Earrings,9 KT / Rose Gold,9K,2.7375,1.52,67458.0,51116292571424,https://cdn.shopify.com/s/files/1/0805/4777/4752/files/MJ-NK63793E_R1.jpg?v=1769668559,https://cdn.shopify.com/s/files/1/0805/4777/4752/files/MJ-NK63793E_R2.jpg?v=1769668559,MJ-NK63793E_R1.jpg
Mosaic Three Shape Diamond Stud Earrings,14 KT / Rose Gold,14K,3.1025,1.52,80153.0,51116292669728,https://cdn.shopify.com/s/files/1/0805/4777/4752/files/MJ-NK63793E_R1.jpg?v=1769668559,https://cdn.shopify.com/s/files/1/0805/4777/4752/files/MJ-NK63793E_R2.jpg?v=1769668559,MJ-NK63793E_R1.jpg
Mosaic Three Shape Diamond Stud Earrings,18 KT / Rose Gold,18K,3.65,1.52,95189.0,51116292768032,https://cdn.shopify.com/s/files/1/0805/4777/4752/files/MJ-NK63793E_R1.jpg?v=1769668559,https://cdn.shopify.com/s/files/1/0805/4777/4752/files/MJ-NK63793E_R2.jpg?v=1769668559,MJ-NK63793E_R1.jpg
Facet Flicker Diamond Stud Earrings,9 KT / Yellow Gold,9K,1.875,1.4,67609.0,50728227242272,https://cdn.shopify.com/s/files/1/0805/4777/4752/files/DER000039_Y1.jpg?v=1758087266,https://cdn.shopify.com/s/files/1/0805/4777/4752/files/DER000039_Y2.jpg?v=1767689891,DER000039_Y1.jpg
Facet Flicker Diamond Stud Earrings,14 KT / Yellow Gold,14K,2.125,1.4,76304.0,50695461437728,https://cdn.shopify.com/s/files/1/0805/4777/4752/files/DER000039_Y1.jpg?v=1758087266,https://cdn.shopify.com/s/files/1/0805/4777/4752/files/DER000039_Y2.jpg?v=1767689891,DER000039_Y1.jpg
Facet Flicker Diamond Stud Earrings,18 KT / Yellow Gold,18K,2.5,1.4,86602.0,50695461536032,https://cdn.shopify.com/s/files/1/0805/4777/4752/files/DER000039_Y1.jpg?v=1758087266,https://cdn.shopify.com/s/files/1/0805/4777/4752/files/DER000039_Y2.jpg?v=1767689891,DER000039_Y1.jpg
Twinkling Orbs Diamond Stud Earrings,9 KT / Rose Gold,9K,1.95,1.4,68179.0,50728294088992,https://cdn.shopify.com/s/files/1/0805/4777/4752/files/DER001107_R1.jpg?v=1754285738,https://cdn.shopify.com/s/files/1/0805/4777/4752/files/DER001107_R2.jpg?v=1763633577,DER001107_R1.jpg
Twinkling Orbs Diamond Stud Earrings,14 KT / Rose Gold,14K,2.21,1.4,77222.0,50523569520928,https://cdn.shopify.com/s/files/1/0805/4777/4752/files/DER001107_R1.jpg?v=1754285738,https://cdn.shopify.com/s/files/1/0805/4777/4752/files/DER001107_R2.jpg?v=1763633577,DER001107_R1.jpg
Twinkling Orbs Diamond Stud Earrings,18 KT / Rose Gold,18K,2.6,1.4,87932.0,50523569619232,https://cdn.shopify.com/s/files/1/0805/4777/4752/files/DER001107_R1.jpg?v=1754285738,https://cdn.shopify.com/s/files/1/0805/4777/4752/files/DER001107_R2.jpg?v=1763633577,DER001107_R1.jpg
Tiered Diamond Drop Earrings,9 KT / Rose Gold,9K,2.175,1.59,68860.0,50728297693472,https://cdn.shopify.com/s/files/1/0805/4777/4752/files/DER001123_R1.jpg?v=1754286776,https://cdn.shopify.com/s/files/1/0805/4777/4752/files/DER001123_R2.jpg?v=1754286776,DER001123_R1.jpg
Tiered Diamond Drop Earrings,14 KT / Rose Gold,14K,2.465,1.59,78947.0,50523563557152,https://cdn.shopify.com/s/files/1/0805/4777/4752/files/DER001123_R1.jpg?v=1754286776,https://cdn.shopify.com/s/files/1/0805/4777/4752/files/DER001123_R2.jpg?v=1754286776,DER001123_R1.jpg
Tiered Diamond Drop Earrings,18 KT / Rose Gold,18K,2.9,1.59,90893.0,50523563655456,https://cdn.shopify.com/s/files/1/0805/4777/4752/files/DER001123_R1.jpg?v=1754286776,https://cdn.shopify.com/s/files/1/0805/4777/4752/files/DER001123_R2.jpg?v=1754286776,DER001123_R1.jpg
Night-Ready Diamond Drop Earrings,9 KT / Yellow Gold,9K,0.9375,1.62,68961.0,50728340521248,https://cdn.shopify.com/s/files/1/0805/4777/4752/files/DER001096_Y1.jpg?v=1754118925,https://cdn.shopify.com/s/files/1/0805/4777/4752/files/DER001096_Y2.jpg?v=1763633524,DER001096_Y1.jpg
Night-Ready Diamond Drop Earrings,14 KT / Yellow Gold,14K,1.0625,1.62,73308.0,50523548844320,https://cdn.shopify.com/s/files/1/0805/4777/4752/files/DER001096_Y1.jpg?v=1754118925,https://cdn.shopify.com/s/files/1/0805/4777/4752/files/DER001096_Y2.jpg?v=1763633524,DER001096_Y1.jpg
Night-Ready Diamond Drop Earrings,18 KT / Yellow Gold,18K,1.25,1.62,78458.0,50523548942624,https://cdn.shopify.com/s/files/1/0805/4777/4752/files/DER001096_Y1.jpg?v=1754118925,https://cdn.shopify.com/s/files/1/0805/4777/4752/files/DER001096_Y2.jpg?v=1763633524,DER001096_Y1.jpg
Opulent Dazzle Diamond Earrings,9 KT / Rose Gold,9K,4.125,1.253,69436.0,50730593485088,https://cdn.shopify.com/s/files/1/0805/4777/4752/files/DER000363_R1.jpg?v=1751981631,https://cdn.shopify.com/s/files/1/0805/4777/4752/files/DER000363_R2.jpg?v=1763632181,DER000363_R1.jpg
Opulent Dazzle Diamond Earrings,14 KT / Rose Gold,14K,4.675,1.253,88565.0,47558935052576,https://cdn.shopify.com/s/files/1/0805/4777/4752/files/DER000363_R1.jpg?v=1751981631,https://cdn.shopify.com/s/files/1/0805/4777/4752/files/DER000363_R2.jpg?v=1763632181,DER000363_R1.jpg
Opulent Dazzle Diamond Earrings,18 KT / Rose Gold,18K,5.5,1.253,111222.0,49848376787232,https://cdn.shopify.com/s/files/1/0805/4777/4752/files/DER000363_R1.jpg?v=1751981631,https://cdn.shopify.com/s/files/1/0805/4777/4752/files/DER000363_R2.jpg?v=1763632181,DER000363_R1.jpg
Celeste Cushion Halo Stud Earrings,9 KT / Rose Gold,9K,2.775,1.45,69687.0,50728342290720,https://cdn.shopify.com/s/files/1/0805/4777/4752/files/DER000410_R1_01f45069-19d8-47e3-9aab-7ae87e4a100d.jpg?v=1751447223,https://cdn.shopify.com/s/files/1/0805/4777/4752/files/DER000410_R2_c55ae8c5-ee62-4302-96fb-2ec6eaaf6385.jpg?v=1763632647,DER000410_R1_01f45069-19d8-47e3-9aab-7ae87e4a100d.jpg
Celeste Cushion Halo Stud Earrings,14 KT / Rose Gold,14K,3.145,1.45,82556.0,50346065199392,https://cdn.shopify.com/s/files/1/0805/4777/4752/files/DER000410_R1_01f45069-19d8-47e3-9aab-7ae87e4a100d.jpg?v=1751447223,https://cdn.shopify.com/s/files/1/0805/4777/4752/files/DER000410_R2_c55ae8c5-ee62-4302-96fb-2ec6eaaf6385.jpg?v=1763632647,DER000410_R1_01f45069-19d8-47e3-9aab-7ae87e4a100d.jpg
Celeste Cushion Halo Stud Earrings,18 KT / Rose Gold,18K,3.7,1.45,97798.0,50346065297696,https://cdn.shopify.com/s/files/1/0805/4777/4752/files/DER000410_R1_01f45069-19d8-47e3-9aab-7ae87e4a100d.jpg?v=1751447223,https://cdn.shopify.com/s/files/1/0805/4777/4752/files/DER000410_R2_c55ae8c5-ee62-4302-96fb-2ec6eaaf6385.jpg?v=1763632647,DER000410_R1_01f45069-19d8-47e3-9aab-7ae87e4a100d.jpg
Mosslight Diamond Drop Earrings,9 KT / Rose Gold,9K,2.775,1.82,69912.0,50728267022624,https://cdn.shopify.com/s/files/1/0805/4777/4752/files/DER001095_R1_c9267741-3fe3-4005-aefe-fe535deec349.jpg?v=1767952457,https://cdn.shopify.com/s/files/1/0805/4777/4752/files/DER001095_R2_91200f82-ad0a-4084-aada-6612d320e7de.jpg?v=1767952430,DER001095_R1_c9267741-3fe3-4005-aefe-fe535deec349.jpg
Mosslight Diamond Drop Earrings,14 KT / Rose Gold,14K,3.145,1.82,82780.0,50523598881056,https://cdn.shopify.com/s/files/1/0805/4777/4752/files/DER001095_R1_c9267741-3fe3-4005-aefe-fe535deec349.jpg?v=1767952457,https://cdn.shopify.com/s/files/1/0805/4777/4752/files/DER001095_R2_91200f82-ad0a-4084-aada-6612d320e7de.jpg?v=1767952430,DER001095_R1_c9267741-3fe3-4005-aefe-fe535deec349.jpg
Mosslight Diamond Drop Earrings,18 KT / Rose Gold,18K,3.7,1.82,98022.0,50523598979360,https://cdn.shopify.com/s/files/1/0805/4777/4752/files/DER001095_R1_c9267741-3fe3-4005-aefe-fe535deec349.jpg?v=1767952457,https://cdn.shopify.com/s/files/1/0805/4777/4752/files/DER001095_R2_91200f82-ad0a-4084-aada-6612d320e7de.jpg?v=1767952430,DER001095_R1_c9267741-3fe3-4005-aefe-fe535deec349.jpg
Majestic Mirage Earrings,9 KT / Rose Gold,9K,3.375,1.4,70628.0,50730593583392,https://cdn.shopify.com/s/files/1/0805/4777/4752/files/SER000005_R1.jpg?v=1752142904,https://cdn.shopify.com/s/files/1/0805/4777/4752/files/SER000005_R2.jpg?v=1752142904,SER000005_R1.jpg
Majestic Mirage Earrings,14 KT / Rose Gold,14K,3.825,1.4,86279.0,47558934724896,https://cdn.shopify.com/s/files/1/0805/4777/4752/files/SER000005_R1.jpg?v=1752142904,https://cdn.shopify.com/s/files/1/0805/4777/4752/files/SER000005_R2.jpg?v=1752142904,SER000005_R1.jpg
Majestic Mirage Earrings,18 KT / Rose Gold,18K,4.5,1.4,104817.0,49848364269856,https://cdn.shopify.com/s/files/1/0805/4777/4752/files/SER000005_R1.jpg?v=1752142904,https://cdn.shopify.com/s/files/1/0805/4777/4752/files/SER000005_R2.jpg?v=1752142904,SER000005_R1.jpg
Sun Rays Diamond Earrings,9 KT / Rose Gold,9K,4.275,1.29,71487.0,50728226390304,https://cdn.shopify.com/s/files/1/0805/4777/4752/files/WER000034_R1.jpg?v=1758094386,https://cdn.shopify.com/s/files/1/0805/4777/4752/files/WER000034_R2.jpg?v=1771242491,WER000034_R1.jpg
Sun Rays Diamond Earrings,14 KT / Rose Gold,14K,4.845,1.29,91312.0,50695472316704,https://cdn.shopify.com/s/files/1/0805/4777/4752/files/WER000034_R1.jpg?v=1758094386,https://cdn.shopify.com/s/files/1/0805/4777/4752/files/WER000034_R2.jpg?v=1771242491,WER000034_R1.jpg
Sun Rays Diamond Earrings,18 KT / Rose Gold,18K,5.7,1.29,114793.0,50695472415008,https://cdn.shopify.com/s/files/1/0805/4777/4752/files/WER000034_R1.jpg?v=1758094386,https://cdn.shopify.com/s/files/1/0805/4777/4752/files/WER000034_R2.jpg?v=1771242491,WER000034_R1.jpg
Glow Diamond Studs,9 KT / Yellow Gold,9K,1.8,1.57,71573.0,50730632216864,https://cdn.shopify.com/s/files/1/0805/4777/4752/files/DER000409_Y1.jpg?v=1751375708,https://cdn.shopify.com/s/files/1/0805/4777/4752/files/DER000409_Y2.jpg?v=1763632642,DER000409_Y1.jpg
Glow Diamond Studs,14 KT / Yellow Gold,14K,2.04,1.57,79921.0,47007001248032,https://cdn.shopify.com/s/files/1/0805/4777/4752/files/DER000409_Y1.jpg?v=1751375708,https://cdn.shopify.com/s/files/1/0805/4777/4752/files/DER000409_Y2.jpg?v=1763632642,DER000409_Y1.jpg
Glow Diamond Studs,18 KT / Yellow Gold,18K,2.4,1.57,89808.0,49846582346016,https://cdn.shopify.com/s/files/1/0805/4777/4752/files/DER000409_Y1.jpg?v=1751375708,https://cdn.shopify.com/s/files/1/0805/4777/4752/files/DER000409_Y2.jpg?v=1763632642,DER000409_Y1.jpg
Royale Princess Halo Stud Earrings,9 KT / Yellow Gold,9K,1.875,1.55,71610.0,50728342389024,https://cdn.shopify.com/s/files/1/0805/4777/4752/files/DER000408_Y1_d3f4c5a0-1fc5-4805-91de-418c813a5999.jpg?v=1751543395,https://cdn.shopify.com/s/files/1/0805/4777/4752/files/DER000408_Y2_9e94f9f4-e177-4eca-8410-23fac1273c2b.jpg?v=1763632194,DER000408_Y1_d3f4c5a0-1fc5-4805-91de-418c813a5999.jpg
Royale Princess Halo Stud Earrings,14 KT / Yellow Gold,14K,2.125,1.55,80305.0,50346064970016,https://cdn.shopify.com/s/files/1/0805/4777/4752/files/DER000408_Y1_d3f4c5a0-1fc5-4805-91de-418c813a5999.jpg?v=1751543395,https://cdn.shopify.com/s/files/1/0805/4777/4752/files/DER000408_Y2_9e94f9f4-e177-4eca-8410-23fac1273c2b.jpg?v=1763632194,DER000408_Y1_d3f4c5a0-1fc5-4805-91de-418c813a5999.jpg
Royale Princess Halo Stud Earrings,18 KT / Yellow Gold,18K,2.5,1.55,90604.0,50346065068320,https://cdn.shopify.com/s/files/1/0805/4777/4752/files/DER000408_Y1_d3f4c5a0-1fc5-4805-91de-418c813a5999.jpg?v=1751543395,https://cdn.shopify.com/s/files/1/0805/4777/4752/files/DER000408_Y2_9e94f9f4-e177-4eca-8410-23fac1273c2b.jpg?v=1763632194,DER000408_Y1_d3f4c5a0-1fc5-4805-91de-418c813a5999.jpg
Dazzling Ember Diamond Earrings,9 KT / Yellow Gold,9K,2.85,1.543,71976.0,50730021388576,https://cdn.shopify.com/s/files/1/0805/4777/4752/files/DER000728_Y1.jpg?v=1750222848,https://cdn.shopify.com/s/files/1/0805/4777/4752/files/DER000728_Y2.jpg?v=1750222848,DER000728_Y1.jpg
Dazzling Ember Diamond Earrings,14 KT / Yellow Gold,14K,3.23,1.543,85193.0,49509071749408,https://cdn.shopify.com/s/files/1/0805/4777/4752/files/DER000728_Y1.jpg?v=1750222848,https://cdn.shopify.com/s/files/1/0805/4777/4752/files/DER000728_Y2.jpg?v=1750222848,DER000728_Y1.jpg
Dazzling Ember Diamond Earrings,18 KT / Yellow Gold,18K,3.8,1.543,100847.0,49846350151968,https://cdn.shopify.com/s/files/1/0805/4777/4752/files/DER000728_Y1.jpg?v=1750222848,https://cdn.shopify.com/s/files/1/0805/4777/4752/files/DER000728_Y2.jpg?v=1750222848,DER000728_Y1.jpg
Tiny Stars Diamond Stud Earrings,9 KT / Yellow Gold,9K,2.4375,2.02,72418.0,50728294449440,https://cdn.shopify.com/s/files/1/0805/4777/4752/files/DER001130_Y1.jpg?v=1754119035,https://cdn.shopify.com/s/files/1/0805/4777/4752/files/DER001130_Y2.jpg?v=1754119320,DER001130_Y1.jpg
Tiny Stars Diamond Stud Earrings,14 KT / Yellow Gold,14K,2.7625,2.02,83722.0,50523569258784,https://cdn.shopify.com/s/files/1/0805/4777/4752/files/DER001130_Y1.jpg?v=1754119035,https://cdn.shopify.com/s/files/1/0805/4777/4752/files/DER001130_Y2.jpg?v=1754119320,DER001130_Y1.jpg
Tiny Stars Diamond Stud Earrings,18 KT / Yellow Gold,18K,3.25,2.02,97110.0,50523569357088,https://cdn.shopify.com/s/files/1/0805/4777/4752/files/DER001130_Y1.jpg?v=1754119035,https://cdn.shopify.com/s/files/1/0805/4777/4752/files/DER001130_Y2.jpg?v=1754119320,DER001130_Y1.jpg
Enchante Elegance Diamond Earrings,9 KT / Yellow Gold,9K,4.05,1.39,72520.0,50730593780000,https://cdn.shopify.com/s/files/1/0805/4777/4752/files/DER000362_Y1.jpg?v=1751882475,https://cdn.shopify.com/s/files/1/0805/4777/4752/files/DER000362_Y2.jpg?v=1767691926,DER000362_Y1.jpg
Enchante Elegance Diamond Earrings,14 KT / Yellow Gold,14K,4.59,1.39,91302.0,47558931874080,https://cdn.shopify.com/s/files/1/0805/4777/4752/files/DER000362_Y1.jpg?v=1751882475,https://cdn.shopify.com/s/files/1/0805/4777/4752/files/DER000362_Y2.jpg?v=1767691926,DER000362_Y1.jpg
Enchante Elegance Diamond Earrings,18 KT / Yellow Gold,18K,5.4,1.39,113547.0,49846535553312,https://cdn.shopify.com/s/files/1/0805/4777/4752/files/DER000362_Y1.jpg?v=1751882475,https://cdn.shopify.com/s/files/1/0805/4777/4752/files/DER000362_Y2.jpg?v=1767691926,DER000362_Y1.jpg
Crystal Veil Diamond Earrings,9 KT / Yellow Gold,9K,2.8125,1.684,72556.0,50730100162848,https://cdn.shopify.com/s/files/1/0805/4777/4752/files/DER000742_Y1.jpg?v=1750223099,https://cdn.shopify.com/s/files/1/0805/4777/4752/files/DER000742_Y2.jpg?v=1750223099,DER000742_Y1.jpg
Crystal Veil Diamond Earrings,14 KT / Yellow Gold,14K,3.1875,1.684,85599.0,49509051367712,https://cdn.shopify.com/s/files/1/0805/4777/4752/files/DER000742_Y1.jpg?v=1750223099,https://cdn.shopify.com/s/files/1/0805/4777/4752/files/DER000742_Y2.jpg?v=1750223099,DER000742_Y1.jpg
Crystal Veil Diamond Earrings,18 KT / Yellow Gold,18K,3.75,1.684,101047.0,49846307684640,https://cdn.shopify.com/s/files/1/0805/4777/4752/files/DER000742_Y1.jpg?v=1750223099,https://cdn.shopify.com/s/files/1/0805/4777/4752/files/DER000742_Y2.jpg?v=1750223099,DER000742_Y1.jpg
Circular Code Diamond Bali,9 KT / Rose Gold,9K,4.23969,1.3,72559.0,51063842242848,https://cdn.shopify.com/s/files/1/0805/4777/4752/files/KI-ER00268-040_R1.jpg?v=1766574553,https://cdn.shopify.com/s/files/1/0805/4777/4752/files/KI-ER00268-040_R2.jpg?v=1766574553,KI-ER00268-040_R1.jpg
Circular Code Diamond Bali,14 KT / Rose Gold,14K,4.66,1.3,90850.0,51063842341152,https://cdn.shopify.com/s/files/1/0805/4777/4752/files/KI-ER00268-040_R1.jpg?v=1766574553,https://cdn.shopify.com/s/files/1/0805/4777/4752/files/KI-ER00268-040_R2.jpg?v=1766574553,KI-ER00268-040_R1.jpg
Circular Code Diamond Bali,18 KT / Rose Gold,18K,5.5908,1.3,114752.0,51063842439456,https://cdn.shopify.com/s/files/1/0805/4777/4752/files/KI-ER00268-040_R1.jpg?v=1766574553,https://cdn.shopify.com/s/files/1/0805/4777/4752/files/KI-ER00268-040_R2.jpg?v=1766574553,KI-ER00268-040_R1.jpg
The Prism Diamond Men's Ear Stud,9 KT / Yellow Gold,9K,1.275,1.5,72575.0,51003218559264,https://cdn.shopify.com/s/files/1/0805/4777/4752/files/KI-ERG00009_Y1.jpg?v=1764934333,https://cdn.shopify.com/s/files/1/0805/4777/4752/files/KI-ERG00009_Y2.jpg?v=1764934333,KI-ERG00009_Y1.jpg
The Prism Diamond Men's Ear Stud,14 KT / Yellow Gold,14K,1.445,1.5,78487.0,51003218657568,https://cdn.shopify.com/s/files/1/0805/4777/4752/files/KI-ERG00009_Y1.jpg?v=1764934333,https://cdn.shopify.com/s/files/1/0805/4777/4752/files/KI-ERG00009_Y2.jpg?v=1764934333,KI-ERG00009_Y1.jpg
The Prism Diamond Men's Ear Stud,18 KT / Yellow Gold,18K,1.7,1.5,85490.0,51003218755872,https://cdn.shopify.com/s/files/1/0805/4777/4752/files/KI-ERG00009_Y1.jpg?v=1764934333,https://cdn.shopify.com/s/files/1/0805/4777/4752/files/KI-ERG00009_Y2.jpg?v=1764934333,KI-ERG00009_Y1.jpg
Dazzling Decadence Diamond Earrings,9 KT / Yellow Gold,9K,4.275,1.515,72916.0,50730627563808,https://cdn.shopify.com/s/files/1/0805/4777/4752/files/WSER00025_Y1.jpg?v=1752219541,https://cdn.shopify.com/s/files/1/0805/4777/4752/files/WSER00025_Y2.jpg?v=1752219605,WSER00025_Y1.jpg
Dazzling Decadence Diamond Earrings,14 KT / Yellow Gold,14K,4.845,1.515,92741.0,47558919553312,https://cdn.shopify.com/s/files/1/0805/4777/4752/files/WSER00025_Y1.jpg?v=1752219541,https://cdn.shopify.com/s/files/1/0805/4777/4752/files/WSER00025_Y2.jpg?v=1752219605,WSER00025_Y1.jpg
Dazzling Decadence Diamond Earrings,18 KT / Yellow Gold,18K,5.7,1.515,116222.0,49846312534304,https://cdn.shopify.com/s/files/1/0805/4777/4752/files/WSER00025_Y1.jpg?v=1752219541,https://cdn.shopify.com/s/files/1/0805/4777/4752/files/WSER00025_Y2.jpg?v=1752219605,WSER00025_Y1.jpg
Crystal Blossom Diamond Earrings,9 KT / Rose Gold,9K,3.1125,1.87,73549.0,50730024370464,https://cdn.shopify.com/s/files/1/0805/4777/4752/files/DER000716_R1.jpg?v=1750222892,https://cdn.shopify.com/s/files/1/0805/4777/4752/files/DER000716_R2.jpg?v=1750222892,DER000716_R1.jpg
Crystal Blossom Diamond Earrings,14 KT / Rose Gold,14K,3.5275,1.87,87983.0,49509068177696,https://cdn.shopify.com/s/files/1/0805/4777/4752/files/DER000716_R1.jpg?v=1750222892,https://cdn.shopify.com/s/files/1/0805/4777/4752/files/DER000716_R2.jpg?v=1750222892,DER000716_R1.jpg
Crystal Blossom Diamond Earrings,18 KT / Rose Gold,18K,4.15,1.87,105078.0,49846247751968,https://cdn.shopify.com/s/files/1/0805/4777/4752/files/DER000716_R1.jpg?v=1750222892,https://cdn.shopify.com/s/files/1/0805/4777/4752/files/DER000716_R2.jpg?v=1750222892,DER000716_R1.jpg
Teardrop Diamond Stud Earrings,9 KT / Rose Gold,9K,2.18946,1.82,73986.0,51063840112928,https://cdn.shopify.com/s/files/1/0805/4777/4752/files/KI-ER00239_R1.jpg?v=1766575104,https://cdn.shopify.com/s/files/1/0805/4777/4752/files/KI-ER00239_R2.jpg?v=1766575104,KI-ER00239_R1.jpg
Teardrop Diamond Stud Earrings,14 KT / Rose Gold,14K,2.41,1.82,83464.0,51063840211232,https://cdn.shopify.com/s/files/1/0805/4777/4752/files/KI-ER00239_R1.jpg?v=1766575104,https://cdn.shopify.com/s/files/1/0805/4777/4752/files/KI-ER00239_R2.jpg?v=1766575104,KI-ER00239_R1.jpg
Teardrop Diamond Stud Earrings,18 KT / Rose Gold,18K,2.8872,1.82,95775.0,51063840309536,https://cdn.shopify.com/s/files/1/0805/4777/4752/files/KI-ER00239_R1.jpg?v=1766575104,https://cdn.shopify.com/s/files/1/0805/4777/4752/files/KI-ER00239_R2.jpg?v=1766575104,KI-ER00239_R1.jpg
Serene Symphony Diamond Earrings,9 KT / Yellow Gold,9K,3.9,1.372,74177.0,50730628088096,https://cdn.shopify.com/s/files/1/0805/4777/4752/files/WER000029_Y1.jpg?v=1752219521,https://cdn.shopify.com/s/files/1/0805/4777/4752/files/WER000029_Y2.jpg?v=1752219592,WER000029_Y1.jpg
Serene Symphony Diamond Earrings,14 KT / Yellow Gold,14K,4.42,1.372,92263.0,47558909264160,https://cdn.shopify.com/s/files/1/0805/4777/4752/files/WER000029_Y1.jpg?v=1752219521,https://cdn.shopify.com/s/files/1/0805/4777/4752/files/WER000029_Y2.jpg?v=1752219592,WER000029_Y1.jpg
Serene Symphony Diamond Earrings,18 KT / Yellow Gold,18K,5.2,1.372,113684.0,49848411717920,https://cdn.shopify.com/s/files/1/0805/4777/4752/files/WER000029_Y1.jpg?v=1752219521,https://cdn.shopify.com/s/files/1/0805/4777/4752/files/WER000029_Y2.jpg?v=1752219592,WER000029_Y1.jpg
Boxed Light Diamond Bali Earrings,9 KT / White Gold,9K,5.25,1.32,75126.0,50728269480224,https://cdn.shopify.com/s/files/1/0805/4777/4752/files/DER001163_W1.jpg?v=1754289431,https://cdn.shopify.com/s/files/1/0805/4777/4752/files/DER001163_W2.jpg?v=1763634095,DER001163_W1.jpg
Boxed Light Diamond Bali Earrings,14 KT / White Gold,14K,5.95,1.32,99473.0,50523588591904,https://cdn.shopify.com/s/files/1/0805/4777/4752/files/DER001163_W1.jpg?v=1754289431,https://cdn.shopify.com/s/files/1/0805/4777/4752/files/DER001163_W2.jpg?v=1763634095,DER001163_W1.jpg
Boxed Light Diamond Bali Earrings,18 KT / White Gold,18K,7.0,1.32,128309.0,50523588690208,https://cdn.shopify.com/s/files/1/0805/4777/4752/files/DER001163_W1.jpg?v=1754289431,https://cdn.shopify.com/s/files/1/0805/4777/4752/files/DER001163_W2.jpg?v=1763634095,DER001163_W1.jpg
Golden Dewdrop Diamond Earrings,9 KT / Rose Gold,9K,2.025,1.64,75151.0,50730045112608,https://cdn.shopify.com/s/files/1/0805/4777/4752/files/DER000606_R1.jpg?v=1750223006,https://cdn.shopify.com/s/files/1/0805/4777/4752/files/DER000606_R2.jpg?v=1750223006,DER000606_R1.jpg
Golden Dewdrop Diamond Earrings,14 KT / Rose Gold,14K,2.295,1.64,84542.0,49509059723552,https://cdn.shopify.com/s/files/1/0805/4777/4752/files/DER000606_R1.jpg?v=1750223006,https://cdn.shopify.com/s/files/1/0805/4777/4752/files/DER000606_R2.jpg?v=1750223006,DER000606_R1.jpg
Golden Dewdrop Diamond Earrings,18 KT / Rose Gold,18K,2.7,1.64,95665.0,49848139579680,https://cdn.shopify.com/s/files/1/0805/4777/4752/files/DER000606_R1.jpg?v=1750223006,https://cdn.shopify.com/s/files/1/0805/4777/4752/files/DER000606_R2.jpg?v=1750223006,DER000606_R1.jpg
Ethereal Eon Diamond Earrings,9 KT / White Gold,9K,3.82275,1.465,75232.0,50730628284704,https://cdn.shopify.com/s/files/1/0805/4777/4752/files/WER000054_W1.jpg?v=1752063482,https://cdn.shopify.com/s/files/1/0805/4777/4752/files/WER000054_W2.jpg?v=1752063482,WER000054_W1.jpg
Ethereal Eon Diamond Earrings,14 KT / White Gold,14K,4.33245,1.465,92960.0,47558907756832,https://cdn.shopify.com/s/files/1/0805/4777/4752/files/WER000054_W1.jpg?v=1752063482,https://cdn.shopify.com/s/files/1/0805/4777/4752/files/WER000054_W2.jpg?v=1752063482,WER000054_W1.jpg
Ethereal Eon Diamond Earrings,18 KT / White Gold,18K,5.1,1.465,113994.0,49846575890720,https://cdn.shopify.com/s/files/1/0805/4777/4752/files/WER000054_W1.jpg?v=1752063482,https://cdn.shopify.com/s/files/1/0805/4777/4752/files/WER000054_W2.jpg?v=1752063482,WER000054_W1.jpg
Lovestruck Heart Halo Stud Earrings,14 KT / White Gold,14K,2.1675,1.65,84575.0,50346065854752,https://cdn.shopify.com/s/files/1/0805/4777/4752/files/DER000412_W1.jpg?v=1763632658,https://cdn.shopify.com/s/files/1/0805/4777/4752/files/DER000412_R1.jpg?v=1751446013,DER000412_W1.jpg
Lovestruck Heart Halo Stud Earrings,18 KT / White Gold,18K,2.55,1.65,95080.0,50346065953056,https://cdn.shopify.com/s/files/1/0805/4777/4752/files/DER000412_W1.jpg?v=1763632658,https://cdn.shopify.com/s/files/1/0805/4777/4752/files/DER000412_R1.jpg?v=1751446013,DER000412_W1.jpg
Lovestruck Heart Halo Stud Earrings,9 KT / White Gold,9K,1.9125,1.65,75706.0,50728342126880,https://cdn.shopify.com/s/files/1/0805/4777/4752/files/DER000412_W1.jpg?v=1763632658,https://cdn.shopify.com/s/files/1/0805/4777/4752/files/DER000412_R1.jpg?v=1751446013,DER000412_W1.jpg
Eterna Eclat Diamond Bloom Earrings,9 KT / Rose Gold,9K,3.75,1.49,75880.0,50730593091872,https://cdn.shopify.com/s/files/1/0805/4777/4752/files/SER000003_R1.jpg?v=1752223240,https://cdn.shopify.com/s/files/1/0805/4777/4752/files/SER000003_R2.jpg?v=1763635114,SER000003_R1.jpg
Eterna Eclat Diamond Bloom Earrings,14 KT / Rose Gold,14K,4.25,1.49,93270.0,47558937149728,https://cdn.shopify.com/s/files/1/0805/4777/4752/files/SER000003_R1.jpg?v=1752223240,https://cdn.shopify.com/s/files/1/0805/4777/4752/files/SER000003_R2.jpg?v=1763635114,SER000003_R1.jpg
Eterna Eclat Diamond Bloom Earrings,18 KT / Rose Gold,18K,5.0,1.49,113868.0,49846559932704,https://cdn.shopify.com/s/files/1/0805/4777/4752/files/SER000003_R1.jpg?v=1752223240,https://cdn.shopify.com/s/files/1/0805/4777/4752/files/SER000003_R2.jpg?v=1763635114,SER000003_R1.jpg
Tiny Flame Diamond Stud Earrings,9 KT / Rose Gold,9K,2.172,1.62,75964.0,50728299135264,https://cdn.shopify.com/s/files/1/0805/4777/4752/files/DER001078_R1.jpg?v=1754124968,https://cdn.shopify.com/s/files/1/0805/4777/4752/files/DER001078_R2.jpg?v=1754124968,DER001078_R1.jpg
Tiny Flame Diamond Stud Earrings,14 KT / Rose Gold,14K,2.4616,1.62,86037.0,50523562541344,https://cdn.shopify.com/s/files/1/0805/4777/4752/files/DER001078_R1.jpg?v=1754124968,https://cdn.shopify.com/s/files/1/0805/4777/4752/files/DER001078_R2.jpg?v=1754124968,DER001078_R1.jpg
Tiny Flame Diamond Stud Earrings,18 KT / Rose Gold,18K,2.9,1.62,98015.0,50523562639648,https://cdn.shopify.com/s/files/1/0805/4777/4752/files/DER001078_R1.jpg?v=1754124968,https://cdn.shopify.com/s/files/1/0805/4777/4752/files/DER001078_R2.jpg?v=1754124968,DER001078_R1.jpg
Regal Resplendence Elegance Earrings,9 KT / Rose Gold,9K,7.5,0.74,76759.0,50730439082272,https://cdn.shopify.com/s/files/1/0805/4777/4752/files/DER000426_R1.jpg?v=1751981817,https://cdn.shopify.com/s/files/1/0805/4777/4752/files/DER000426_R2.jpg?v=1751981817,DER000426_R1.jpg
Regal Resplendence Elegance Earrings,14 KT / Rose Gold,14K,8.5,0.74,111540.0,47558942032160,https://cdn.shopify.com/s/files/1/0805/4777/4752/files/DER000426_R1.jpg?v=1751981817,https://cdn.shopify.com/s/files/1/0805/4777/4752/files/DER000426_R2.jpg?v=1751981817,DER000426_R1.jpg
Regal Resplendence Elegance Earrings,18 KT / Rose Gold,18K,10.0,0.74,152735.0,49848388878624,https://cdn.shopify.com/s/files/1/0805/4777/4752/files/DER000426_R1.jpg?v=1751981817,https://cdn.shopify.com/s/files/1/0805/4777/4752/files/DER000426_R2.jpg?v=1751981817,DER000426_R1.jpg
Luxe Muse Pear Halo Stud Earrings,9 KT / Rose Gold,9K,2.025,1.66,76828.0,50728342487328,https://cdn.shopify.com/s/files/1/0805/4777/4752/files/DER000407_R1_8f9ac0ac-b60d-4849-8250-d8965ff7ba64.jpg?v=1752149064,https://cdn.shopify.com/s/files/1/0805/4777/4752/files/DER000407_R2_008453d3-8769-4211-bbae-7589d216cad1.jpg?v=1763632188,DER000407_R1_8f9ac0ac-b60d-4849-8250-d8965ff7ba64.jpg
Luxe Muse Pear Halo Stud Earrings,14 KT / Rose Gold,14K,2.295,1.66,86219.0,50346064511264,https://cdn.shopify.com/s/files/1/0805/4777/4752/files/DER000407_R1_8f9ac0ac-b60d-4849-8250-d8965ff7ba64.jpg?v=1752149064,https://cdn.shopify.com/s/files/1/0805/4777/4752/files/DER000407_R2_008453d3-8769-4211-bbae-7589d216cad1.jpg?v=1763632188,DER000407_R1_8f9ac0ac-b60d-4849-8250-d8965ff7ba64.jpg
Luxe Muse Pear Halo Stud Earrings,18 KT / Rose Gold,18K,2.7,1.66,97342.0,50346064609568,https://cdn.shopify.com/s/files/1/0805/4777/4752/files/DER000407_R1_8f9ac0ac-b60d-4849-8250-d8965ff7ba64.jpg?v=1752149064,https://cdn.shopify.com/s/files/1/0805/4777/4752/files/DER000407_R2_008453d3-8769-4211-bbae-7589d216cad1.jpg?v=1763632188,DER000407_R1_8f9ac0ac-b60d-4849-8250-d8965ff7ba64.jpg
Tiny Treasures Diamond Drop Earrings,9 KT / Rose Gold,9K,1.3575,1.82,77851.0,50728339177760,https://cdn.shopify.com/s/files/1/0805/4777/4752/files/DER001091_R1.jpg?v=1754125696,https://cdn.shopify.com/s/files/1/0805/4777/4752/files/DER001091_R2.jpg?v=1763633177,DER001091_R1.jpg
Tiny Treasures Diamond Drop Earrings,14 KT / Rose Gold,14K,1.5385,1.82,84147.0,50523550351648,https://cdn.shopify.com/s/files/1/0805/4777/4752/files/DER001091_R1.jpg?v=1754125696,https://cdn.shopify.com/s/files/1/0805/4777/4752/files/DER001091_R2.jpg?v=1763633177,DER001091_R1.jpg
Tiny Treasures Diamond Drop Earrings,18 KT / Rose Gold,18K,1.81,1.82,91603.0,50523550449952,https://cdn.shopify.com/s/files/1/0805/4777/4752/files/DER001091_R1.jpg?v=1754125696,https://cdn.shopify.com/s/files/1/0805/4777/4752/files/DER001091_R2.jpg?v=1763633177,DER001091_R1.jpg
Aura Ridge Diamond Stud Earrings,9 KT / Yellow Gold,9K,4.275,1.548,78522.0,50728226554144,https://cdn.shopify.com/s/files/1/0805/4777/4752/files/DER000357_Y1.jpg?v=1758087280,https://cdn.shopify.com/s/files/1/0805/4777/4752/files/DER000357_Y2.jpg?v=1767691747,DER000357_Y1.jpg
Aura Ridge Diamond Stud Earrings,14 KT / Yellow Gold,14K,4.845,1.548,98347.0,50695462224160,https://cdn.shopify.com/s/files/1/0805/4777/4752/files/DER000357_Y1.jpg?v=1758087280,https://cdn.shopify.com/s/files/1/0805/4777/4752/files/DER000357_Y2.jpg?v=1767691747,DER000357_Y1.jpg
Aura Ridge Diamond Stud Earrings,18 KT / Yellow Gold,18K,5.7,1.548,121828.0,50695462322464,https://cdn.shopify.com/s/files/1/0805/4777/4752/files/DER000357_Y1.jpg?v=1758087280,https://cdn.shopify.com/s/files/1/0805/4777/4752/files/DER000357_Y2.jpg?v=1767691747,DER000357_Y1.jpg
Frames of Halo Diamond Stud Earrings,9 KT / White Gold,9K,2.268,1.68,78523.0,50728294744352,https://cdn.shopify.com/s/files/1/0805/4777/4752/files/DER001079_W1.jpg?v=1754125022,https://cdn.shopify.com/s/files/1/0805/4777/4752/files/DER001079_W2.jpg?v=1754125022,DER001079_W1.jpg
Frames of Halo Diamond Stud Earrings,14 KT / White Gold,14K,2.5704,1.68,89041.0,50523565392160,https://cdn.shopify.com/s/files/1/0805/4777/4752/files/DER001079_W1.jpg?v=1754125022,https://cdn.shopify.com/s/files/1/0805/4777/4752/files/DER001079_W2.jpg?v=1754125022,DER001079_W1.jpg
Frames of Halo Diamond Stud Earrings,18 KT / White Gold,18K,3.02,1.68,101450.0,50523565490464,https://cdn.shopify.com/s/files/1/0805/4777/4752/files/DER001079_W1.jpg?v=1754125022,https://cdn.shopify.com/s/files/1/0805/4777/4752/files/DER001079_W2.jpg?v=1754125022,DER001079_W1.jpg
Shining Star Diamond Earrings,9 KT / Rose Gold,9K,4.05,1.79,78542.0,50730032267552,https://cdn.shopify.com/s/files/1/0805/4777/4752/files/DER000705_R1.jpg?v=1750222909,https://cdn.shopify.com/s/files/1/0805/4777/4752/files/DER000705_R2.jpg?v=1763632710,DER000705_R1.jpg
Shining Star Diamond Earrings,14 KT / Rose Gold,14K,4.59,1.79,97323.0,49509066932512,https://cdn.shopify.com/s/files/1/0805/4777/4752/files/DER000705_R1.jpg?v=1750222909,https://cdn.shopify.com/s/files/1/0805/4777/4752/files/DER000705_R2.jpg?v=1763632710,DER000705_R1.jpg
Shining Star Diamond Earrings,18 KT / Rose Gold,18K,5.4,1.79,119568.0,49848411848992,https://cdn.shopify.com/s/files/1/0805/4777/4752/files/DER000705_R1.jpg?v=1750222909,https://cdn.shopify.com/s/files/1/0805/4777/4752/files/DER000705_R2.jpg?v=1763632710,DER000705_R1.jpg
Pure Opal Diamond Earrings,9 KT / Yellow Gold,9K,4.05,1.826,79502.0,50730021683488,https://cdn.shopify.com/s/files/1/0805/4777/4752/files/DER000703_Y1.jpg?v=1750222851,https://cdn.shopify.com/s/files/1/0805/4777/4752/files/DER000703_Y2.jpg?v=1750222851,DER000703_Y1.jpg
Pure Opal Diamond Earrings,14 KT / Yellow Gold,14K,4.59,1.826,98284.0,49509071356192,https://cdn.shopify.com/s/files/1/0805/4777/4752/files/DER000703_Y1.jpg?v=1750222851,https://cdn.shopify.com/s/files/1/0805/4777/4752/files/DER000703_Y2.jpg?v=1750222851,DER000703_Y1.jpg
Pure Opal Diamond Earrings,18 KT / Yellow Gold,18K,5.4,1.826,120529.0,49848380424480,https://cdn.shopify.com/s/files/1/0805/4777/4752/files/DER000703_Y1.jpg?v=1750222851,https://cdn.shopify.com/s/files/1/0805/4777/4752/files/DER000703_Y2.jpg?v=1750222851,DER000703_Y1.jpg
Emerald Window Diamond Stud Earrings,9 KT / Rose Gold,9K,2.22,1.7,79606.0,50728297955616,https://cdn.shopify.com/s/files/1/0805/4777/4752/files/DER001075_R1_2b0cad37-3d33-4557-8255-1539df7824a0.jpg?v=1767952231,https://cdn.shopify.com/s/files/1/0805/4777/4752/files/DER001075_R2_b8a8a61c-5f46-4b12-bf72-e1b103fa5805.jpg?v=1771239387,DER001075_R1_2b0cad37-3d33-4557-8255-1539df7824a0.jpg
Emerald Window Diamond Stud Earrings,14 KT / Rose Gold,14K,2.516,1.7,89902.0,50523562901792,https://cdn.shopify.com/s/files/1/0805/4777/4752/files/DER001075_R1_2b0cad37-3d33-4557-8255-1539df7824a0.jpg?v=1767952231,https://cdn.shopify.com/s/files/1/0805/4777/4752/files/DER001075_R2_b8a8a61c-5f46-4b12-bf72-e1b103fa5805.jpg?v=1771239387,DER001075_R1_2b0cad37-3d33-4557-8255-1539df7824a0.jpg
Emerald Window Diamond Stud Earrings,18 KT / Rose Gold,18K,2.96,1.7,102095.0,50523563000096,https://cdn.shopify.com/s/files/1/0805/4777/4752/files/DER001075_R1_2b0cad37-3d33-4557-8255-1539df7824a0.jpg?v=1767952231,https://cdn.shopify.com/s/files/1/0805/4777/4752/files/DER001075_R2_b8a8a61c-5f46-4b12-bf72-e1b103fa5805.jpg?v=1771239387,DER001075_R1_2b0cad37-3d33-4557-8255-1539df7824a0.jpg
1.5 Carat Princess Diamond Men's Ear Stud,9 KT / Yellow Gold,9K,1.575,1.5,80572.0,51003219149088,https://cdn.shopify.com/s/files/1/0805/4777/4752/files/KI-ERG00013_Y1.jpg?v=1764934191,https://cdn.shopify.com/s/files/1/0805/4777/4752/files/KI-ERG00013_Y2.jpg?v=1764934191,KI-ERG00013_Y1.jpg
1.5 Carat Princess Diamond Men's Ear Stud,14 KT / Yellow Gold,14K,1.785,1.5,87876.0,51003219247392,https://cdn.shopify.com/s/files/1/0805/4777/4752/files/KI-ERG00013_Y1.jpg?v=1764934191,https://cdn.shopify.com/s/files/1/0805/4777/4752/files/KI-ERG00013_Y2.jpg?v=1764934191,KI-ERG00013_Y1.jpg
1.5 Carat Princess Diamond Men's Ear Stud,18 KT / Yellow Gold,18K,2.1,1.5,96527.0,51003219345696,https://cdn.shopify.com/s/files/1/0805/4777/4752/files/KI-ERG00013_Y1.jpg?v=1764934191,https://cdn.shopify.com/s/files/1/0805/4777/4752/files/KI-ERG00013_Y2.jpg?v=1764934191,KI-ERG00013_Y1.jpg
Shapeshift Diamond Drop Earrings,9 KT / Rose Gold,9K,2.6775,1.82,81103.0,50728292417824,https://cdn.shopify.com/s/files/1/0805/4777/4752/files/DER001167_R1_fa628455-2363-4792-a7a0-95d0b8b681d7.jpg?v=1767952854,https://cdn.shopify.com/s/files/1/0805/4777/4752/files/DER001167_R2_3a92b61d-070b-42d4-829a-d5471e4f39bb.jpg?v=1767952854,DER001167_R1_fa628455-2363-4792-a7a0-95d0b8b681d7.jpg
Shapeshift Diamond Drop Earrings,14 KT / Rose Gold,14K,3.0345,1.82,93520.0,50523572044064,https://cdn.shopify.com/s/files/1/0805/4777/4752/files/DER001167_R1_fa628455-2363-4792-a7a0-95d0b8b681d7.jpg?v=1767952854,https://cdn.shopify.com/s/files/1/0805/4777/4752/files/DER001167_R2_3a92b61d-070b-42d4-829a-d5471e4f39bb.jpg?v=1767952854,DER001167_R1_fa628455-2363-4792-a7a0-95d0b8b681d7.jpg
Shapeshift Diamond Drop Earrings,18 KT / Rose Gold,18K,3.57,1.82,108226.0,50523572142368,https://cdn.shopify.com/s/files/1/0805/4777/4752/files/DER001167_R1_fa628455-2363-4792-a7a0-95d0b8b681d7.jpg?v=1767952854,https://cdn.shopify.com/s/files/1/0805/4777/4752/files/DER001167_R2_3a92b61d-070b-42d4-829a-d5471e4f39bb.jpg?v=1767952854,DER001167_R1_fa628455-2363-4792-a7a0-95d0b8b681d7.jpg
Lit Facet Diamond Drop Earrings,9 KT / Yellow Gold,9K,2.1,1.78,81743.0,50728331837728,https://cdn.shopify.com/s/files/1/0805/4777/4752/files/DER001138_Y1.jpg?v=1754119060,https://cdn.shopify.com/s/files/1/0805/4777/4752/files/DER001138_Y2.jpg?v=1763633656,DER001138_Y1.jpg
Lit Facet Diamond Drop Earrings,14 KT / Yellow Gold,14K,2.38,1.78,91482.0,50523553628448,https://cdn.shopify.com/s/files/1/0805/4777/4752/files/DER001138_Y1.jpg?v=1754119060,https://cdn.shopify.com/s/files/1/0805/4777/4752/files/DER001138_Y2.jpg?v=1763633656,DER001138_Y1.jpg
Lit Facet Diamond Drop Earrings,18 KT / Yellow Gold,18K,2.8,1.78,103016.0,50523553726752,https://cdn.shopify.com/s/files/1/0805/4777/4752/files/DER001138_Y1.jpg?v=1754119060,https://cdn.shopify.com/s/files/1/0805/4777/4752/files/DER001138_Y2.jpg?v=1763633656,DER001138_Y1.jpg
Eclipse Glow Oval Halo Stud Earrings,9 KT / Yellow Gold,9K,2.775,1.65,82263.0,50728340947232,https://cdn.shopify.com/s/files/1/0805/4777/4752/files/DER000414_Y1_da8d2cf1-1ca2-42d9-a824-784f8fecbf6f.jpg?v=1751543288,https://cdn.shopify.com/s/files/1/0805/4777/4752/files/DER000414_Y2_e8d4a753-7251-457e-bb9b-2a7963173f14.jpg?v=1763632670,DER000414_Y1_da8d2cf1-1ca2-42d9-a824-784f8fecbf6f.jpg
Eclipse Glow Oval Halo Stud Earrings,14 KT / Yellow Gold,14K,3.145,1.65,95132.0,50346066477344,https://cdn.shopify.com/s/files/1/0805/4777/4752/files/DER000414_Y1_da8d2cf1-1ca2-42d9-a824-784f8fecbf6f.jpg?v=1751543288,https://cdn.shopify.com/s/files/1/0805/4777/4752/files/DER000414_Y2_e8d4a753-7251-457e-bb9b-2a7963173f14.jpg?v=1763632670,DER000414_Y1_da8d2cf1-1ca2-42d9-a824-784f8fecbf6f.jpg
Eclipse Glow Oval Halo Stud Earrings,18 KT / Yellow Gold,18K,3.7,1.65,110374.0,50346066575648,https://cdn.shopify.com/s/files/1/0805/4777/4752/files/DER000414_Y1_da8d2cf1-1ca2-42d9-a824-784f8fecbf6f.jpg?v=1751543288,https://cdn.shopify.com/s/files/1/0805/4777/4752/files/DER000414_Y2_e8d4a753-7251-457e-bb9b-2a7963173f14.jpg?v=1763632670,DER000414_Y1_da8d2cf1-1ca2-42d9-a824-784f8fecbf6f.jpg
Swirl Clover Diamond Earrings,9 KT / Yellow Gold,9K,4.275,1.588,82790.0,50728226292000,https://cdn.shopify.com/s/files/1/0805/4777/4752/files/DER000001_Y1.jpg?v=1758087264,https://cdn.shopify.com/s/files/1/0805/4777/4752/files/DER000001_Y2.jpg?v=1767689737,DER000001_Y1.jpg
Swirl Clover Diamond Earrings,14 KT / Yellow Gold,14K,4.845,1.588,102615.0,50695472578848,https://cdn.shopify.com/s/files/1/0805/4777/4752/files/DER000001_Y1.jpg?v=1758087264,https://cdn.shopify.com/s/files/1/0805/4777/4752/files/DER000001_Y2.jpg?v=1767689737,DER000001_Y1.jpg
Swirl Clover Diamond Earrings,18 KT / Yellow Gold,18K,5.7,1.588,126096.0,50695472677152,https://cdn.shopify.com/s/files/1/0805/4777/4752/files/DER000001_Y1.jpg?v=1758087264,https://cdn.shopify.com/s/files/1/0805/4777/4752/files/DER000001_Y2.jpg?v=1767689737,DER000001_Y1.jpg
Crush Cuts Diamond Stud Earrings,9 KT / Yellow Gold,9K,1.782,1.92,83060.0,50728303690016,https://cdn.shopify.com/s/files/1/0805/4777/4752/files/DER001074_Y1.jpg?v=1754118844,https://cdn.shopify.com/s/files/1/0805/4777/4752/files/DER001074_Y2.jpg?v=1754119191,DER001074_Y1.jpg
Crush Cuts Diamond Stud Earrings,14 KT / Yellow Gold,14K,2.0196,1.92,91324.0,50523559592224,https://cdn.shopify.com/s/files/1/0805/4777/4752/files/DER001074_Y1.jpg?v=1754118844,https://cdn.shopify.com/s/files/1/0805/4777/4752/files/DER001074_Y2.jpg?v=1754119191,DER001074_Y1.jpg
Crush Cuts Diamond Stud Earrings,18 KT / Yellow Gold,18K,2.38,1.92,101161.0,50523559690528,https://cdn.shopify.com/s/files/1/0805/4777/4752/files/DER001074_Y1.jpg?v=1754118844,https://cdn.shopify.com/s/files/1/0805/4777/4752/files/DER001074_Y2.jpg?v=1754119191,DER001074_Y1.jpg
Pixie Points Halo Diamond Stud Earrings,9 KT / Rose Gold,9K,2.094,1.84,83527.0,50728299397408,https://cdn.shopify.com/s/files/1/0805/4777/4752/files/DER001080_R1.jpg?v=1754125063,https://cdn.shopify.com/s/files/1/0805/4777/4752/files/DER001080_R2.jpg?v=1754125063,DER001080_R1.jpg
Pixie Points Halo Diamond Stud Earrings,14 KT / Rose Gold,14K,2.3732,1.84,93237.0,50523561951520,https://cdn.shopify.com/s/files/1/0805/4777/4752/files/DER001080_R1.jpg?v=1754125063,https://cdn.shopify.com/s/files/1/0805/4777/4752/files/DER001080_R2.jpg?v=1754125063,DER001080_R1.jpg
Pixie Points Halo Diamond Stud Earrings,18 KT / Rose Gold,18K,2.79,1.84,104715.0,50523562049824,https://cdn.shopify.com/s/files/1/0805/4777/4752/files/DER001080_R1.jpg?v=1754125063,https://cdn.shopify.com/s/files/1/0805/4777/4752/files/DER001080_R2.jpg?v=1754125063,DER001080_R1.jpg
Tapered Curl Diamond Stud Earrings,9 KT / White Gold,9K,3.2325,2.21,83531.0,50728272855328,https://cdn.shopify.com/s/files/1/0805/4777/4752/files/DER001129_W1.jpg?v=1754287069,https://cdn.shopify.com/s/files/1/0805/4777/4752/files/DER001129_W2.jpg?v=1771239398,DER001129_W1.jpg
Tapered Curl Diamond Stud Earrings,14 KT / White Gold,14K,3.6635,2.21,98522.0,50523579089184,https://cdn.shopify.com/s/files/1/0805/4777/4752/files/DER001129_W1.jpg?v=1754287069,https://cdn.shopify.com/s/files/1/0805/4777/4752/files/DER001129_W2.jpg?v=1771239398,DER001129_W1.jpg
Tapered Curl Diamond Stud Earrings,18 KT / White Gold,18K,4.31,2.21,116276.0,50523579187488,https://cdn.shopify.com/s/files/1/0805/4777/4752/files/DER001129_W1.jpg?v=1754287069,https://cdn.shopify.com/s/files/1/0805/4777/4752/files/DER001129_W2.jpg?v=1771239398,DER001129_W1.jpg
Classic Glowing Diamond Drop Earrings,9 KT / Yellow Gold,9K,1.875,2.1,83564.0,50728266891552,https://cdn.shopify.com/s/files/1/0805/4777/4752/files/DER001101_Y1_4dd5ce16-f807-4268-b309-0b6f6e658980.jpg?v=1767952643,https://cdn.shopify.com/s/files/1/0805/4777/4752/files/DER001101_Y2_c7866c52-99eb-4a71-9064-3ec2c77d2087.jpg?v=1767952603,DER001101_Y1_4dd5ce16-f807-4268-b309-0b6f6e658980.jpg
Classic Glowing Diamond Drop Earrings,14 KT / Yellow Gold,14K,2.125,2.1,92259.0,50523599208736,https://cdn.shopify.com/s/files/1/0805/4777/4752/files/DER001101_Y1_4dd5ce16-f807-4268-b309-0b6f6e658980.jpg?v=1767952643,https://cdn.shopify.com/s/files/1/0805/4777/4752/files/DER001101_Y2_c7866c52-99eb-4a71-9064-3ec2c77d2087.jpg?v=1767952603,DER001101_Y1_4dd5ce16-f807-4268-b309-0b6f6e658980.jpg
Classic Glowing Diamond Drop Earrings,18 KT / Yellow Gold,18K,2.5,2.1,102558.0,50523599307040,https://cdn.shopify.com/s/files/1/0805/4777/4752/files/DER001101_Y1_4dd5ce16-f807-4268-b309-0b6f6e658980.jpg?v=1767952643,https://cdn.shopify.com/s/files/1/0805/4777/4752/files/DER001101_Y2_c7866c52-99eb-4a71-9064-3ec2c77d2087.jpg?v=1767952603,DER001101_Y1_4dd5ce16-f807-4268-b309-0b6f6e658980.jpg
Regency Radiance Diamond Earrings,9 KT / Yellow Gold,9K,4.10775,1.763,84587.0,50730627989792,https://cdn.shopify.com/s/files/1/0805/4777/4752/files/WER000075_Y1.jpg?v=1752132301,https://cdn.shopify.com/s/files/1/0805/4777/4752/files/WER000075_Y2.jpg?v=1752132410,WER000075_Y1.jpg
Regency Radiance Diamond Earrings,14 KT / Yellow Gold,14K,4.65545,1.763,103636.0,47558910083360,https://cdn.shopify.com/s/files/1/0805/4777/4752/files/WER000075_Y1.jpg?v=1752132301,https://cdn.shopify.com/s/files/1/0805/4777/4752/files/WER000075_Y2.jpg?v=1752132410,WER000075_Y1.jpg
Regency Radiance Diamond Earrings,18 KT / Yellow Gold,18K,5.48,1.763,126235.0,49848399266080,https://cdn.shopify.com/s/files/1/0805/4777/4752/files/WER000075_Y1.jpg?v=1752132301,https://cdn.shopify.com/s/files/1/0805/4777/4752/files/WER000075_Y2.jpg?v=1752132410,WER000075_Y1.jpg
Lustrous Charm Diamond Earrings,9 KT / Rose Gold,9K,4.65,1.56,84589.0,50730043965728,https://cdn.shopify.com/s/files/1/0805/4777/4752/files/DER000607_R1.jpg?v=1750222993,https://cdn.shopify.com/s/files/1/0805/4777/4752/files/DER000607_R2.jpg?v=1750222993,DER000607_R1.jpg
Lustrous Charm Diamond Earrings,14 KT / Rose Gold,14K,5.27,1.56,106153.0,49509060968736,https://cdn.shopify.com/s/files/1/0805/4777/4752/files/DER000607_R1.jpg?v=1750222993,https://cdn.shopify.com/s/files/1/0805/4777/4752/files/DER000607_R2.jpg?v=1750222993,DER000607_R1.jpg
Lustrous Charm Diamond Earrings,18 KT / Rose Gold,18K,6.2,1.56,131694.0,49848249450784,https://cdn.shopify.com/s/files/1/0805/4777/4752/files/DER000607_R1.jpg?v=1750222993,https://cdn.shopify.com/s/files/1/0805/4777/4752/files/DER000607_R2.jpg?v=1750222993,DER000607_R1.jpg
Serenade Solitaire Diamond Earrings,9 KT / Rose Gold,9K,3.44925,2.004,85781.0,50730627662112,https://cdn.shopify.com/s/files/1/0805/4777/4752/files/WSER00020_R1.jpg?v=1752064894,https://cdn.shopify.com/s/files/1/0805/4777/4752/files/WSER00020_R2.jpg?v=1752064894,WSER00020_R1.jpg
Serenade Solitaire Diamond Earrings,14 KT / Rose Gold,14K,3.90915,2.004,101777.0,47558918668576,https://cdn.shopify.com/s/files/1/0805/4777/4752/files/WSER00020_R1.jpg?v=1752064894,https://cdn.shopify.com/s/files/1/0805/4777/4752/files/WSER00020_R2.jpg?v=1752064894,WSER00020_R1.jpg
Serenade Solitaire Diamond Earrings,18 KT / Rose Gold,18K,4.6,2.004,120734.0,49848410964256,https://cdn.shopify.com/s/files/1/0805/4777/4752/files/WSER00020_R1.jpg?v=1752064894,https://cdn.shopify.com/s/files/1/0805/4777/4752/files/WSER00020_R2.jpg?v=1752064894,WSER00020_R1.jpg
Little Luxe Diamond Stud Earrings,9 KT / Yellow Gold,9K,2.007,1.92,86143.0,50728300806432,https://cdn.shopify.com/s/files/1/0805/4777/4752/files/DER001076_Y1.jpg?v=1754118852,https://cdn.shopify.com/s/files/1/0805/4777/4752/files/DER001076_Y2.jpg?v=1754119195,DER001076_Y1.jpg
Little Luxe Diamond Stud Earrings,14 KT / Yellow Gold,14K,2.2746,1.92,95450.0,50523560968480,https://cdn.shopify.com/s/files/1/0805/4777/4752/files/DER001076_Y1.jpg?v=1754118852,https://cdn.shopify.com/s/files/1/0805/4777/4752/files/DER001076_Y2.jpg?v=1754119195,DER001076_Y1.jpg
Little Luxe Diamond Stud Earrings,18 KT / Yellow Gold,18K,2.68,1.92,106522.0,50523561066784,https://cdn.shopify.com/s/files/1/0805/4777/4752/files/DER001076_Y1.jpg?v=1754118852,https://cdn.shopify.com/s/files/1/0805/4777/4752/files/DER001076_Y2.jpg?v=1754119195,DER001076_Y1.jpg
Luxe Lullaby Harmony Earrings,9 KT / Yellow Gold,9K,4.05,1.8,86430.0,50730392027424,https://cdn.shopify.com/s/files/1/0805/4777/4752/files/DER000045_Y1.jpg?v=1751977541,https://cdn.shopify.com/s/files/1/0805/4777/4752/files/DER000045_Y2.jpg?v=1767690049,DER000045_Y1.jpg
Luxe Lullaby Harmony Earrings,14 KT / Yellow Gold,14K,4.59,1.8,105212.0,47558944293152,https://cdn.shopify.com/s/files/1/0805/4777/4752/files/DER000045_Y1.jpg?v=1751977541,https://cdn.shopify.com/s/files/1/0805/4777/4752/files/DER000045_Y2.jpg?v=1767690049,DER000045_Y1.jpg
Luxe Lullaby Harmony Earrings,18 KT / Yellow Gold,18K,5.4,1.8,127457.0,49848330977568,https://cdn.shopify.com/s/files/1/0805/4777/4752/files/DER000045_Y1.jpg?v=1751977541,https://cdn.shopify.com/s/files/1/0805/4777/4752/files/DER000045_Y2.jpg?v=1767690049,DER000045_Y1.jpg
Majestic Pear Diamond Bali,9 KT / Rose Gold,9K,4.5,1.616,86696.0,51045544624416,https://cdn.shopify.com/s/files/1/0805/4777/4752/files/KI-ER00268_R1.jpg?v=1766126757,https://cdn.shopify.com/s/files/1/0805/4777/4752/files/KI-ER00268_Y1.jpg?v=1766126279,KI-ER00268_R1.jpg
Majestic Pear Diamond Bali,14 KT / Rose Gold,14K,5.1,1.616,107564.0,51045544722720,https://cdn.shopify.com/s/files/1/0805/4777/4752/files/KI-ER00268_R1.jpg?v=1766126757,https://cdn.shopify.com/s/files/1/0805/4777/4752/files/KI-ER00268_Y1.jpg?v=1766126279,KI-ER00268_R1.jpg
Majestic Pear Diamond Bali,18 KT / Rose Gold,18K,6.0,1.616,132281.0,51045544821024,https://cdn.shopify.com/s/files/1/0805/4777/4752/files/KI-ER00268_R1.jpg?v=1766126757,https://cdn.shopify.com/s/files/1/0805/4777/4752/files/KI-ER00268_Y1.jpg?v=1766126279,KI-ER00268_R1.jpg
Majestic Mirage Diamond Earrings,9 KT / Yellow Gold,9K,2.475,1.92,88329.0,50730624155936,https://cdn.shopify.com/s/files/1/0805/4777/4752/files/SER000114_Y1.jpg?v=1752058870,https://cdn.shopify.com/s/files/1/0805/4777/4752/files/SER000114_Y2.jpg?v=1763635135,SER000114_Y1.jpg
Majestic Mirage Diamond Earrings,14 KT / Yellow Gold,14K,2.805,1.92,99806.0,47558926008608,https://cdn.shopify.com/s/files/1/0805/4777/4752/files/SER000114_Y1.jpg?v=1752058870,https://cdn.shopify.com/s/files/1/0805/4777/4752/files/SER000114_Y2.jpg?v=1763635135,SER000114_Y1.jpg
Majestic Mirage Diamond Earrings,18 KT / Yellow Gold,18K,3.3,1.92,113401.0,49848363942176,https://cdn.shopify.com/s/files/1/0805/4777/4752/files/SER000114_Y1.jpg?v=1752058870,https://cdn.shopify.com/s/files/1/0805/4777/4752/files/SER000114_Y2.jpg?v=1763635135,SER000114_Y1.jpg
Mini Starlights Diamond Stud Earrings,9 KT / White Gold,9K,3.0075,2.17,88375.0,50728288616736,https://cdn.shopify.com/s/files/1/0805/4777/4752/files/DER001121_W1.jpg?v=1754286251,https://cdn.shopify.com/s/files/1/0805/4777/4752/files/DER001121_W2.jpg?v=1767695817,DER001121_W1.jpg
Mini Starlights Diamond Stud Earrings,14 KT / White Gold,14K,3.4085,2.17,102322.0,50523575615776,https://cdn.shopify.com/s/files/1/0805/4777/4752/files/DER001121_W1.jpg?v=1754286251,https://cdn.shopify.com/s/files/1/0805/4777/4752/files/DER001121_W2.jpg?v=1767695817,DER001121_W1.jpg
Mini Starlights Diamond Stud Earrings,18 KT / White Gold,18K,4.01,2.17,118842.0,50523575714080,https://cdn.shopify.com/s/files/1/0805/4777/4752/files/DER001121_W1.jpg?v=1754286251,https://cdn.shopify.com/s/files/1/0805/4777/4752/files/DER001121_W2.jpg?v=1767695817,DER001121_W1.jpg
Golden Ray Diamond Earrings,9 KT / Yellow Gold,9K,3.375,2.2,88921.0,50730042392864,https://cdn.shopify.com/s/files/1/0805/4777/4752/files/DER000748_Y1.jpg?v=1750222975,https://cdn.shopify.com/s/files/1/0805/4777/4752/files/DER000748_Y2.jpg?v=1750222975,DER000748_Y1.jpg
Golden Ray Diamond Earrings,14 KT / Yellow Gold,14K,3.825,2.2,104572.0,49509062410528,https://cdn.shopify.com/s/files/1/0805/4777/4752/files/DER000748_Y1.jpg?v=1750222975,https://cdn.shopify.com/s/files/1/0805/4777/4752/files/DER000748_Y2.jpg?v=1750222975,DER000748_Y1.jpg
Golden Ray Diamond Earrings,18 KT / Yellow Gold,18K,4.5,2.2,123110.0,49848142168352,https://cdn.shopify.com/s/files/1/0805/4777/4752/files/DER000748_Y1.jpg?v=1750222975,https://cdn.shopify.com/s/files/1/0805/4777/4752/files/DER000748_Y2.jpg?v=1750222975,DER000748_Y1.jpg
Tiny Oval Halo Diamond Stud Earrings,9 KT / White Gold,9K,2.334,1.94,89162.0,50728293990688,https://cdn.shopify.com/s/files/1/0805/4777/4752/files/DER001077_W1.jpg?v=1754124904,https://cdn.shopify.com/s/files/1/0805/4777/4752/files/DER001077_W2.jpg?v=1754124904,DER001077_W1.jpg
Tiny Oval Halo Diamond Stud Earrings,14 KT / White Gold,14K,2.6452,1.94,99986.0,50523569815840,https://cdn.shopify.com/s/files/1/0805/4777/4752/files/DER001077_W1.jpg?v=1754124904,https://cdn.shopify.com/s/files/1/0805/4777/4752/files/DER001077_W2.jpg?v=1754124904,DER001077_W1.jpg
Tiny Oval Halo Diamond Stud Earrings,18 KT / White Gold,18K,3.11,1.94,112781.0,50523569914144,https://cdn.shopify.com/s/files/1/0805/4777/4752/files/DER001077_W1.jpg?v=1754124904,https://cdn.shopify.com/s/files/1/0805/4777/4752/files/DER001077_W2.jpg?v=1754124904,DER001077_W1.jpg
Luxe Sparkle Diamond Earrings,9 KT / Yellow Gold,9K,4.125,1.875,89459.0,50730627891488,https://cdn.shopify.com/s/files/1/0805/4777/4752/files/WER000010_Y1.jpg?v=1752219513,https://cdn.shopify.com/s/files/1/0805/4777/4752/files/WER000010_Y2.jpg?v=1752219587,WER000010_Y1.jpg
Luxe Sparkle Diamond Earrings,14 KT / Yellow Gold,14K,4.675,1.875,108588.0,47558913687840,https://cdn.shopify.com/s/files/1/0805/4777/4752/files/WER000010_Y1.jpg?v=1752219513,https://cdn.shopify.com/s/files/1/0805/4777/4752/files/WER000010_Y2.jpg?v=1752219587,WER000010_Y1.jpg
Luxe Sparkle Diamond Earrings,18 KT / Yellow Gold,18K,5.5,1.875,131245.0,49848339628320,https://cdn.shopify.com/s/files/1/0805/4777/4752/files/WER000010_Y1.jpg?v=1752219513,https://cdn.shopify.com/s/files/1/0805/4777/4752/files/WER000010_Y2.jpg?v=1752219587,WER000010_Y1.jpg
Crystal Creek Diamond Drop Earrings,9 KT / Rose Gold,9K,2.025,2.02,90319.0,50728305688864,https://cdn.shopify.com/s/files/1/0805/4777/4752/files/DER001085_R1.jpg?v=1754125571,https://cdn.shopify.com/s/files/1/0805/4777/4752/files/DER001085_R2.jpg?v=1754125571,DER001085_R1.jpg
Crystal Creek Diamond Drop Earrings,14 KT / Rose Gold,14K,2.295,2.02,99710.0,50523558543648,https://cdn.shopify.com/s/files/1/0805/4777/4752/files/DER001085_R1.jpg?v=1754125571,https://cdn.shopify.com/s/files/1/0805/4777/4752/files/DER001085_R2.jpg?v=1754125571,DER001085_R1.jpg
Crystal Creek Diamond Drop Earrings,18 KT / Rose Gold,18K,2.7,2.02,110833.0,50523558641952,https://cdn.shopify.com/s/files/1/0805/4777/4752/files/DER001085_R1.jpg?v=1754125571,https://cdn.shopify.com/s/files/1/0805/4777/4752/files/DER001085_R2.jpg?v=1754125571,DER001085_R1.jpg
Opal Dreamscape Diamond Earrings,9 KT / White Gold,9K,4.275,2.228,91937.0,50730044719392,https://cdn.shopify.com/s/files/1/0805/4777/4752/files/DER000599_W1.jpg?v=1750223002,https://cdn.shopify.com/s/files/1/0805/4777/4752/files/DER000599_W2.jpg?v=1750223002,
Opal Dreamscape Diamond Earrings,14 KT / White Gold,14K,4.845,2.228,111762.0,49509060313376,https://cdn.shopify.com/s/files/1/0805/4777/4752/files/DER000599_W1.jpg?v=1750223002,https://cdn.shopify.com/s/files/1/0805/4777/4752/files/DER000599_W2.jpg?v=1750223002,
Opal Dreamscape Diamond Earrings,18 KT / White Gold,18K,5.7,2.228,135243.0,49848375378208,https://cdn.shopify.com/s/files/1/0805/4777/4752/files/DER000599_W1.jpg?v=1750223002,https://cdn.shopify.com/s/files/1/0805/4777/4752/files/DER000599_W2.jpg?v=1750223002,
Eclat Eternity Diamond Earrings,9 KT / Rose Gold,9K,2.9685,2.01,92195.0,50730628186400,https://cdn.shopify.com/s/files/1/0805/4777/4752/files/WER000021_R1.jpg?v=1752223884,https://cdn.shopify.com/s/files/1/0805/4777/4752/files/WER000021_R2.jpg?v=1752223884,WER000021_R1.jpg
Eclat Eternity Diamond Earrings,14 KT / Rose Gold,14K,3.3643,2.01,105961.0,47558908608800,https://cdn.shopify.com/s/files/1/0805/4777/4752/files/WER000021_R1.jpg?v=1752223884,https://cdn.shopify.com/s/files/1/0805/4777/4752/files/WER000021_R2.jpg?v=1752223884,WER000021_R1.jpg
Eclat Eternity Diamond Earrings,18 KT / Rose Gold,18K,3.96,2.01,122290.0,49846513271072,https://cdn.shopify.com/s/files/1/0805/4777/4752/files/WER000021_R1.jpg?v=1752223884,https://cdn.shopify.com/s/files/1/0805/4777/4752/files/WER000021_R2.jpg?v=1752223884,WER000021_R1.jpg
Glimmerstone Diamond Earrings,9 KT / Rose Gold,9K,7.0125,1.461,92287.0,50730038034720,https://cdn.shopify.com/s/files/1/0805/4777/4752/files/DER000688_R1.jpg?v=1750222954,https://cdn.shopify.com/s/files/1/0805/4777/4752/files/DER000688_R2.jpg?v=1750222954,DER000688_R1.jpg
Glimmerstone Diamond Earrings,14 KT / Rose Gold,14K,7.9475,1.461,124807.0,49509063917856,https://cdn.shopify.com/s/files/1/0805/4777/4752/files/DER000688_R1.jpg?v=1750222954,https://cdn.shopify.com/s/files/1/0805/4777/4752/files/DER000688_R2.jpg?v=1750222954,DER000688_R1.jpg
Glimmerstone Diamond Earrings,18 KT / Rose Gold,18K,9.35,1.461,163324.0,49846580314400,https://cdn.shopify.com/s/files/1/0805/4777/4752/files/DER000688_R1.jpg?v=1750222954,https://cdn.shopify.com/s/files/1/0805/4777/4752/files/DER000688_R2.jpg?v=1750222954,DER000688_R1.jpg
Whisperlight Diamond Stud Earrings,9 KT / Yellow Gold,9K,1.2,2.0,92965.0,51042862301472,https://cdn.shopify.com/s/files/1/0805/4777/4752/files/KI-ER00002-100_Y1.jpg?v=1766126270,https://cdn.shopify.com/s/files/1/0805/4777/4752/files/KI-ER00002-100_Y2.jpg?v=1766126472,KI-ER00002-100_Y1.jpg
Whisperlight Diamond Stud Earrings,14 KT / Yellow Gold,14K,1.36,2.0,98530.0,51042862399776,https://cdn.shopify.com/s/files/1/0805/4777/4752/files/KI-ER00002-100_Y1.jpg?v=1766126270,https://cdn.shopify.com/s/files/1/0805/4777/4752/files/KI-ER00002-100_Y2.jpg?v=1766126472,KI-ER00002-100_Y1.jpg
Whisperlight Diamond Stud Earrings,18 KT / Yellow Gold,18K,1.6,2.0,105121.0,51042862498080,https://cdn.shopify.com/s/files/1/0805/4777/4752/files/KI-ER00002-100_Y1.jpg?v=1766126270,https://cdn.shopify.com/s/files/1/0805/4777/4752/files/KI-ER00002-100_Y2.jpg?v=1766126472,KI-ER00002-100_Y1.jpg
Opal Mirage Diamond Earrings,9 KT / Rose Gold,9K,5.1,2.078,94207.0,50730090791200,https://cdn.shopify.com/s/files/1/0805/4777/4752/files/DER000635_R1.jpg?v=1750223093,https://cdn.shopify.com/s/files/1/0805/4777/4752/files/DER000635_R2.jpg?v=1750223093,DER000635_R1.jpg
Opal Mirage Diamond Earrings,14 KT / Rose Gold,14K,5.78,2.078,117858.0,49509051957536,https://cdn.shopify.com/s/files/1/0805/4777/4752/files/DER000635_R1.jpg?v=1750223093,https://cdn.shopify.com/s/files/1/0805/4777/4752/files/DER000635_R2.jpg?v=1750223093,DER000635_R1.jpg
Opal Mirage Diamond Earrings,18 KT / Rose Gold,18K,6.8,2.078,145870.0,49848376066336,https://cdn.shopify.com/s/files/1/0805/4777/4752/files/DER000635_R1.jpg?v=1750223093,https://cdn.shopify.com/s/files/1/0805/4777/4752/files/DER000635_R2.jpg?v=1750223093,DER000635_R1.jpg
Round Solitaire Radial Diamond Earrings,9 KT / Yellow Gold,9K,4.2,2.092,96428.0,50730302374176,https://cdn.shopify.com/s/files/1/0805/4777/4752/files/DER000364_Y1.jpg?v=1751977574,https://cdn.shopify.com/s/files/1/0805/4777/4752/files/DER000364_Y2.jpg?v=1767692018,DER000364_Y1.jpg
Round Solitaire Radial Diamond Earrings,14 KT / Yellow Gold,14K,4.76,2.092,115905.0,47558958055712,https://cdn.shopify.com/s/files/1/0805/4777/4752/files/DER000364_Y1.jpg?v=1751977574,https://cdn.shopify.com/s/files/1/0805/4777/4752/files/DER000364_Y2.jpg?v=1767692018,DER000364_Y1.jpg
Round Solitaire Radial Diamond Earrings,18 KT / Yellow Gold,18K,5.6,2.092,138974.0,49848261771552,https://cdn.shopify.com/s/files/1/0805/4777/4752/files/DER000364_Y1.jpg?v=1751977574,https://cdn.shopify.com/s/files/1/0805/4777/4752/files/DER000364_Y2.jpg?v=1767692018,DER000364_Y1.jpg
Dualite Diamond Tanmanya Earrings,9 KT / White Gold,9K,1.8495,2.42,97064.0,51063840440608,https://cdn.shopify.com/s/files/1/0805/4777/4752/files/KI-TNER00041-C_W1_5c8d6fad-09ce-488b-bd18-10affa11bbc8.jpg?v=1769504945,https://cdn.shopify.com/s/files/1/0805/4777/4752/files/KI-TNER00041-C_W2.jpg?v=1769504945,KI-TNER00041-C_W1_5c8d6fad-09ce-488b-bd18-10affa11bbc8.jpg
Dualite Diamond Tanmanya Earrings,14 KT / White Gold,14K,2.0961,2.42,105641.0,51082141106464,https://cdn.shopify.com/s/files/1/0805/4777/4752/files/KI-TNER00041-C_W1_5c8d6fad-09ce-488b-bd18-10affa11bbc8.jpg?v=1769504945,https://cdn.shopify.com/s/files/1/0805/4777/4752/files/KI-TNER00041-C_W2.jpg?v=1769504945,KI-TNER00041-C_W1_5c8d6fad-09ce-488b-bd18-10affa11bbc8.jpg
Dualite Diamond Tanmanya Earrings,18 KT / White Gold,18K,2.47,2.42,115848.0,51082141204768,https://cdn.shopify.com/s/files/1/0805/4777/4752/files/KI-TNER00041-C_W1_5c8d6fad-09ce-488b-bd18-10affa11bbc8.jpg?v=1769504945,https://cdn.shopify.com/s/files/1/0805/4777/4752/files/KI-TNER00041-C_W2.jpg?v=1769504945,KI-TNER00041-C_W1_5c8d6fad-09ce-488b-bd18-10affa11bbc8.jpg
Bowline Diamond Drop Earrings,9 KT / Yellow Gold,9K,5.0625,2.207,97363.0,50728269676832,https://cdn.shopify.com/s/files/1/0805/4777/4752/files/DER001093_Y1.jpg?v=1754118916,https://cdn.shopify.com/s/files/1/0805/4777/4752/files/DER001093_Y2.jpg?v=1763633511,DER001093_Y1.jpg
Bowline Diamond Drop Earrings,14 KT / Yellow Gold,14K,5.7375,2.207,120840.0,50523588002080,https://cdn.shopify.com/s/files/1/0805/4777/4752/files/DER001093_Y1.jpg?v=1754118916,https://cdn.shopify.com/s/files/1/0805/4777/4752/files/DER001093_Y2.jpg?v=1763633511,DER001093_Y1.jpg
Bowline Diamond Drop Earrings,18 KT / Yellow Gold,18K,6.75,2.207,148647.0,50523588100384,https://cdn.shopify.com/s/files/1/0805/4777/4752/files/DER001093_Y1.jpg?v=1754118916,https://cdn.shopify.com/s/files/1/0805/4777/4752/files/DER001093_Y2.jpg?v=1763633511,DER001093_Y1.jpg
Luxe Luminaire Diamond Earrings,9 KT / Yellow Gold,9K,1.8,2.0,97526.0,50730629857568,https://cdn.shopify.com/s/files/1/0805/4777/4752/files/SER001012-00-1.00_Y1.jpg?v=1752484201,https://cdn.shopify.com/s/files/1/0805/4777/4752/files/SER001012-00-1.00_Y2.jpg?v=1771239489,SER001012-00-1.00_Y1.jpg
Luxe Luminaire Diamond Earrings,14 KT / Yellow Gold,14K,2.04,2.0,105874.0,47558897303840,https://cdn.shopify.com/s/files/1/0805/4777/4752/files/SER001012-00-1.00_Y1.jpg?v=1752484201,https://cdn.shopify.com/s/files/1/0805/4777/4752/files/SER001012-00-1.00_Y2.jpg?v=1771239489,SER001012-00-1.00_Y1.jpg
Luxe Luminaire Diamond Earrings,18 KT / Yellow Gold,18K,2.4,2.0,115760.0,49848338645280,https://cdn.shopify.com/s/files/1/0805/4777/4752/files/SER001012-00-1.00_Y1.jpg?v=1752484201,https://cdn.shopify.com/s/files/1/0805/4777/4752/files/SER001012-00-1.00_Y2.jpg?v=1771239489,SER001012-00-1.00_Y1.jpg
Daisy Side Diamond Stud Earrings,9 KT / Yellow Gold,9K,3.7125,1.93,98232.0,50728271184160,https://cdn.shopify.com/s/files/1/0805/4777/4752/files/DER001099_Y1.jpg?v=1754118935,https://cdn.shopify.com/s/files/1/0805/4777/4752/files/DER001099_Y2.jpg?v=1763633542,DER001099_Y1.jpg
Daisy Side Diamond Stud Earrings,14 KT / Yellow Gold,14K,4.2075,1.93,115449.0,50523583447328,https://cdn.shopify.com/s/files/1/0805/4777/4752/files/DER001099_Y1.jpg?v=1754118935,https://cdn.shopify.com/s/files/1/0805/4777/4752/files/DER001099_Y2.jpg?v=1763633542,DER001099_Y1.jpg
Daisy Side Diamond Stud Earrings,18 KT / Yellow Gold,18K,4.95,1.93,135840.0,50523583545632,https://cdn.shopify.com/s/files/1/0805/4777/4752/files/DER001099_Y1.jpg?v=1754118935,https://cdn.shopify.com/s/files/1/0805/4777/4752/files/DER001099_Y2.jpg?v=1763633542,DER001099_Y1.jpg
Avea Diamond Stud Earrings,9 KT / Yellow Gold,9K,1.93102,2.02,98843.0,51063839523104,https://cdn.shopify.com/s/files/1/0805/4777/4752/files/KI-ER00003-103_Y1.jpg?v=1766753299,https://cdn.shopify.com/s/files/1/0805/4777/4752/files/KI-ER00003-103_Y2.jpg?v=1766753326,KI-ER00003-103_Y1.jpg
Avea Diamond Stud Earrings,14 KT / Yellow Gold,14K,2.12,2.02,107151.0,51063839621408,https://cdn.shopify.com/s/files/1/0805/4777/4752/files/KI-ER00003-103_Y1.jpg?v=1766753299,https://cdn.shopify.com/s/files/1/0805/4777/4752/files/KI-ER00003-103_Y2.jpg?v=1766753326,KI-ER00003-103_Y1.jpg
Avea Diamond Stud Earrings,18 KT / Yellow Gold,18K,2.5464,2.02,118061.0,51063839719712,https://cdn.shopify.com/s/files/1/0805/4777/4752/files/KI-ER00003-103_Y1.jpg?v=1766753299,https://cdn.shopify.com/s/files/1/0805/4777/4752/files/KI-ER00003-103_Y2.jpg?v=1766753326,KI-ER00003-103_Y1.jpg
Twinkle Dots Diamond Stud Earrings,9 KT / Yellow Gold,9K,1.9635,2.01,99189.0,51045544395040,https://cdn.shopify.com/s/files/1/0805/4777/4752/files/KI-ER00119-100_Y1.jpg?v=1766126276,https://cdn.shopify.com/s/files/1/0805/4777/4752/files/KI-ER00119-100_Y2.jpg?v=1766126477,KI-ER00119-100_Y1.jpg
Twinkle Dots Diamond Stud Earrings,14 KT / Yellow Gold,14K,2.2253,2.01,108294.0,51045544493344,https://cdn.shopify.com/s/files/1/0805/4777/4752/files/KI-ER00119-100_Y1.jpg?v=1766126276,https://cdn.shopify.com/s/files/1/0805/4777/4752/files/KI-ER00119-100_Y2.jpg?v=1766126477,KI-ER00119-100_Y1.jpg
Twinkle Dots Diamond Stud Earrings,18 KT / Yellow Gold,18K,2.62,2.01,119103.0,51045544591648,https://cdn.shopify.com/s/files/1/0805/4777/4752/files/KI-ER00119-100_Y1.jpg?v=1766126276,https://cdn.shopify.com/s/files/1/0805/4777/4752/files/KI-ER00119-100_Y2.jpg?v=1766126477,KI-ER00119-100_Y1.jpg
Sleek Corner Diamond Stud Earrings,9 KT / Yellow Gold,9K,2.025,2.0,99237.0,50728328560928,https://cdn.shopify.com/s/files/1/0805/4777/4752/files/DER001082_Y1.jpg?v=1754118874,https://cdn.shopify.com/s/files/1/0805/4777/4752/files/DER001082_Y2.jpg?v=1763633138,DER001082_Y1.jpg
Sleek Corner Diamond Stud Earrings,14 KT / Yellow Gold,14K,2.295,2.0,108628.0,50523554906400,https://cdn.shopify.com/s/files/1/0805/4777/4752/files/DER001082_Y1.jpg?v=1754118874,https://cdn.shopify.com/s/files/1/0805/4777/4752/files/DER001082_Y2.jpg?v=1763633138,DER001082_Y1.jpg
Sleek Corner Diamond Stud Earrings,18 KT / Yellow Gold,18K,2.7,2.0,119750.0,50523555004704,https://cdn.shopify.com/s/files/1/0805/4777/4752/files/DER001082_Y1.jpg?v=1754118874,https://cdn.shopify.com/s/files/1/0805/4777/4752/files/DER001082_Y2.jpg?v=1763633138,DER001082_Y1.jpg
Twilight Lace Diamond Earrings,9 KT / White Gold,9K,12.819,0.324,99585.0,50730019356960,https://cdn.shopify.com/s/files/1/0805/4777/4752/files/SER000213_W1.jpg?v=1754315645,https://cdn.shopify.com/s/files/1/0805/4777/4752/files/Product12_4c325e57-117d-4a80-9eee-10262f0f7636.jpg?v=1754315645,SER000213_W1.jpg
Twilight Lace Diamond Earrings,14 KT / White Gold,14K,14.5282,0.324,159032.0,49509073322272,https://cdn.shopify.com/s/files/1/0805/4777/4752/files/SER000213_W1.jpg?v=1754315645,https://cdn.shopify.com/s/files/1/0805/4777/4752/files/Product12_4c325e57-117d-4a80-9eee-10262f0f7636.jpg?v=1754315645,SER000213_W1.jpg
Twilight Lace Diamond Earrings,18 KT / White Gold,18K,17.09,0.324,229418.0,49848417911072,https://cdn.shopify.com/s/files/1/0805/4777/4752/files/SER000213_W1.jpg?v=1754315645,https://cdn.shopify.com/s/files/1/0805/4777/4752/files/Product12_4c325e57-117d-4a80-9eee-10262f0f7636.jpg?v=1754315645,SER000213_W1.jpg
Pear Solitaire Dual Halo Diamond Earrings,9 KT / Rose Gold,9K,2.424,2.338,100121.0,50760046706976,https://cdn.shopify.com/s/files/1/0805/4777/4752/files/DER000134_R1.jpg?v=1759493171,https://cdn.shopify.com/s/files/1/0805/4777/4752/files/DER000134_R2.jpg?v=1767695696,DER000134_R1.jpg
Pear Solitaire Dual Halo Diamond Earrings,14 KT / Rose Gold,14K,2.7472,2.338,111362.0,50759775715616,https://cdn.shopify.com/s/files/1/0805/4777/4752/files/DER000134_R1.jpg?v=1759493171,https://cdn.shopify.com/s/files/1/0805/4777/4752/files/DER000134_R2.jpg?v=1767695696,DER000134_R1.jpg
Pear Solitaire Dual Halo Diamond Earrings,18 KT / Rose Gold,18K,3.23,2.338,124652.0,50759775813920,https://cdn.shopify.com/s/files/1/0805/4777/4752/files/DER000134_R1.jpg?v=1759493171,https://cdn.shopify.com/s/files/1/0805/4777/4752/files/DER000134_R2.jpg?v=1767695696,DER000134_R1.jpg
Crystal Dew Diamond Earrings,9 KT / Rose Gold,9K,6.7875,1.826,100314.0,50730042917152,https://cdn.shopify.com/s/files/1/0805/4777/4752/files/DER000604_R1.jpg?v=1750222985,https://cdn.shopify.com/s/files/1/0805/4777/4752/files/DER000604_R2.jpg?v=1750222985,DER000604_R1.jpg
Crystal Dew Diamond Earrings,14 KT / Rose Gold,14K,7.6925,1.826,131790.0,49509061624096,https://cdn.shopify.com/s/files/1/0805/4777/4752/files/DER000604_R1.jpg?v=1750222985,https://cdn.shopify.com/s/files/1/0805/4777/4752/files/DER000604_R2.jpg?v=1750222985,DER000604_R1.jpg
Crystal Dew Diamond Earrings,18 KT / Rose Gold,18K,9.05,1.826,169071.0,49846252339488,https://cdn.shopify.com/s/files/1/0805/4777/4752/files/DER000604_R1.jpg?v=1750222985,https://cdn.shopify.com/s/files/1/0805/4777/4752/files/DER000604_R2.jpg?v=1750222985,DER000604_R1.jpg
Toi et Moi Pear Oval Diamond Earrings,9 KT / Yellow Gold,9K,1.275,2.482,100471.0,51045542887712,https://cdn.shopify.com/s/files/1/0805/4777/4752/files/KI-PSE00017_Y1.jpg?v=1766126424,https://cdn.shopify.com/s/files/1/0805/4777/4752/files/KI-PSE00017_Y2.jpg?v=1766126518,KI-PSE00017_Y1.jpg
Toi et Moi Pear Oval Diamond Earrings,14 KT / Yellow Gold,14K,1.445,2.482,106384.0,51045542986016,https://cdn.shopify.com/s/files/1/0805/4777/4752/files/KI-PSE00017_Y1.jpg?v=1766126424,https://cdn.shopify.com/s/files/1/0805/4777/4752/files/KI-PSE00017_Y2.jpg?v=1766126518,KI-PSE00017_Y1.jpg
Toi et Moi Pear Oval Diamond Earrings,18 KT / Yellow Gold,18K,1.7,2.482,113387.0,51045543084320,https://cdn.shopify.com/s/files/1/0805/4777/4752/files/KI-PSE00017_Y1.jpg?v=1766126424,https://cdn.shopify.com/s/files/1/0805/4777/4752/files/KI-PSE00017_Y2.jpg?v=1766126518,KI-PSE00017_Y1.jpg
Sparkle in Tassels Diamond Dangler Earrings,9 KT / Rose Gold,9K,7.12725,1.773,101483.0,51116293194016,https://cdn.shopify.com/s/files/1/0805/4777/4752/files/MJ-NK68243E_R1.jpg?v=1769060540,https://cdn.shopify.com/s/files/1/0805/4777/4752/files/MJ-NK68243E_W1.jpg?v=1769060540,MJ-NK68243E_R1.jpg
Sparkle in Tassels Diamond Dangler Earrings,14 KT / Rose Gold,14K,8.07755,1.773,134535.0,51116293292320,https://cdn.shopify.com/s/files/1/0805/4777/4752/files/MJ-NK68243E_R1.jpg?v=1769060540,https://cdn.shopify.com/s/files/1/0805/4777/4752/files/MJ-NK68243E_W1.jpg?v=1769060540,MJ-NK68243E_R1.jpg
Sparkle in Tassels Diamond Dangler Earrings,18 KT / Rose Gold,18K,9.5,1.773,173646.0,51116293390624,https://cdn.shopify.com/s/files/1/0805/4777/4752/files/MJ-NK68243E_R1.jpg?v=1769060540,https://cdn.shopify.com/s/files/1/0805/4777/4752/files/MJ-NK68243E_W1.jpg?v=1769060540,MJ-NK68243E_R1.jpg
Asymmetric Toi et Moi Diamond Stud Earrings,9 KT / Yellow Gold,9K,1.3215,2.49,101892.0,51063838900512,https://cdn.shopify.com/s/files/1/0805/4777/4752/files/KI-PD00018-E_Y1.jpg?v=1766488709,https://cdn.shopify.com/s/files/1/0805/4777/4752/files/KI-PD00018-E_Y2.jpg?v=1766488787,KI-PD00018-E_Y1.jpg
Asymmetric Toi et Moi Diamond Stud Earrings,14 KT / Yellow Gold,14K,1.4977,2.49,108020.0,51063838998816,https://cdn.shopify.com/s/files/1/0805/4777/4752/files/KI-PD00018-E_Y1.jpg?v=1766488709,https://cdn.shopify.com/s/files/1/0805/4777/4752/files/KI-PD00018-E_Y2.jpg?v=1766488787,KI-PD00018-E_Y1.jpg
Asymmetric Toi et Moi Diamond Stud Earrings,18 KT / Yellow Gold,18K,1.76,2.49,115254.0,51063839097120,https://cdn.shopify.com/s/files/1/0805/4777/4752/files/KI-PD00018-E_Y1.jpg?v=1766488709,https://cdn.shopify.com/s/files/1/0805/4777/4752/files/KI-PD00018-E_Y2.jpg?v=1766488787,KI-PD00018-E_Y1.jpg
Sweet Cuts Diamond Stud Earrings,9 KT / White Gold,9K,1.3725,2.24,104337.0,50728340128032,https://cdn.shopify.com/s/files/1/0805/4777/4752/files/DER001070_W1.jpg?v=1754124748,https://cdn.shopify.com/s/files/1/0805/4777/4752/files/DER001070_W2.jpg?v=1754124748,DER001070_W1.jpg
Sweet Cuts Diamond Stud Earrings,14 KT / White Gold,14K,1.5555,2.24,110702.0,50523549794592,https://cdn.shopify.com/s/files/1/0805/4777/4752/files/DER001070_W1.jpg?v=1754124748,https://cdn.shopify.com/s/files/1/0805/4777/4752/files/DER001070_W2.jpg?v=1754124748,DER001070_W1.jpg
Sweet Cuts Diamond Stud Earrings,18 KT / White Gold,18K,1.83,2.24,118241.0,50523549892896,https://cdn.shopify.com/s/files/1/0805/4777/4752/files/DER001070_W1.jpg?v=1754124748,https://cdn.shopify.com/s/files/1/0805/4777/4752/files/DER001070_W2.jpg?v=1754124748,DER001070_W1.jpg
Starlight Essence Diamond Earrings,9 KT / Yellow Gold,9K,5.55,2.4,106218.0,50730021290272,https://cdn.shopify.com/s/files/1/0805/4777/4752/files/SER001051_Y1.jpg?v=1750222846,https://cdn.shopify.com/s/files/1/0805/4777/4752/files/SER001051_Y2.jpg?v=1750222846,SER001051_Y1.jpg
Starlight Essence Diamond Earrings,14 KT / Yellow Gold,14K,6.29,2.4,131956.0,49509071880480,https://cdn.shopify.com/s/files/1/0805/4777/4752/files/SER001051_Y1.jpg?v=1750222846,https://cdn.shopify.com/s/files/1/0805/4777/4752/files/SER001051_Y2.jpg?v=1750222846,SER001051_Y1.jpg
Starlight Essence Diamond Earrings,18 KT / Yellow Gold,18K,7.4,2.4,162440.0,49848414765344,https://cdn.shopify.com/s/files/1/0805/4777/4752/files/SER001051_Y1.jpg?v=1750222846,https://cdn.shopify.com/s/files/1/0805/4777/4752/files/SER001051_Y2.jpg?v=1750222846,SER001051_Y1.jpg
Emerald CutLoop Diamond Bali,9 KT / Rose Gold,9K,5.268,1.93,108800.0,51063842832672,https://cdn.shopify.com/s/files/1/0805/4777/4752/files/KI-ER00267-045_R1.jpg?v=1766574085,https://cdn.shopify.com/s/files/1/0805/4777/4752/files/KI-ER00267-045_R2.jpg?v=1766574085,KI-ER00267-045_R1.jpg
Emerald CutLoop Diamond Bali,14 KT / Rose Gold,14K,5.9704,1.93,133230.0,51063842930976,https://cdn.shopify.com/s/files/1/0805/4777/4752/files/KI-ER00267-045_R1.jpg?v=1766574085,https://cdn.shopify.com/s/files/1/0805/4777/4752/files/KI-ER00267-045_R2.jpg?v=1766574085,KI-ER00267-045_R1.jpg
Emerald CutLoop Diamond Bali,18 KT / Rose Gold,18K,7.02,1.93,162117.0,51063843029280,https://cdn.shopify.com/s/files/1/0805/4777/4752/files/KI-ER00267-045_R1.jpg?v=1766574085,https://cdn.shopify.com/s/files/1/0805/4777/4752/files/KI-ER00267-045_R2.jpg?v=1766574085,KI-ER00267-045_R1.jpg
Luxe Twilight Diamond Earrings,9 KT / Rose Gold,9K,7.35,1.997,109152.0,50730022797600,https://cdn.shopify.com/s/files/1/0805/4777/4752/files/DER000673_R1.jpg?v=1750222868,https://cdn.shopify.com/s/files/1/0805/4777/4752/files/DER000673_R2.jpg?v=1750222868,DER000673_R1.jpg
Luxe Twilight Diamond Earrings,14 KT / Rose Gold,14K,8.33,1.997,143237.0,49509070569760,https://cdn.shopify.com/s/files/1/0805/4777/4752/files/DER000673_R1.jpg?v=1750222868,https://cdn.shopify.com/s/files/1/0805/4777/4752/files/DER000673_R2.jpg?v=1750222868,DER000673_R1.jpg
Luxe Twilight Diamond Earrings,18 KT / Rose Gold,18K,9.8,1.997,183608.0,49848361877792,https://cdn.shopify.com/s/files/1/0805/4777/4752/files/DER000673_R1.jpg?v=1750222868,https://cdn.shopify.com/s/files/1/0805/4777/4752/files/DER000673_R2.jpg?v=1750222868,DER000673_R1.jpg
Diamond Moonstone Earrings,9 KT / Rose Gold,9K,5.625,2.525,110123.0,50730088169760,https://cdn.shopify.com/s/files/1/0805/4777/4752/files/DER000625_R1.jpg?v=1750223069,https://cdn.shopify.com/s/files/1/0805/4777/4752/files/DER000625_R2.jpg?v=1750223069,DER000625_R1.jpg
Diamond Moonstone Earrings,14 KT / Rose Gold,14K,6.375,2.525,136209.0,49509054480672,https://cdn.shopify.com/s/files/1/0805/4777/4752/files/DER000625_R1.jpg?v=1750223069,https://cdn.shopify.com/s/files/1/0805/4777/4752/files/DER000625_R2.jpg?v=1750223069,DER000625_R1.jpg
Diamond Moonstone Earrings,18 KT / Rose Gold,18K,7.5,2.525,167105.0,49846395240736,https://cdn.shopify.com/s/files/1/0805/4777/4752/files/DER000625_R1.jpg?v=1750223069,https://cdn.shopify.com/s/files/1/0805/4777/4752/files/DER000625_R2.jpg?v=1750223069,DER000625_R1.jpg
Golden Stroke Diamond Earrings,9 KT / Yellow Gold,9K,5.0235,2.22,110828.0,51063842603296,https://cdn.shopify.com/s/files/1/0805/4777/4752/files/KI-ER00207_Y1.jpg?v=1766488581,https://cdn.shopify.com/s/files/1/0805/4777/4752/files/KI-ER00207_Y2.jpg?v=1766488739,KI-ER00207_Y1.jpg
Golden Stroke Diamond Earrings,14 KT / Yellow Gold,14K,5.6933,2.22,134125.0,51063842701600,https://cdn.shopify.com/s/files/1/0805/4777/4752/files/KI-ER00207_Y1.jpg?v=1766488581,https://cdn.shopify.com/s/files/1/0805/4777/4752/files/KI-ER00207_Y2.jpg?v=1766488739,KI-ER00207_Y1.jpg
Golden Stroke Diamond Earrings,18 KT / Yellow Gold,18K,6.7,2.22,161741.0,51063842799904,https://cdn.shopify.com/s/files/1/0805/4777/4752/files/KI-ER00207_Y1.jpg?v=1766488581,https://cdn.shopify.com/s/files/1/0805/4777/4752/files/KI-ER00207_Y2.jpg?v=1766488739,KI-ER00207_Y1.jpg
Celestia Minis Diamond Stud Earrings,9 KT / White Gold,9K,1.455,2.39,111253.0,50728339079456,https://cdn.shopify.com/s/files/1/0805/4777/4752/files/DER001063_W1.jpg?v=1754124303,https://cdn.shopify.com/s/files/1/0805/4777/4752/files/DER001063_W2.jpg?v=1754124303,DER001063_W1.jpg
Celestia Minis Diamond Stud Earrings,14 KT / White Gold,14K,1.649,2.39,118000.0,50523550646560,https://cdn.shopify.com/s/files/1/0805/4777/4752/files/DER001063_W1.jpg?v=1754124303,https://cdn.shopify.com/s/files/1/0805/4777/4752/files/DER001063_W2.jpg?v=1754124303,DER001063_W1.jpg
Celestia Minis Diamond Stud Earrings,18 KT / White Gold,18K,1.94,2.39,125992.0,50523550777632,https://cdn.shopify.com/s/files/1/0805/4777/4752/files/DER001063_W1.jpg?v=1754124303,https://cdn.shopify.com/s/files/1/0805/4777/4752/files/DER001063_W2.jpg?v=1754124303,DER001063_W1.jpg
Mystic Aurora Diamond Earrings,9 KT / Yellow Gold,9K,4.275,2.639,112047.0,50730088661280,https://cdn.shopify.com/s/files/1/0805/4777/4752/files/DER000616_Y1.jpg?v=1750223077,https://cdn.shopify.com/s/files/1/0805/4777/4752/files/DER000616_Y2.jpg?v=1750223077,DER000616_Y1.jpg
Mystic Aurora Diamond Earrings,14 KT / Yellow Gold,14K,4.845,2.639,131872.0,49509053661472,https://cdn.shopify.com/s/files/1/0805/4777/4752/files/DER000616_Y1.jpg?v=1750223077,https://cdn.shopify.com/s/files/1/0805/4777/4752/files/DER000616_Y2.jpg?v=1750223077,DER000616_Y1.jpg
Mystic Aurora Diamond Earrings,18 KT / Yellow Gold,18K,5.7,2.639,155353.0,49848369611040,https://cdn.shopify.com/s/files/1/0805/4777/4752/files/DER000616_Y1.jpg?v=1750223077,https://cdn.shopify.com/s/files/1/0805/4777/4752/files/DER000616_Y2.jpg?v=1750223077,DER000616_Y1.jpg
Petite Prism Diamond Stud Earrings,9 KT / Yellow Gold,9K,1.5675,2.39,112108.0,50728335147296,https://cdn.shopify.com/s/files/1/0805/4777/4752/files/DER001058_Y1.jpg?v=1754118794,https://cdn.shopify.com/s/files/1/0805/4777/4752/files/DER001058_Y2.jpg?v=1763633129,DER001058_Y1.jpg
Petite Prism Diamond Stud Earrings,14 KT / Yellow Gold,14K,1.7765,2.39,119377.0,50523552481568,https://cdn.shopify.com/s/files/1/0805/4777/4752/files/DER001058_Y1.jpg?v=1754118794,https://cdn.shopify.com/s/files/1/0805/4777/4752/files/DER001058_Y2.jpg?v=1763633129,DER001058_Y1.jpg
Petite Prism Diamond Stud Earrings,18 KT / Yellow Gold,18K,2.09,2.39,127987.0,50523552579872,https://cdn.shopify.com/s/files/1/0805/4777/4752/files/DER001058_Y1.jpg?v=1754118794,https://cdn.shopify.com/s/files/1/0805/4777/4752/files/DER001058_Y2.jpg?v=1763633129,DER001058_Y1.jpg
Heartlets Diamond Stud Earrings,9 KT / Yellow Gold,9K,1.4205,2.43,112667.0,50728328298784,https://cdn.shopify.com/s/files/1/0805/4777/4752/files/DER001066_Y1.jpg?v=1754118820,https://cdn.shopify.com/s/files/1/0805/4777/4752/files/DER001066_Y2.jpg?v=1754119176,DER001066_Y1.jpg
Heartlets Diamond Stud Earrings,14 KT / Yellow Gold,14K,1.6099,2.43,119255.0,50523555201312,https://cdn.shopify.com/s/files/1/0805/4777/4752/files/DER001066_Y1.jpg?v=1754118820,https://cdn.shopify.com/s/files/1/0805/4777/4752/files/DER001066_Y2.jpg?v=1754119176,DER001066_Y1.jpg
Heartlets Diamond Stud Earrings,18 KT / Yellow Gold,18K,1.89,2.43,127008.0,50523555299616,https://cdn.shopify.com/s/files/1/0805/4777/4752/files/DER001066_Y1.jpg?v=1754118820,https://cdn.shopify.com/s/files/1/0805/4777/4752/files/DER001066_Y2.jpg?v=1754119176,DER001066_Y1.jpg
Crown Corners Diamond Stud Earrings,9 KT / Rose Gold,9K,3.825,2.56,113379.0,50728270233888,https://cdn.shopify.com/s/files/1/0805/4777/4752/files/DER001102_R1.jpg?v=1754126332,https://cdn.shopify.com/s/files/1/0805/4777/4752/files/DER001102_R2.jpg?v=1763633554,DER001102_R1.jpg
Crown Corners Diamond Stud Earrings,14 KT / Rose Gold,14K,4.335,2.56,131117.0,50523586298144,https://cdn.shopify.com/s/files/1/0805/4777/4752/files/DER001102_R1.jpg?v=1754126332,https://cdn.shopify.com/s/files/1/0805/4777/4752/files/DER001102_R2.jpg?v=1763633554,DER001102_R1.jpg
Crown Corners Diamond Stud Earrings,18 KT / Rose Gold,18K,5.1,2.56,152126.0,50523586396448,https://cdn.shopify.com/s/files/1/0805/4777/4752/files/DER001102_R1.jpg?v=1754126332,https://cdn.shopify.com/s/files/1/0805/4777/4752/files/DER001102_R2.jpg?v=1763633554,DER001102_R1.jpg
Diamond Verse Diamond Earrings,9 KT / Yellow Gold,9K,1.26,2.57,117316.0,50728340324640,https://cdn.shopify.com/s/files/1/0805/4777/4752/files/DER001069_Y1.jpg?v=1754118829,https://cdn.shopify.com/s/files/1/0805/4777/4752/files/DER001069_Y2.jpg?v=1754119183,DER001069_Y1.jpg
Diamond Verse Diamond Earrings,14 KT / Yellow Gold,14K,1.428,2.57,123159.0,50523549172000,https://cdn.shopify.com/s/files/1/0805/4777/4752/files/DER001069_Y1.jpg?v=1754118829,https://cdn.shopify.com/s/files/1/0805/4777/4752/files/DER001069_Y2.jpg?v=1754119183,DER001069_Y1.jpg
Diamond Verse Diamond Earrings,18 KT / Yellow Gold,18K,1.68,2.57,130080.0,50523549270304,https://cdn.shopify.com/s/files/1/0805/4777/4752/files/DER001069_Y1.jpg?v=1754118829,https://cdn.shopify.com/s/files/1/0805/4777/4752/files/DER001069_Y2.jpg?v=1754119183,DER001069_Y1.jpg
Starlight Embrace Diamond Earrings,9 KT / White Gold,9K,4.6125,2.444,117414.0,50730090692896,https://cdn.shopify.com/s/files/1/0805/4777/4752/files/DER000592_W1.jpg?v=1750223091,https://cdn.shopify.com/s/files/1/0805/4777/4752/files/DER000592_W2.jpg?v=1763632690,DER000592_W1.jpg
Starlight Embrace Diamond Earrings,14 KT / White Gold,14K,5.2275,2.444,138804.0,49509052088608,https://cdn.shopify.com/s/files/1/0805/4777/4752/files/DER000592_W1.jpg?v=1750223091,https://cdn.shopify.com/s/files/1/0805/4777/4752/files/DER000592_W2.jpg?v=1763632690,DER000592_W1.jpg
Starlight Embrace Diamond Earrings,18 KT / White Gold,18K,6.15,2.444,164139.0,49848414634272,https://cdn.shopify.com/s/files/1/0805/4777/4752/files/DER000592_W1.jpg?v=1750223091,https://cdn.shopify.com/s/files/1/0805/4777/4752/files/DER000592_W2.jpg?v=1763632690,DER000592_W1.jpg
The Bonded Diamond Earrings,9 KT / Rose Gold,9K,1.29,2.57,117544.0,50728340226336,https://cdn.shopify.com/s/files/1/0805/4777/4752/files/DER001068_R1.jpg?v=1754124674,https://cdn.shopify.com/s/files/1/0805/4777/4752/files/DER001068_R2.jpg?v=1754124674,DER001068_R1.jpg
The Bonded Diamond Earrings,14 KT / Rose Gold,14K,1.462,2.57,123526.0,50523549466912,https://cdn.shopify.com/s/files/1/0805/4777/4752/files/DER001068_R1.jpg?v=1754124674,https://cdn.shopify.com/s/files/1/0805/4777/4752/files/DER001068_R2.jpg?v=1754124674,DER001068_R1.jpg
The Bonded Diamond Earrings,18 KT / Rose Gold,18K,1.72,2.57,130612.0,50523549565216,https://cdn.shopify.com/s/files/1/0805/4777/4752/files/DER001068_R1.jpg?v=1754124674,https://cdn.shopify.com/s/files/1/0805/4777/4752/files/DER001068_R2.jpg?v=1754124674,DER001068_R1.jpg
Twilight Pins Diamond Stud Earrings,9 KT / Yellow Gold,9K,1.455,2.57,118799.0,50728339308832,https://cdn.shopify.com/s/files/1/0805/4777/4752/files/DER001064_Y1.jpg?v=1754118816,https://cdn.shopify.com/s/files/1/0805/4777/4752/files/DER001064_Y2.jpg?v=1754119172,DER001064_Y1.jpg
Twilight Pins Diamond Stud Earrings,14 KT / Yellow Gold,14K,1.649,2.57,125546.0,50523550122272,https://cdn.shopify.com/s/files/1/0805/4777/4752/files/DER001064_Y1.jpg?v=1754118816,https://cdn.shopify.com/s/files/1/0805/4777/4752/files/DER001064_Y2.jpg?v=1754119172,DER001064_Y1.jpg
Twilight Pins Diamond Stud Earrings,18 KT / Yellow Gold,18K,1.94,2.57,133538.0,50523550220576,https://cdn.shopify.com/s/files/1/0805/4777/4752/files/DER001064_Y1.jpg?v=1754118816,https://cdn.shopify.com/s/files/1/0805/4777/4752/files/DER001064_Y2.jpg?v=1754119172,DER001064_Y1.jpg
Ideal Round Diamond Stud Earrings,9 KT / White Gold,9K,1.605,2.57,119939.0,50728333672736,https://cdn.shopify.com/s/files/1/0805/4777/4752/files/DER001059_W1.jpg?v=1754289738,https://cdn.shopify.com/s/files/1/0805/4777/4752/files/DER001059_W2.jpg?v=1754289738,DER001059_W1.jpg
Ideal Round Diamond Stud Earrings,14 KT / White Gold,14K,1.819,2.57,127382.0,50523553005856,https://cdn.shopify.com/s/files/1/0805/4777/4752/files/DER001059_W1.jpg?v=1754289738,https://cdn.shopify.com/s/files/1/0805/4777/4752/files/DER001059_W2.jpg?v=1754289738,DER001059_W1.jpg
Ideal Round Diamond Stud Earrings,18 KT / White Gold,18K,2.14,2.57,136198.0,50523553104160,https://cdn.shopify.com/s/files/1/0805/4777/4752/files/DER001059_W1.jpg?v=1754289738,https://cdn.shopify.com/s/files/1/0805/4777/4752/files/DER001059_W2.jpg?v=1754289738,DER001059_W1.jpg
Dewfall Diamond Drop Earrings,9 KT / Yellow Gold,9K,5.3625,2.442,122872.0,50728268726560,https://cdn.shopify.com/s/files/1/0805/4777/4752/files/DER001174_Y1.jpg?v=1754376149,https://cdn.shopify.com/s/files/1/0805/4777/4752/files/DER001174_Y2.jpg?v=1767694577,DER001174_Y1.jpg
Dewfall Diamond Drop Earrings,14 KT / Yellow Gold,14K,6.0775,2.442,147740.0,50523590295840,https://cdn.shopify.com/s/files/1/0805/4777/4752/files/DER001174_Y1.jpg?v=1754376149,https://cdn.shopify.com/s/files/1/0805/4777/4752/files/DER001174_Y2.jpg?v=1767694577,DER001174_Y1.jpg
Dewfall Diamond Drop Earrings,18 KT / Yellow Gold,18K,7.15,2.442,177195.0,50523590394144,https://cdn.shopify.com/s/files/1/0805/4777/4752/files/DER001174_Y1.jpg?v=1754376149,https://cdn.shopify.com/s/files/1/0805/4777/4752/files/DER001174_Y2.jpg?v=1767694577,DER001174_Y1.jpg
Cosmic Dots Diamond Stud Earrings,9 KT / Rose Gold,9K,2.0325,2.57,123189.0,50728308179232,https://cdn.shopify.com/s/files/1/0805/4777/4752/files/DER001065_R1.jpg?v=1754124399,https://cdn.shopify.com/s/files/1/0805/4777/4752/files/DER001065_R2.jpg?v=1754124399,DER001065_R1.jpg
Cosmic Dots Diamond Stud Earrings,14 KT / Rose Gold,14K,2.3035,2.57,132614.0,50523557462304,https://cdn.shopify.com/s/files/1/0805/4777/4752/files/DER001065_R1.jpg?v=1754124399,https://cdn.shopify.com/s/files/1/0805/4777/4752/files/DER001065_R2.jpg?v=1754124399,DER001065_R1.jpg
Cosmic Dots Diamond Stud Earrings,18 KT / Rose Gold,18K,2.71,2.57,143778.0,50523557560608,https://cdn.shopify.com/s/files/1/0805/4777/4752/files/DER001065_R1.jpg?v=1754124399,https://cdn.shopify.com/s/files/1/0805/4777/4752/files/DER001065_R2.jpg?v=1754124399,DER001065_R1.jpg
Diamond Dreamweaver Earrings,9 KT / Rose Gold,9K,4.875,2.89,123305.0,50730036724000,https://cdn.shopify.com/s/files/1/0805/4777/4752/files/DER000721_R1.jpg?v=1750222944,https://cdn.shopify.com/s/files/1/0805/4777/4752/files/DER000721_R2.jpg?v=1750222944,DER000721_R1.jpg
Diamond Dreamweaver Earrings,14 KT / Rose Gold,14K,5.525,2.89,145912.0,49509064376608,https://cdn.shopify.com/s/files/1/0805/4777/4752/files/DER000721_R1.jpg?v=1750222944,https://cdn.shopify.com/s/files/1/0805/4777/4752/files/DER000721_R2.jpg?v=1750222944,DER000721_R1.jpg
Diamond Dreamweaver Earrings,18 KT / Rose Gold,18K,6.5,2.89,172689.0,49846372696352,https://cdn.shopify.com/s/files/1/0805/4777/4752/files/DER000721_R1.jpg?v=1750222944,https://cdn.shopify.com/s/files/1/0805/4777/4752/files/DER000721_R2.jpg?v=1750222944,DER000721_R1.jpg
Spinlight Diamond Stud Earrings,9 KT / Rose Gold,9K,7.1925,2.04,123355.0,50728267120928,https://cdn.shopify.com/s/files/1/0805/4777/4752/files/DER001104_R1.jpg?v=1754126379,https://cdn.shopify.com/s/files/1/0805/4777/4752/files/DER001104_R2.jpg?v=1763633565,DER001104_R1.jpg
Spinlight Diamond Stud Earrings,14 KT / Rose Gold,14K,8.1515,2.04,156709.0,50523598356768,https://cdn.shopify.com/s/files/1/0805/4777/4752/files/DER001104_R1.jpg?v=1754126379,https://cdn.shopify.com/s/files/1/0805/4777/4752/files/DER001104_R2.jpg?v=1763633565,DER001104_R1.jpg
Spinlight Diamond Stud Earrings,18 KT / Rose Gold,18K,9.59,2.04,196215.0,50523598455072,https://cdn.shopify.com/s/files/1/0805/4777/4752/files/DER001104_R1.jpg?v=1754126379,https://cdn.shopify.com/s/files/1/0805/4777/4752/files/DER001104_R2.jpg?v=1763633565,DER001104_R1.jpg
The Queen's Orb Diamond Stud Earrings,9 KT / Rose Gold,9K,3.225,2.68,126500.0,50728286748960,https://cdn.shopify.com/s/files/1/0805/4777/4752/files/DER001169_R1.jpg?v=1754289580,https://cdn.shopify.com/s/files/1/0805/4777/4752/files/DER001169_R2.jpg?v=1767696137,DER001169_R1.jpg
The Queen's Orb Diamond Stud Earrings,14 KT / Rose Gold,14K,3.655,2.68,141456.0,50523577123104,https://cdn.shopify.com/s/files/1/0805/4777/4752/files/DER001169_R1.jpg?v=1754289580,https://cdn.shopify.com/s/files/1/0805/4777/4752/files/DER001169_R2.jpg?v=1767696137,DER001169_R1.jpg
The Queen's Orb Diamond Stud Earrings,18 KT / Rose Gold,18K,4.3,2.68,159170.0,50523577221408,https://cdn.shopify.com/s/files/1/0805/4777/4752/files/DER001169_R1.jpg?v=1754289580,https://cdn.shopify.com/s/files/1/0805/4777/4752/files/DER001169_R2.jpg?v=1767696137,DER001169_R1.jpg
Toi et Moi Pear Emerald Diamond Earrings,9 KT / Rose Gold,9K,1.275,2.574,128559.0,51045543117088,https://cdn.shopify.com/s/files/1/0805/4777/4752/files/KI-PSE00075-A_R1.jpg?v=1766468910,https://cdn.shopify.com/s/files/1/0805/4777/4752/files/KI-PSE00075-A_R2.jpg?v=1766468910,KI-PSE00075-A_R1.jpg
Toi et Moi Pear Emerald Diamond Earrings,14 KT / Rose Gold,14K,1.445,2.574,134472.0,51045543215392,https://cdn.shopify.com/s/files/1/0805/4777/4752/files/KI-PSE00075-A_R1.jpg?v=1766468910,https://cdn.shopify.com/s/files/1/0805/4777/4752/files/KI-PSE00075-A_R2.jpg?v=1766468910,KI-PSE00075-A_R1.jpg
Toi et Moi Pear Emerald Diamond Earrings,18 KT / Rose Gold,18K,1.7,2.574,141475.0,51045543313696,https://cdn.shopify.com/s/files/1/0805/4777/4752/files/KI-PSE00075-A_R1.jpg?v=1766468910,https://cdn.shopify.com/s/files/1/0805/4777/4752/files/KI-PSE00075-A_R2.jpg?v=1766468910,KI-PSE00075-A_R1.jpg
Luminous Pulse Diamond Earrings,9 KT / Rose Gold,9K,8.63775,2.413,130039.0,50730090397984,https://cdn.shopify.com/s/files/1/0805/4777/4752/files/DER000639_R1.jpg?v=1750223089,https://cdn.shopify.com/s/files/1/0805/4777/4752/files/DER000639_R2.jpg?v=1750223089,DER000639_R1.jpg
Luminous Pulse Diamond Earrings,14 KT / Rose Gold,14K,9.78945,2.413,170097.0,49509052416288,https://cdn.shopify.com/s/files/1/0805/4777/4752/files/DER000639_R1.jpg?v=1750223089,https://cdn.shopify.com/s/files/1/0805/4777/4752/files/DER000639_R2.jpg?v=1750223089,DER000639_R1.jpg
Luminous Pulse Diamond Earrings,18 KT / Rose Gold,18K,11.52,2.413,217577.0,49848241389856,https://cdn.shopify.com/s/files/1/0805/4777/4752/files/DER000639_R1.jpg?v=1750223089,https://cdn.shopify.com/s/files/1/0805/4777/4752/files/DER000639_R2.jpg?v=1750223089,DER000639_R1.jpg
North Starlets Diamond Stud Earrings,9 KT / White Gold,9K,2.775,2.6,130091.0,50728299299104,https://cdn.shopify.com/s/files/1/0805/4777/4752/files/DER001072_W1.jpg?v=1754124815,https://cdn.shopify.com/s/files/1/0805/4777/4752/files/DER001072_W2.jpg?v=1754124815,DER001072_W1.jpg
North Starlets Diamond Stud Earrings,14 KT / White Gold,14K,3.145,2.6,142960.0,50523562311968,https://cdn.shopify.com/s/files/1/0805/4777/4752/files/DER001072_W1.jpg?v=1754124815,https://cdn.shopify.com/s/files/1/0805/4777/4752/files/DER001072_W2.jpg?v=1754124815,DER001072_W1.jpg
North Starlets Diamond Stud Earrings,18 KT / White Gold,18K,3.7,2.6,158202.0,50523562410272,https://cdn.shopify.com/s/files/1/0805/4777/4752/files/DER001072_W1.jpg?v=1754124815,https://cdn.shopify.com/s/files/1/0805/4777/4752/files/DER001072_W2.jpg?v=1754124815,DER001072_W1.jpg
Dustlight Dots Diamond Stud Earrings,9 KT / Rose Gold,9K,2.265,2.8,134598.0,50728300904736,https://cdn.shopify.com/s/files/1/0805/4777/4752/files/DER001061_R1.jpg?v=1754290806,https://cdn.shopify.com/s/files/1/0805/4777/4752/files/DER001061_R2.jpg?v=1754290806,DER001061_R1.jpg
Dustlight Dots Diamond Stud Earrings,14 KT / Rose Gold,14K,2.567,2.8,145102.0,50523560542496,https://cdn.shopify.com/s/files/1/0805/4777/4752/files/DER001061_R1.jpg?v=1754290806,https://cdn.shopify.com/s/files/1/0805/4777/4752/files/DER001061_R2.jpg?v=1754290806,DER001061_R1.jpg
Dustlight Dots Diamond Stud Earrings,18 KT / Rose Gold,18K,3.02,2.8,157543.0,50523560640800,https://cdn.shopify.com/s/files/1/0805/4777/4752/files/DER001061_R1.jpg?v=1754290806,https://cdn.shopify.com/s/files/1/0805/4777/4752/files/DER001061_R2.jpg?v=1754290806,DER001061_R1.jpg
Emerald Trinkle Diamond Drop Earrings,9 KT / Rose Gold,9K,5.625,2.285,135542.0,50728268529952,https://cdn.shopify.com/s/files/1/0805/4777/4752/files/DER001173_R1_4ea38a21-6aea-4038-baf8-4f63ac396fb6.jpg?v=1767952998,https://cdn.shopify.com/s/files/1/0805/4777/4752/files/DER001173_R2_fefba0ce-a453-4cc8-bab9-895fcc928062.jpg?v=1767952984,DER001173_R1_4ea38a21-6aea-4038-baf8-4f63ac396fb6.jpg
Emerald Trinkle Diamond Drop Earrings,14 KT / Rose Gold,14K,6.375,2.285,161628.0,50523595637024,https://cdn.shopify.com/s/files/1/0805/4777/4752/files/DER001173_R1_4ea38a21-6aea-4038-baf8-4f63ac396fb6.jpg?v=1767952998,https://cdn.shopify.com/s/files/1/0805/4777/4752/files/DER001173_R2_fefba0ce-a453-4cc8-bab9-895fcc928062.jpg?v=1767952984,DER001173_R1_4ea38a21-6aea-4038-baf8-4f63ac396fb6.jpg
Emerald Trinkle Diamond Drop Earrings,18 KT / Rose Gold,18K,7.5,2.285,192524.0,50523595735328,https://cdn.shopify.com/s/files/1/0805/4777/4752/files/DER001173_R1_4ea38a21-6aea-4038-baf8-4f63ac396fb6.jpg?v=1767952998,https://cdn.shopify.com/s/files/1/0805/4777/4752/files/DER001173_R2_fefba0ce-a453-4cc8-bab9-895fcc928062.jpg?v=1767952984,DER001173_R1_4ea38a21-6aea-4038-baf8-4f63ac396fb6.jpg
Crown Loop Diamond Drop Earrings,9 KT / Rose Gold,9K,5.4,3.266,135802.0,50728269578528,https://cdn.shopify.com/s/files/1/0805/4777/4752/files/DER001165_R1.jpg?v=1754289502,https://cdn.shopify.com/s/files/1/0805/4777/4752/files/DER001165_R2.jpg?v=1763634108,DER001165_R1.jpg
Crown Loop Diamond Drop Earrings,14 KT / Rose Gold,14K,6.12,3.266,160844.0,50523588198688,https://cdn.shopify.com/s/files/1/0805/4777/4752/files/DER001165_R1.jpg?v=1754289502,https://cdn.shopify.com/s/files/1/0805/4777/4752/files/DER001165_R2.jpg?v=1763634108,DER001165_R1.jpg
Crown Loop Diamond Drop Earrings,18 KT / Rose Gold,18K,7.2,3.266,190504.0,50523588296992,https://cdn.shopify.com/s/files/1/0805/4777/4752/files/DER001165_R1.jpg?v=1754289502,https://cdn.shopify.com/s/files/1/0805/4777/4752/files/DER001165_R2.jpg?v=1763634108,DER001165_R1.jpg
Glacier Block Diamond Drop Earrings,9 KT / Yellow Gold,9K,4.545,3.03,140042.0,50728270364960,https://cdn.shopify.com/s/files/1/0805/4777/4752/files/DER001159_Y1.jpg?v=1754119112,https://cdn.shopify.com/s/files/1/0805/4777/4752/files/DER001159_Y2.jpg?v=1763634087,DER001159_Y1.jpg
Glacier Block Diamond Drop Earrings,14 KT / Yellow Gold,14K,5.151,3.03,161119.0,50523586003232,https://cdn.shopify.com/s/files/1/0805/4777/4752/files/DER001159_Y1.jpg?v=1754119112,https://cdn.shopify.com/s/files/1/0805/4777/4752/files/DER001159_Y2.jpg?v=1763634087,DER001159_Y1.jpg
Glacier Block Diamond Drop Earrings,18 KT / Yellow Gold,18K,6.06,3.03,186083.0,50523586101536,https://cdn.shopify.com/s/files/1/0805/4777/4752/files/DER001159_Y1.jpg?v=1754119112,https://cdn.shopify.com/s/files/1/0805/4777/4752/files/DER001159_Y2.jpg?v=1763634087,DER001159_Y1.jpg
Prism Pins Diamond Stud Earrings,9 KT / Yellow Gold,9K,1.74,3.04,140668.0,50728333279520,https://cdn.shopify.com/s/files/1/0805/4777/4752/files/DER001062_Y1.jpg?v=1754118809,https://cdn.shopify.com/s/files/1/0805/4777/4752/files/DER001062_Y2.jpg?v=1754119168,DER001062_Y1.jpg
Prism Pins Diamond Stud Earrings,14 KT / Yellow Gold,14K,1.972,3.04,148737.0,50523553333536,https://cdn.shopify.com/s/files/1/0805/4777/4752/files/DER001062_Y1.jpg?v=1754118809,https://cdn.shopify.com/s/files/1/0805/4777/4752/files/DER001062_Y2.jpg?v=1754119168,DER001062_Y1.jpg
Prism Pins Diamond Stud Earrings,18 KT / Yellow Gold,18K,2.32,3.04,158294.0,50523553431840,https://cdn.shopify.com/s/files/1/0805/4777/4752/files/DER001062_Y1.jpg?v=1754118809,https://cdn.shopify.com/s/files/1/0805/4777/4752/files/DER001062_Y2.jpg?v=1754119168,DER001062_Y1.jpg
Sharp Spark Diamond Stud Earrings,9 KT / Yellow Gold,9K,1.77,3.04,140896.0,50728330297632,https://cdn.shopify.com/s/files/1/0805/4777/4752/files/DER001071_Y1.jpg?v=1754118837,https://cdn.shopify.com/s/files/1/0805/4777/4752/files/DER001071_Y2.jpg?v=1754119187,DER001071_Y1.jpg
Sharp Spark Diamond Stud Earrings,14 KT / Yellow Gold,14K,2.006,3.04,149104.0,50523553923360,https://cdn.shopify.com/s/files/1/0805/4777/4752/files/DER001071_Y1.jpg?v=1754118837,https://cdn.shopify.com/s/files/1/0805/4777/4752/files/DER001071_Y2.jpg?v=1754119187,DER001071_Y1.jpg
Sharp Spark Diamond Stud Earrings,18 KT / Yellow Gold,18K,2.36,3.04,158826.0,50523554021664,https://cdn.shopify.com/s/files/1/0805/4777/4752/files/DER001071_Y1.jpg?v=1754118837,https://cdn.shopify.com/s/files/1/0805/4777/4752/files/DER001071_Y2.jpg?v=1754119187,DER001071_Y1.jpg
Luxe Chic Diamond Earrings,9 KT / Yellow Gold,9K,6.0,2.876,141088.0,50730627793184,https://cdn.shopify.com/s/files/1/0805/4777/4752/files/WER000018_Y1.jpg?v=1752132289,https://cdn.shopify.com/s/files/1/0805/4777/4752/files/WER000018_Y2.jpg?v=1752132400,WER000018_Y1.jpg
Luxe Chic Diamond Earrings,14 KT / Yellow Gold,14K,6.8,2.876,168912.0,47558914507040,https://cdn.shopify.com/s/files/1/0805/4777/4752/files/WER000018_Y1.jpg?v=1752132289,https://cdn.shopify.com/s/files/1/0805/4777/4752/files/WER000018_Y2.jpg?v=1752132400,WER000018_Y1.jpg
Luxe Chic Diamond Earrings,18 KT / Yellow Gold,18K,8.0,2.876,201868.0,49848302469408,https://cdn.shopify.com/s/files/1/0805/4777/4752/files/WER000018_Y1.jpg?v=1752132289,https://cdn.shopify.com/s/files/1/0805/4777/4752/files/WER000018_Y2.jpg?v=1752132400,WER000018_Y1.jpg
Emerald Canopy Diamond Drop Earrings,9 KT / Yellow Gold,9K,4.6875,3.03,141125.0,50728270135584,https://cdn.shopify.com/s/files/1/0805/4777/4752/files/DER001176_Y1.jpg?v=1755685598,https://cdn.shopify.com/s/files/1/0805/4777/4752/files/DER001176_Y2.jpg?v=1763634117,DER001176_Y1.jpg
Emerald Canopy Diamond Drop Earrings,14 KT / Yellow Gold,14K,5.3125,3.03,162863.0,50523586658592,https://cdn.shopify.com/s/files/1/0805/4777/4752/files/DER001176_Y1.jpg?v=1755685598,https://cdn.shopify.com/s/files/1/0805/4777/4752/files/DER001176_Y2.jpg?v=1763634117,DER001176_Y1.jpg
Emerald Canopy Diamond Drop Earrings,18 KT / Yellow Gold,18K,6.25,3.03,188609.0,50523586756896,https://cdn.shopify.com/s/files/1/0805/4777/4752/files/DER001176_Y1.jpg?v=1755685598,https://cdn.shopify.com/s/files/1/0805/4777/4752/files/DER001176_Y2.jpg?v=1763634117,DER001176_Y1.jpg
Solstice Studs Diamond Stud Earrings,9 KT / Rose Gold,9K,4.275,2.6,141495.0,50728268890400,https://cdn.shopify.com/s/files/1/0805/4777/4752/files/DER001067_R1.jpg?v=1754124471,https://cdn.shopify.com/s/files/1/0805/4777/4752/files/DER001067_R2.jpg?v=1767693821,DER001067_R1.jpg
Solstice Studs Diamond Stud Earrings,14 KT / Rose Gold,14K,4.845,2.6,161320.0,50523589869856,https://cdn.shopify.com/s/files/1/0805/4777/4752/files/DER001067_R1.jpg?v=1754124471,https://cdn.shopify.com/s/files/1/0805/4777/4752/files/DER001067_R2.jpg?v=1767693821,DER001067_R1.jpg
Solstice Studs Diamond Stud Earrings,18 KT / Rose Gold,18K,5.7,2.6,184801.0,50523589968160,https://cdn.shopify.com/s/files/1/0805/4777/4752/files/DER001067_R1.jpg?v=1754124471,https://cdn.shopify.com/s/files/1/0805/4777/4752/files/DER001067_R2.jpg?v=1767693821,DER001067_R1.jpg
My Era Classic Round Diamond Earrings,9 KT / Rose Gold,9K,2.025,3.0,142243.0,50728347926816,https://cdn.shopify.com/s/files/1/0805/4777/4752/files/SER001012-00-1.50_R1.jpg?v=1752490287,https://cdn.shopify.com/s/files/1/0805/4777/4752/files/SER001012-00-1.50_R2.jpg?v=1771242456,SER001012-00-1.50_R1.jpg
My Era Classic Round Diamond Earrings,14 KT / Rose Gold,14K,2.295,3.0,151633.0,50309693997344,https://cdn.shopify.com/s/files/1/0805/4777/4752/files/SER001012-00-1.50_R1.jpg?v=1752490287,https://cdn.shopify.com/s/files/1/0805/4777/4752/files/SER001012-00-1.50_R2.jpg?v=1771242456,SER001012-00-1.50_R1.jpg
My Era Classic Round Diamond Earrings,18 KT / Rose Gold,18K,2.7,3.0,162756.0,50309694095648,https://cdn.shopify.com/s/files/1/0805/4777/4752/files/SER001012-00-1.50_R1.jpg?v=1752490287,https://cdn.shopify.com/s/files/1/0805/4777/4752/files/SER001012-00-1.50_R2.jpg?v=1771242456,SER001012-00-1.50_R1.jpg
Divine Harmony Diamond Drops,9 KT / White Gold,9K,3.9,3.342,143004.0,50730169106720,https://cdn.shopify.com/s/files/1/0805/4777/4752/files/DER000365_W1.jpg?v=1751981697,https://cdn.shopify.com/s/files/1/0805/4777/4752/files/DER000365_W2.jpg?v=1751981697,DER000365_W1.jpg
Divine Harmony Diamond Drops,14 KT / White Gold,14K,4.42,3.342,161090.0,47558967197984,https://cdn.shopify.com/s/files/1/0805/4777/4752/files/DER000365_W1.jpg?v=1751981697,https://cdn.shopify.com/s/files/1/0805/4777/4752/files/DER000365_W2.jpg?v=1751981697,DER000365_W1.jpg
Divine Harmony Diamond Drops,18 KT / White Gold,18K,5.2,3.342,182511.0,49846495641888,https://cdn.shopify.com/s/files/1/0805/4777/4752/files/DER000365_W1.jpg?v=1751981697,https://cdn.shopify.com/s/files/1/0805/4777/4752/files/DER000365_W2.jpg?v=1751981697,DER000365_W1.jpg
Raining Diamond Drop Earrings,9 KT / Yellow Gold,9K,5.325,3.42,144295.0,50728269250848,https://cdn.shopify.com/s/files/1/0805/4777/4752/files/DER001164_Y1.jpg?v=1754119129,https://cdn.shopify.com/s/files/1/0805/4777/4752/files/DER001164_Y2.jpg?v=1763634100,DER001164_Y1.jpg
Raining Diamond Drop Earrings,14 KT / Yellow Gold,14K,6.035,3.42,168989.0,50523589312800,https://cdn.shopify.com/s/files/1/0805/4777/4752/files/DER001164_Y1.jpg?v=1754119129,https://cdn.shopify.com/s/files/1/0805/4777/4752/files/DER001164_Y2.jpg?v=1763634100,DER001164_Y1.jpg
Raining Diamond Drop Earrings,18 KT / Yellow Gold,18K,7.1,3.42,198237.0,50523589411104,https://cdn.shopify.com/s/files/1/0805/4777/4752/files/DER001164_Y1.jpg?v=1754119129,https://cdn.shopify.com/s/files/1/0805/4777/4752/files/DER001164_Y2.jpg?v=1763634100,DER001164_Y1.jpg
Moon Drip Diamond Stud Earrings,9 KT / Yellow Gold,9K,3.525,3.0,144940.0,50728272396576,https://cdn.shopify.com/s/files/1/0805/4777/4752/files/DER001170_Y1.jpg?v=1754119149,https://cdn.shopify.com/s/files/1/0805/4777/4752/files/DER001170_Y2.jpg?v=1767694547,DER001170_Y1.jpg
Moon Drip Diamond Stud Earrings,14 KT / Yellow Gold,14K,3.995,3.0,161287.0,50523579777312,https://cdn.shopify.com/s/files/1/0805/4777/4752/files/DER001170_Y1.jpg?v=1754119149,https://cdn.shopify.com/s/files/1/0805/4777/4752/files/DER001170_Y2.jpg?v=1767694547,DER001170_Y1.jpg
Moon Drip Diamond Stud Earrings,18 KT / Yellow Gold,18K,4.7,3.0,180648.0,50523579875616,https://cdn.shopify.com/s/files/1/0805/4777/4752/files/DER001170_Y1.jpg?v=1754119149,https://cdn.shopify.com/s/files/1/0805/4777/4752/files/DER001170_Y2.jpg?v=1767694547,DER001170_Y1.jpg
Opulent Oasis Graceful Earrings,9 KT / Rose Gold,9K,5.6625,3.144,147501.0,50730358866208,https://cdn.shopify.com/s/files/1/0805/4777/4752/files/DER000107_R1.jpg?v=1751980272,https://cdn.shopify.com/s/files/1/0805/4777/4752/files/DER000107_R2.jpg?v=1763632168,DER000107_R1.jpg
Opulent Oasis Graceful Earrings,14 KT / Rose Gold,14K,6.4175,3.144,173760.0,47558953697568,https://cdn.shopify.com/s/files/1/0805/4777/4752/files/DER000107_R1.jpg?v=1751980272,https://cdn.shopify.com/s/files/1/0805/4777/4752/files/DER000107_R2.jpg?v=1763632168,DER000107_R1.jpg
Opulent Oasis Graceful Earrings,18 KT / Rose Gold,18K,7.55,3.144,204862.0,49848377278752,https://cdn.shopify.com/s/files/1/0805/4777/4752/files/DER000107_R1.jpg?v=1751980272,https://cdn.shopify.com/s/files/1/0805/4777/4752/files/DER000107_R2.jpg?v=1763632168,DER000107_R1.jpg
Starlit Dream Diamond Earrings,9 KT / White Gold,9K,4.875,3.92,150935.0,50730044916000,https://cdn.shopify.com/s/files/1/0805/4777/4752/files/DER000615_W1.jpg?v=1750223004,https://cdn.shopify.com/s/files/1/0805/4777/4752/files/DER000615_W2.jpg?v=1750223004,DER000615_W1.jpg
Starlit Dream Diamond Earrings,14 KT / White Gold,14K,5.525,3.92,173542.0,49509059920160,https://cdn.shopify.com/s/files/1/0805/4777/4752/files/DER000615_W1.jpg?v=1750223004,https://cdn.shopify.com/s/files/1/0805/4777/4752/files/DER000615_W2.jpg?v=1750223004,DER000615_W1.jpg
Starlit Dream Diamond Earrings,18 KT / White Gold,18K,6.5,3.92,200319.0,49848415093024,https://cdn.shopify.com/s/files/1/0805/4777/4752/files/DER000615_W1.jpg?v=1750223004,https://cdn.shopify.com/s/files/1/0805/4777/4752/files/DER000615_W2.jpg?v=1750223004,DER000615_W1.jpg
Flora Gleam Diamond Stud Earrings,9 KT / Rose Gold,9K,6.0975,3.74,154588.0,50728268628256,https://cdn.shopify.com/s/files/1/0805/4777/4752/files/DER001098_R1.jpg?v=1754125818,https://cdn.shopify.com/s/files/1/0805/4777/4752/files/DER001098_R2.jpg?v=1763633536,DER001098_R1.jpg
Flora Gleam Diamond Stud Earrings,14 KT / Rose Gold,14K,6.9105,3.74,182865.0,50523590590752,https://cdn.shopify.com/s/files/1/0805/4777/4752/files/DER001098_R1.jpg?v=1754125818,https://cdn.shopify.com/s/files/1/0805/4777/4752/files/DER001098_R2.jpg?v=1763633536,DER001098_R1.jpg
Flora Gleam Diamond Stud Earrings,18 KT / Rose Gold,18K,8.13,3.74,216356.0,50523590689056,https://cdn.shopify.com/s/files/1/0805/4777/4752/files/DER001098_R1.jpg?v=1754125818,https://cdn.shopify.com/s/files/1/0805/4777/4752/files/DER001098_R2.jpg?v=1763633536,DER001098_R1.jpg
Emerald Affinity Diamond Drops,9 KT / Rose Gold,9K,2.77004,3.6,154997.0,51063840997664,https://cdn.shopify.com/s/files/1/0805/4777/4752/files/KI-ER00048_R1.jpg?v=1766574863,https://cdn.shopify.com/s/files/1/0805/4777/4752/files/KI-ER00048_R2.jpg?v=1766574863,KI-ER00048_R1.jpg
Emerald Affinity Diamond Drops,14 KT / Rose Gold,14K,3.04,3.6,166904.0,51063841095968,https://cdn.shopify.com/s/files/1/0805/4777/4752/files/KI-ER00048_R1.jpg?v=1766574863,https://cdn.shopify.com/s/files/1/0805/4777/4752/files/KI-ER00048_R2.jpg?v=1766574863,KI-ER00048_R1.jpg
Emerald Affinity Diamond Drops,18 KT / Rose Gold,18K,3.6528,3.6,182565.0,51063841194272,https://cdn.shopify.com/s/files/1/0805/4777/4752/files/KI-ER00048_R1.jpg?v=1766574863,https://cdn.shopify.com/s/files/1/0805/4777/4752/files/KI-ER00048_R2.jpg?v=1766574863,KI-ER00048_R1.jpg
Emerald Solitaire Diamond Stud Earrings,9 KT / Yellow Gold,9K,2.475,3.3,157155.0,50728242544928,https://cdn.shopify.com/s/files/1/0805/4777/4752/files/DER001187_Y1.jpg?v=1756104692,https://cdn.shopify.com/s/files/1/0805/4777/4752/files/DER001187_Y2.jpg?v=1767694628,DER001187_Y1.jpg
Emerald Solitaire Diamond Stud Earrings,14 KT / Yellow Gold,14K,2.805,3.3,168633.0,50617329942816,https://cdn.shopify.com/s/files/1/0805/4777/4752/files/DER001187_Y1.jpg?v=1756104692,https://cdn.shopify.com/s/files/1/0805/4777/4752/files/DER001187_Y2.jpg?v=1767694628,DER001187_Y1.jpg
Emerald Solitaire Diamond Stud Earrings,18 KT / Yellow Gold,18K,3.3,3.3,182227.0,50617330041120,https://cdn.shopify.com/s/files/1/0805/4777/4752/files/DER001187_Y1.jpg?v=1756104692,https://cdn.shopify.com/s/files/1/0805/4777/4752/files/DER001187_Y2.jpg?v=1767694628,DER001187_Y1.jpg
Twilight Mist Diamond Earrings,9 KT / Rose Gold,9K,9.2295,3.472,162789.0,50730090201376,https://cdn.shopify.com/s/files/1/0805/4777/4752/files/DER000601_R1.jpg?v=1750223087,https://cdn.shopify.com/s/files/1/0805/4777/4752/files/DER000601_R2.jpg?v=1750223087,DER000601_R1.jpg
Twilight Mist Diamond Earrings,14 KT / Rose Gold,14K,10.4601,3.472,205590.0,49509052612896,https://cdn.shopify.com/s/files/1/0805/4777/4752/files/DER000601_R1.jpg?v=1750223087,https://cdn.shopify.com/s/files/1/0805/4777/4752/files/DER000601_R2.jpg?v=1750223087,DER000601_R1.jpg
Twilight Mist Diamond Earrings,18 KT / Rose Gold,18K,12.31,3.472,256333.0,49848417943840,https://cdn.shopify.com/s/files/1/0805/4777/4752/files/DER000601_R1.jpg?v=1750223087,https://cdn.shopify.com/s/files/1/0805/4777/4752/files/DER000601_R2.jpg?v=1750223087,DER000601_R1.jpg
Silken Whisper Diamond Earrings,9 KT / Rose Gold,9K,3.7725,4.14,166562.0,50730042196256,https://cdn.shopify.com/s/files/1/0805/4777/4752/files/DER000600_R1.jpg?v=1750222973,https://cdn.shopify.com/s/files/1/0805/4777/4752/files/DER000600_R2.jpg?v=1763632705,DER000600_R1.jpg
Silken Whisper Diamond Earrings,14 KT / Rose Gold,14K,4.2755,4.14,184057.0,49509062443296,https://cdn.shopify.com/s/files/1/0805/4777/4752/files/DER000600_R1.jpg?v=1750222973,https://cdn.shopify.com/s/files/1/0805/4777/4752/files/DER000600_R2.jpg?v=1763632705,DER000600_R1.jpg
Silken Whisper Diamond Earrings,18 KT / Rose Gold,18K,5.03,4.14,204778.0,49848411980064,https://cdn.shopify.com/s/files/1/0805/4777/4752/files/DER000600_R1.jpg?v=1750222973,https://cdn.shopify.com/s/files/1/0805/4777/4752/files/DER000600_R2.jpg?v=1763632705,DER000600_R1.jpg
Twin Round Dimaond Stud Earrings,9 KT / White Gold,9K,2.82,3.73,171402.0,50728296415520,https://cdn.shopify.com/s/files/1/0805/4777/4752/files/DER001060_W1.jpg?v=1754290770,https://cdn.shopify.com/s/files/1/0805/4777/4752/files/DER001060_W2.jpg?v=1767695802,DER001060_W1.jpg
Twin Round Dimaond Stud Earrings,14 KT / White Gold,14K,3.196,3.73,184479.0,50523564409120,https://cdn.shopify.com/s/files/1/0805/4777/4752/files/DER001060_W1.jpg?v=1754290770,https://cdn.shopify.com/s/files/1/0805/4777/4752/files/DER001060_W2.jpg?v=1767695802,DER001060_W1.jpg
Twin Round Dimaond Stud Earrings,18 KT / White Gold,18K,3.76,3.73,199968.0,50523564507424,https://cdn.shopify.com/s/files/1/0805/4777/4752/files/DER001060_W1.jpg?v=1754290770,https://cdn.shopify.com/s/files/1/0805/4777/4752/files/DER001060_W2.jpg?v=1767695802,DER001060_W1.jpg
Glittering Shine Diamond Earrings,9 KT / Rose Gold,9K,7.425,4.446,175054.0,50730035020064,https://cdn.shopify.com/s/files/1/0805/4777/4752/files/DER000658_R1.jpg?v=1750222918,https://cdn.shopify.com/s/files/1/0805/4777/4752/files/DER000658_R2.jpg?v=1750222919,DER000658_R1.jpg
Glittering Shine Diamond Earrings,14 KT / Rose Gold,14K,8.415,4.446,209487.0,49509066375456,https://cdn.shopify.com/s/files/1/0805/4777/4752/files/DER000658_R1.jpg?v=1750222918,https://cdn.shopify.com/s/files/1/0805/4777/4752/files/DER000658_R2.jpg?v=1750222919,DER000658_R1.jpg
Glittering Shine Diamond Earrings,18 KT / Rose Gold,18K,9.9,4.446,250270.0,49846581461280,https://cdn.shopify.com/s/files/1/0805/4777/4752/files/DER000658_R1.jpg?v=1750222918,https://cdn.shopify.com/s/files/1/0805/4777/4752/files/DER000658_R2.jpg?v=1750222919,DER000658_R1.jpg
Diamond Enchantment Earrings,9 KT / White Gold,9K,3.4875,4.19,176400.0,50730043048224,https://cdn.shopify.com/s/files/1/0805/4777/4752/files/DER000593_W1.jpg?v=1750222987,https://cdn.shopify.com/s/files/1/0805/4777/4752/files/DER000593_W2.jpg?v=1750222987,DER000593_W1.jpg
Diamond Enchantment Earrings,14 KT / White Gold,14K,3.9525,4.19,192573.0,49509061525792,https://cdn.shopify.com/s/files/1/0805/4777/4752/files/DER000593_W1.jpg?v=1750222987,https://cdn.shopify.com/s/files/1/0805/4777/4752/files/DER000593_W2.jpg?v=1750222987,DER000593_W1.jpg
Diamond Enchantment Earrings,18 KT / White Gold,18K,4.65,4.19,211729.0,49846373908768,https://cdn.shopify.com/s/files/1/0805/4777/4752/files/DER000593_W1.jpg?v=1750222987,https://cdn.shopify.com/s/files/1/0805/4777/4752/files/DER000593_W2.jpg?v=1750222987,DER000593_W1.jpg
Dazzle Tabs Diamond Stud Earrings,9 KT / White Gold,9K,5.4,3.78,181679.0,50728269349152,https://cdn.shopify.com/s/files/1/0805/4777/4752/files/DER001171_W1.jpg?v=1754289663,https://cdn.shopify.com/s/files/1/0805/4777/4752/files/DER001171_W2.jpg?v=1763634111,DER001171_W1.jpg
Dazzle Tabs Diamond Stud Earrings,14 KT / White Gold,14K,6.12,3.78,206721.0,50523588919584,https://cdn.shopify.com/s/files/1/0805/4777/4752/files/DER001171_W1.jpg?v=1754289663,https://cdn.shopify.com/s/files/1/0805/4777/4752/files/DER001171_W2.jpg?v=1763634111,DER001171_W1.jpg
Dazzle Tabs Diamond Stud Earrings,18 KT / White Gold,18K,7.2,3.78,236381.0,50523589017888,https://cdn.shopify.com/s/files/1/0805/4777/4752/files/DER001171_W1.jpg?v=1754289663,https://cdn.shopify.com/s/files/1/0805/4777/4752/files/DER001171_W2.jpg?v=1763634111,DER001171_W1.jpg
Lunar Drift Diamond Earrings,9 KT / White Gold,9K,5.76212,5.49,188718.0,50728265384224,https://cdn.shopify.com/s/files/1/0805/4777/4752/files/RJ-LRNE00575_W1.jpg?v=1754656488,https://cdn.shopify.com/s/files/1/0805/4777/4752/files/RJ-LRNE00575_W2.jpg?v=1767696647,RJ-LRNE00575_W1.jpg
Lunar Drift Diamond Earrings,14 KT / White Gold,14K,6.33,5.49,213545.0,50559926403360,https://cdn.shopify.com/s/files/1/0805/4777/4752/files/RJ-LRNE00575_W1.jpg?v=1754656488,https://cdn.shopify.com/s/files/1/0805/4777/4752/files/RJ-LRNE00575_W2.jpg?v=1767696647,RJ-LRNE00575_W1.jpg
Lunar Drift Diamond Earrings,18 KT / White Gold,18K,7.5984,5.49,246063.0,50559926501664,https://cdn.shopify.com/s/files/1/0805/4777/4752/files/RJ-LRNE00575_W1.jpg?v=1754656488,https://cdn.shopify.com/s/files/1/0805/4777/4752/files/RJ-LRNE00575_W2.jpg?v=1767696647,RJ-LRNE00575_W1.jpg
Diamond Glisten Earrings,9 KT / Yellow Gold,9K,8.325,4.726,189366.0,50730040394016,https://cdn.shopify.com/s/files/1/0805/4777/4752/files/DER000650_Y1.jpg?v=1750222968,https://cdn.shopify.com/s/files/1/0805/4777/4752/files/DER000650_Y2.jpg?v=1750222968,DER000650_Y1.jpg
Diamond Glisten Earrings,14 KT / Yellow Gold,14K,9.435,4.726,227972.0,49509062869280,https://cdn.shopify.com/s/files/1/0805/4777/4752/files/DER000650_Y1.jpg?v=1750222968,https://cdn.shopify.com/s/files/1/0805/4777/4752/files/DER000650_Y2.jpg?v=1750222968,DER000650_Y1.jpg
Diamond Glisten Earrings,18 KT / Yellow Gold,18K,11.1,4.726,273698.0,49846375153952,https://cdn.shopify.com/s/files/1/0805/4777/4752/files/DER000650_Y1.jpg?v=1750222968,https://cdn.shopify.com/s/files/1/0805/4777/4752/files/DER000650_Y2.jpg?v=1750222968,DER000650_Y1.jpg
Shape Symphony Diamond Drop Earrings,9 KT / Rose Gold,9K,5.8875,4.28,191330.0,50728268431648,https://cdn.shopify.com/s/files/1/0805/4777/4752/files/DER001175_R1_7b87a820-4cc8-44ea-8a38-f4dcd85ea655.jpg?v=1767953152,https://cdn.shopify.com/s/files/1/0805/4777/4752/files/DER001175_R2_d3dd9848-aff2-4819-ad4e-5171727f5dcc.jpg?v=1767953124,DER001175_R1_7b87a820-4cc8-44ea-8a38-f4dcd85ea655.jpg
Shape Symphony Diamond Drop Earrings,14 KT / Rose Gold,14K,6.6725,4.28,218633.0,50523597766944,https://cdn.shopify.com/s/files/1/0805/4777/4752/files/DER001175_R1_7b87a820-4cc8-44ea-8a38-f4dcd85ea655.jpg?v=1767953152,https://cdn.shopify.com/s/files/1/0805/4777/4752/files/DER001175_R2_d3dd9848-aff2-4819-ad4e-5171727f5dcc.jpg?v=1767953124,DER001175_R1_7b87a820-4cc8-44ea-8a38-f4dcd85ea655.jpg
Shape Symphony Diamond Drop Earrings,18 KT / Rose Gold,18K,7.85,4.28,250971.0,50523597865248,https://cdn.shopify.com/s/files/1/0805/4777/4752/files/DER001175_R1_7b87a820-4cc8-44ea-8a38-f4dcd85ea655.jpg?v=1767953152,https://cdn.shopify.com/s/files/1/0805/4777/4752/files/DER001175_R2_d3dd9848-aff2-4819-ad4e-5171727f5dcc.jpg?v=1767953124,DER001175_R1_7b87a820-4cc8-44ea-8a38-f4dcd85ea655.jpg
Angel Classic Round Diamond Earrings,9 KT / White Gold,9K,2.775,4.0,205511.0,50728347631904,https://cdn.shopify.com/s/files/1/0805/4777/4752/files/SER001012-00-2.00_W1.jpg?v=1752490023,https://cdn.shopify.com/s/files/1/0805/4777/4752/files/SER001012-00-2.00_W2.jpg?v=1771242463,SER001012-00-2.00_W1.jpg
Angel Classic Round Diamond Earrings,14 KT / White Gold,14K,3.145,4.0,218380.0,50309695045920,https://cdn.shopify.com/s/files/1/0805/4777/4752/files/SER001012-00-2.00_W1.jpg?v=1752490023,https://cdn.shopify.com/s/files/1/0805/4777/4752/files/SER001012-00-2.00_W2.jpg?v=1771242463,SER001012-00-2.00_W1.jpg
Angel Classic Round Diamond Earrings,18 KT / White Gold,18K,3.7,4.0,233622.0,50309695144224,https://cdn.shopify.com/s/files/1/0805/4777/4752/files/SER001012-00-2.00_W1.jpg?v=1752490023,https://cdn.shopify.com/s/files/1/0805/4777/4752/files/SER001012-00-2.00_W2.jpg?v=1771242463,SER001012-00-2.00_W1.jpg
Beating Bright Diamond Earrings,9 KT / Yellow Gold,9K,2.75184,4.06,205855.0,50728265482528,https://cdn.shopify.com/s/files/1/0805/4777/4752/files/MJ-ER67355_Y1.jpg?v=1754638478,https://cdn.shopify.com/s/files/1/0805/4777/4752/files/MJ-ER67355_Y2.jpg?v=1754638552,MJ-ER67355_Y1.jpg
Beating Bright Diamond Earrings,14 KT / Yellow Gold,14K,3.02,4.06,217683.0,50559926239520,https://cdn.shopify.com/s/files/1/0805/4777/4752/files/MJ-ER67355_Y1.jpg?v=1754638478,https://cdn.shopify.com/s/files/1/0805/4777/4752/files/MJ-ER67355_Y2.jpg?v=1754638552,MJ-ER67355_Y1.jpg
Beating Bright Diamond Earrings,18 KT / Yellow Gold,18K,3.6288,4.06,233241.0,50559926337824,https://cdn.shopify.com/s/files/1/0805/4777/4752/files/MJ-ER67355_Y1.jpg?v=1754638478,https://cdn.shopify.com/s/files/1/0805/4777/4752/files/MJ-ER67355_Y2.jpg?v=1754638552,MJ-ER67355_Y1.jpg
White Whisper Diamond Earrings,9 KT / Yellow Gold,9K,2.64719,4.082,206094.0,50728266662176,https://cdn.shopify.com/s/files/1/0805/4777/4752/files/MJ-NK67355E_Y1_013fa594-5e67-4a63-8547-4231a0c4cce0.jpg?v=1769668662,https://cdn.shopify.com/s/files/1/0805/4777/4752/files/MJ-NK67355E_Y2_683e17a1-7bc1-4dfe-b183-a64a665c424f.jpg?v=1769668662,MJ-NK67355E_Y1_013fa594-5e67-4a63-8547-4231a0c4cce0.jpg
White Whisper Diamond Earrings,14 KT / Yellow Gold,14K,2.91,4.082,217517.0,50559926042912,https://cdn.shopify.com/s/files/1/0805/4777/4752/files/MJ-NK67355E_Y1_013fa594-5e67-4a63-8547-4231a0c4cce0.jpg?v=1769668662,https://cdn.shopify.com/s/files/1/0805/4777/4752/files/MJ-NK67355E_Y2_683e17a1-7bc1-4dfe-b183-a64a665c424f.jpg?v=1769668662,MJ-NK67355E_Y1_013fa594-5e67-4a63-8547-4231a0c4cce0.jpg
White Whisper Diamond Earrings,18 KT / Yellow Gold,18K,3.4908,4.082,232438.0,50559926141216,https://cdn.shopify.com/s/files/1/0805/4777/4752/files/MJ-NK67355E_Y1_013fa594-5e67-4a63-8547-4231a0c4cce0.jpg?v=1769668662,https://cdn.shopify.com/s/files/1/0805/4777/4752/files/MJ-NK67355E_Y2_683e17a1-7bc1-4dfe-b183-a64a665c424f.jpg?v=1769668662,MJ-NK67355E_Y1_013fa594-5e67-4a63-8547-4231a0c4cce0.jpg
Crimson Frost Diamond Earrings,9 KT / Rose Gold,9K,14.16324,4.335,219524.0,50728266793248,https://cdn.shopify.com/s/files/1/0805/4777/4752/files/ANS00041-NS0372E_A_R1.jpg?v=1754655226,https://cdn.shopify.com/s/files/1/0805/4777/4752/files/ANS00041-NS0372E_A_R2.jpg?v=1754655226,ANS00041-NS0372E_A_R1.jpg
Crimson Frost Diamond Earrings,14 KT / Rose Gold,14K,15.56,4.335,280556.0,50559925780768,https://cdn.shopify.com/s/files/1/0805/4777/4752/files/ANS00041-NS0372E_A_R1.jpg?v=1754655226,https://cdn.shopify.com/s/files/1/0805/4777/4752/files/ANS00041-NS0372E_A_R2.jpg?v=1754655226,ANS00041-NS0372E_A_R1.jpg
Crimson Frost Diamond Earrings,18 KT / Rose Gold,18K,18.6768,4.335,360475.0,50559925879072,https://cdn.shopify.com/s/files/1/0805/4777/4752/files/ANS00041-NS0372E_A_R1.jpg?v=1754655226,https://cdn.shopify.com/s/files/1/0805/4777/4752/files/ANS00041-NS0372E_A_R2.jpg?v=1754655226,ANS00041-NS0372E_A_R1.jpg
Crystal Serene Diamond Earrings,9 KT / Yellow Gold,9K,8.1,6.506,235140.0,50730039148832,https://cdn.shopify.com/s/files/1/0805/4777/4752/files/DER000651_Y1.jpg?v=1750222957,https://cdn.shopify.com/s/files/1/0805/4777/4752/files/DER000651_Y2.jpg?v=1750222957,DER000651_Y1.jpg
Crystal Serene Diamond Earrings,14 KT / Yellow Gold,14K,9.18,6.506,272703.0,49509063721248,https://cdn.shopify.com/s/files/1/0805/4777/4752/files/DER000651_Y1.jpg?v=1750222957,https://cdn.shopify.com/s/files/1/0805/4777/4752/files/DER000651_Y2.jpg?v=1750222957,DER000651_Y1.jpg
Crystal Serene Diamond Earrings,18 KT / Yellow Gold,18K,10.8,6.506,317194.0,49846271967520,https://cdn.shopify.com/s/files/1/0805/4777/4752/files/DER000651_Y1.jpg?v=1750222957,https://cdn.shopify.com/s/files/1/0805/4777/4752/files/DER000651_Y2.jpg?v=1750222957,DER000651_Y1.jpg
Glimmering Lace Diamond Earrings,9 KT / White Gold,9K,7.5375,5.766,238562.0,50730044588320,https://cdn.shopify.com/s/files/1/0805/4777/4752/files/DER000608_W1.jpg?v=1750223000,https://cdn.shopify.com/s/files/1/0805/4777/4752/files/DER000608_W2.jpg?v=1750223000,DER000608_W1.jpg
Glimmering Lace Diamond Earrings,14 KT / White Gold,14K,8.5425,5.766,273517.0,49509060673824,https://cdn.shopify.com/s/files/1/0805/4777/4752/files/DER000608_W1.jpg?v=1750223000,https://cdn.shopify.com/s/files/1/0805/4777/4752/files/DER000608_W2.jpg?v=1750223000,DER000608_W1.jpg
Glimmering Lace Diamond Earrings,18 KT / White Gold,18K,10.05,5.766,314917.0,49846579200288,https://cdn.shopify.com/s/files/1/0805/4777/4752/files/DER000608_W1.jpg?v=1750223000,https://cdn.shopify.com/s/files/1/0805/4777/4752/files/DER000608_W2.jpg?v=1750223000,DER000608_W1.jpg
Seraphic Splendor Diamond Earrings,9 KT / Rose Gold,9K,3.375,5.0,254318.0,50730630119712,https://cdn.shopify.com/s/files/1/0805/4777/4752/files/SER001012-00-2.50_R1.jpg?v=1752490062,https://cdn.shopify.com/s/files/1/0805/4777/4752/files/SER001012-00-2.50_R2.jpg?v=1752490062,SER001012-00-2.50_R1.jpg
Seraphic Splendor Diamond Earrings,14 KT / Rose Gold,14K,3.825,5.0,269970.0,47558896124192,https://cdn.shopify.com/s/files/1/0805/4777/4752/files/SER001012-00-2.50_R1.jpg?v=1752490062,https://cdn.shopify.com/s/files/1/0805/4777/4752/files/SER001012-00-2.50_R2.jpg?v=1752490062,SER001012-00-2.50_R1.jpg
Seraphic Splendor Diamond Earrings,18 KT / Rose Gold,18K,4.5,5.0,288507.0,49848407163168,https://cdn.shopify.com/s/files/1/0805/4777/4752/files/SER001012-00-2.50_R1.jpg?v=1752490062,https://cdn.shopify.com/s/files/1/0805/4777/4752/files/SER001012-00-2.50_R2.jpg?v=1752490062,SER001012-00-2.50_R1.jpg
Red Carpet Halo Diamond Stud Earrings,9 KT / Yellow Gold,9K,3.3,5.8,275090.0,50728240972064,https://cdn.shopify.com/s/files/1/0805/4777/4752/files/DER001186_Y1.jpg?v=1756104689,https://cdn.shopify.com/s/files/1/0805/4777/4752/files/DER001186_Y2.jpg?v=1767694613,DER001186_Y1.jpg
Red Carpet Halo Diamond Stud Earrings,14 KT / Yellow Gold,14K,3.74,5.8,290393.0,50617330696480,https://cdn.shopify.com/s/files/1/0805/4777/4752/files/DER001186_Y1.jpg?v=1756104689,https://cdn.shopify.com/s/files/1/0805/4777/4752/files/DER001186_Y2.jpg?v=1767694613,DER001186_Y1.jpg
Red Carpet Halo Diamond Stud Earrings,18 KT / Yellow Gold,18K,4.4,5.8,308519.0,50617330794784,https://cdn.shopify.com/s/files/1/0805/4777/4752/files/DER001186_Y1.jpg?v=1756104689,https://cdn.shopify.com/s/files/1/0805/4777/4752/files/DER001186_Y2.jpg?v=1767694613,DER001186_Y1.jpg
Sparkling Serendipity Diamond Bloom Earrings,9 KT / Rose Gold,9K,2.4,6.0,292638.0,50730288644384,https://cdn.shopify.com/s/files/1/0805/4777/4752/files/DER000458_R1.jpg?v=1752491895,https://cdn.shopify.com/s/files/1/0805/4777/4752/files/DER000458_R2.jpg?v=1752491895,DER000458_R1.jpg
Sparkling Serendipity Diamond Bloom Earrings,14 KT / Rose Gold,14K,2.72,6.0,303768.0,47558958711072,https://cdn.shopify.com/s/files/1/0805/4777/4752/files/DER000458_R1.jpg?v=1752491895,https://cdn.shopify.com/s/files/1/0805/4777/4752/files/DER000458_R2.jpg?v=1752491895,DER000458_R1.jpg
Sparkling Serendipity Diamond Bloom Earrings,18 KT / Rose Gold,18K,3.2,6.0,316950.0,49848414077216,https://cdn.shopify.com/s/files/1/0805/4777/4752/files/DER000458_R1.jpg?v=1752491895,https://cdn.shopify.com/s/files/1/0805/4777/4752/files/DER000458_R2.jpg?v=1752491895,DER000458_R1.jpg
The Oval Drift Solitaire Diamond Stud Earrings,9 KT / Rose Gold,9K,2.63354,6.0,293707.0,51116291490080,https://cdn.shopify.com/s/files/1/0805/4777/4752/files/MJ-NK67355E_R1_162bba19-ed91-4521-9dd1-07995efa33be.jpg?v=1769668580,https://cdn.shopify.com/s/files/1/0805/4777/4752/files/MJ-NK67355E_R2_36279d3a-aa70-405f-b98d-e87d03c462b9.jpg?v=1769668580,MJ-NK67355E_R1_162bba19-ed91-4521-9dd1-07995efa33be.jpg
The Oval Drift Solitaire Diamond Stud Earrings,14 KT / Rose Gold,14K,2.89,6.0,305025.0,51116291588384,https://cdn.shopify.com/s/files/1/0805/4777/4752/files/MJ-NK67355E_R1_162bba19-ed91-4521-9dd1-07995efa33be.jpg?v=1769668580,https://cdn.shopify.com/s/files/1/0805/4777/4752/files/MJ-NK67355E_R2_36279d3a-aa70-405f-b98d-e87d03c462b9.jpg?v=1769668580,MJ-NK67355E_R1_162bba19-ed91-4521-9dd1-07995efa33be.jpg
The Oval Drift Solitaire Diamond Stud Earrings,18 KT / Rose Gold,18K,3.4728,6.0,319916.0,51116291686688,https://cdn.shopify.com/s/files/1/0805/4777/4752/files/MJ-NK67355E_R1_162bba19-ed91-4521-9dd1-07995efa33be.jpg?v=1769668580,https://cdn.shopify.com/s/files/1/0805/4777/4752/files/MJ-NK67355E_R2_36279d3a-aa70-405f-b98d-e87d03c462b9.jpg?v=1769668580,MJ-NK67355E_R1_162bba19-ed91-4521-9dd1-07995efa33be.jpg
Royal Layers Diamond Earrings,9 KT / White Gold,9K,21.37772,5.42,305461.0,50728265220384,https://cdn.shopify.com/s/files/1/0805/4777/4752/files/RJ-LRNE00603_W1.jpg?v=1754656635,https://cdn.shopify.com/s/files/1/0805/4777/4752/files/RJ-LRNE00603_W2.jpg?v=1754656635,RJ-LRNE00603_W1.jpg
Royal Layers Diamond Earrings,14 KT / White Gold,14K,23.49,5.42,397620.0,50559926698272,https://cdn.shopify.com/s/files/1/0805/4777/4752/files/RJ-LRNE00603_W1.jpg?v=1754656635,https://cdn.shopify.com/s/files/1/0805/4777/4752/files/RJ-LRNE00603_W2.jpg?v=1754656635,RJ-LRNE00603_W1.jpg
Royal Layers Diamond Earrings,18 KT / White Gold,18K,28.1904,5.42,518211.0,50559926796576,https://cdn.shopify.com/s/files/1/0805/4777/4752/files/RJ-LRNE00603_W1.jpg?v=1754656635,https://cdn.shopify.com/s/files/1/0805/4777/4752/files/RJ-LRNE00603_W2.jpg?v=1754656635,RJ-LRNE00603_W1.jpg
Ethereal Enchantment Serenity Earrings,9 KT / Rose Gold,9K,2.517,6.72,312735.0,50730337796384,https://cdn.shopify.com/s/files/1/0805/4777/4752/files/DER000454_R1.jpg?v=1752492605,https://cdn.shopify.com/s/files/1/0805/4777/4752/files/DER000454_R2.jpg?v=1752492605,DER000454_R1.jpg
Ethereal Enchantment Serenity Earrings,14 KT / Rose Gold,14K,2.8526,6.72,324407.0,47558955958560,https://cdn.shopify.com/s/files/1/0805/4777/4752/files/DER000454_R1.jpg?v=1752492605,https://cdn.shopify.com/s/files/1/0805/4777/4752/files/DER000454_R2.jpg?v=1752492605,DER000454_R1.jpg
Ethereal Enchantment Serenity Earrings,18 KT / Rose Gold,18K,3.36,6.72,338281.0,49846575333664,https://cdn.shopify.com/s/files/1/0805/4777/4752/files/DER000454_R1.jpg?v=1752492605,https://cdn.shopify.com/s/files/1/0805/4777/4752/files/DER000454_R2.jpg?v=1752492605,DER000454_R1.jpg
Eternal Radiance Diamond Earrings,9 KT / White Gold,9K,3.75,7.288,342520.0,50730593255712,https://cdn.shopify.com/s/files/1/0805/4777/4752/files/DER000460_W1.jpg?v=1751887981,https://cdn.shopify.com/s/files/1/0805/4777/4752/files/DER000460_W2.jpg?v=1751887981,DER000460_W1.jpg
Eternal Radiance Diamond Earrings,14 KT / White Gold,14K,4.25,7.288,359911.0,47558936559904,https://cdn.shopify.com/s/files/1/0805/4777/4752/files/DER000460_W1.jpg?v=1751887981,https://cdn.shopify.com/s/files/1/0805/4777/4752/files/DER000460_W2.jpg?v=1751887981,DER000460_W1.jpg
Eternal Radiance Diamond Earrings,18 KT / White Gold,18K,5.0,7.288,380508.0,49846572482848,https://cdn.shopify.com/s/files/1/0805/4777/4752/files/DER000460_W1.jpg?v=1751887981,https://cdn.shopify.com/s/files/1/0805/4777/4752/files/DER000460_W2.jpg?v=1751887981,DER000460_W1.jpg
Enchant Elegance Dazzle Earrings,9 KT / Yellow Gold,9K,3.375,6.99,345325.0,50730268393760,https://cdn.shopify.com/s/files/1/0805/4777/4752/files/DER000455_Y1.jpg?v=1752483828,https://cdn.shopify.com/s/files/1/0805/4777/4752/files/DER000455_Y2.jpg?v=1752484338,DER000455_Y1.jpg
Enchant Elegance Dazzle Earrings,14 KT / Yellow Gold,14K,3.825,6.99,360976.0,47558960578848,https://cdn.shopify.com/s/files/1/0805/4777/4752/files/DER000455_Y1.jpg?v=1752483828,https://cdn.shopify.com/s/files/1/0805/4777/4752/files/DER000455_Y2.jpg?v=1752484338,DER000455_Y1.jpg
Enchant Elegance Dazzle Earrings,18 KT / Yellow Gold,18K,4.5,6.99,379514.0,49846523756832,https://cdn.shopify.com/s/files/1/0805/4777/4752/files/DER000455_Y1.jpg?v=1752483828,https://cdn.shopify.com/s/files/1/0805/4777/4752/files/DER000455_Y2.jpg?v=1752484338,DER000455_Y1.jpg
Celestial Cascade Diamond Earrings,9 KT / Yellow Gold,9K,2.625,8.0,446788.0,50730317873440,https://cdn.shopify.com/s/files/1/0805/4777/4752/files/DER000459_Y1.jpg?v=1752483838,https://cdn.shopify.com/s/files/1/0805/4777/4752/files/DER000459_Y2.jpg?v=1752484343,DER000459_Y1.jpg
Celestial Cascade Diamond Earrings,14 KT / Yellow Gold,14K,2.975,8.0,458962.0,47558957662496,https://cdn.shopify.com/s/files/1/0805/4777/4752/files/DER000459_Y1.jpg?v=1752483838,https://cdn.shopify.com/s/files/1/0805/4777/4752/files/DER000459_Y2.jpg?v=1752484343,DER000459_Y1.jpg
Celestial Cascade Diamond Earrings,18 KT / Yellow Gold,18K,3.5,8.0,473380.0,49846216098080,https://cdn.shopify.com/s/files/1/0805/4777/4752/files/DER000459_Y1.jpg?v=1752483838,https://cdn.shopify.com/s/files/1/0805/4777/4752/files/DER000459_Y2.jpg?v=1752484343,DER000459_Y1.jpg
