Product Title,Variant Title,Purity,Gold Weight,Diamond Weight,Price,Variant ID,Image 1,Image 2,LocalImage
Mini Blossom Round Diamond Pendant,9 KT / Yellow Gold,9K,1.24,0.75,29382.0,51132145336608,https://cdn.shopify.com/s/files/1/0805/4777/4752/files/MJ-ELMEPT65899_Y1.jpg?v=1768568639,https://cdn.shopify.com/s/files/1/0805/4777/4752/files/MJ-ELMEPT65899_Y2.jpg?v=1768568639,MJ-ELMEPT65899_Y1.jpg
Mini Blossom Round Diamond Pendant,14 KT / Yellow Gold,14K,1.36595,0.75,34760.0,51132145434912,https://cdn.shopify.com/s/files/1/0805/4777/4752/files/MJ-ELMEPT65899_Y1.jpg?v=1768568639,https://cdn.shopify.com/s/files/1/0805/4777/4752/files/MJ-ELMEPT65899_Y2.jpg?v=1768568639,MJ-ELMEPT65899_Y1.jpg
Mini Blossom Round Diamond Pendant,18 KT / Yellow Gold,18K,1.61,0.75,41416.0,51132145533216,https://cdn.shopify.com/s/files/1/0805/4777/4752/files/MJ-ELMEPT65899_Y1.jpg?v=1768568639,https://cdn.shopify.com/s/files/1/0805/4777/4752/files/MJ-ELMEPT65899_Y2.jpg?v=1768568639,MJ-ELMEPT65899_Y1.jpg
Apple of The Eye Diamond Pendant,9 KT / Yellow Gold,9K,1.08,0.32,19138.0,51132145041696,https://cdn.shopify.com/s/files/1/0805/4777/4752/files/MJ-ELMEPT65886_Y1_7394daf1-7285-4669-ae4c-d0a675e27f90.jpg?v=1769059842,https://cdn.shopify.com/s/files/1/0805/4777/4752/files/MJ-ELMEPT65886_R1_fe5fa55c-c317-42ed-a895-015ffd9881fa.jpg?v=1769059849,MJ-ELMEPT65886_Y1_7394daf1-7285-4669-ae4c-d0a675e27f90.jpg
Apple of The Eye Diamond Pendant,14 KT / Yellow Gold,14K,1.1883,0.32,23809.0,51132145140000,https://cdn.shopify.com/s/files/1/0805/4777/4752/files/MJ-ELMEPT65886_Y1_7394daf1-7285-4669-ae4c-d0a675e27f90.jpg?v=1769059842,https://cdn.shopify.com/s/files/1/0805/4777/4752/files/MJ-ELMEPT65886_R1_fe5fa55c-c317-42ed-a895-015ffd9881fa.jpg?v=1769059849,MJ-ELMEPT65886_Y1_7394daf1-7285-4669-ae4c-d0a675e27f90.jpg
Apple of The Eye Diamond Pendant,18 KT / Yellow Gold,18K,1.4,0.32,29592.0,51132145238304,https://cdn.shopify.com/s/files/1/0805/4777/4752/files/MJ-ELMEPT65886_Y1_7394daf1-7285-4669-ae4c-d0a675e27f90.jpg?v=1769059842,https://cdn.shopify.com/s/files/1/0805/4777/4752/files/MJ-ELMEPT65886_R1_fe5fa55c-c317-42ed-a895-015ffd9881fa.jpg?v=1769059849,MJ-ELMEPT65886_Y1_7394daf1-7285-4669-ae4c-d0a675e27f90.jpg
Open Teardrop Diamond Pendant,9 KT / Yellow Gold,9K,1.12,0.8,29808.0,51116371869984,https://cdn.shopify.com/s/files/1/0805/4777/4752/files/MJ-PT67179_Y1.jpg?v=1769060648,https://cdn.shopify.com/s/files/1/0805/4777/4752/files/MJ-PT67179_Y2.jpg?v=1769060648,MJ-PT67179_Y1.jpg
Open Teardrop Diamond Pendant,14 KT / Yellow Gold,14K,1.23335,0.8,34662.0,51116371968288,https://cdn.shopify.com/s/files/1/0805/4777/4752/files/MJ-PT67179_Y1.jpg?v=1769060648,https://cdn.shopify.com/s/files/1/0805/4777/4752/files/MJ-PT67179_Y2.jpg?v=1769060648,MJ-PT67179_Y1.jpg
Open Teardrop Diamond Pendant,18 KT / Yellow Gold,18K,1.45,0.8,40627.0,51116372066592,https://cdn.shopify.com/s/files/1/0805/4777/4752/files/MJ-PT67179_Y1.jpg?v=1769060648,https://cdn.shopify.com/s/files/1/0805/4777/4752/files/MJ-PT67179_Y2.jpg?v=1769060648,MJ-PT67179_Y1.jpg
The Princess Stack Diamond Pendant,9 KT / Yellow Gold,9K,0.75,3.52,168965.0,51022824014112,https://cdn.shopify.com/s/files/1/0805/4777/4752/files/AJPD-42_Y1.jpg?v=1765801348,https://cdn.shopify.com/s/files/1/0805/4777/4752/files/AJPD-42.jpg?v=1767764932,AJPD-42_Y1.jpg
The Princess Stack Diamond Pendant,14 KT / Yellow Gold,14K,0.8245,3.52,172202.0,51022824112416,https://cdn.shopify.com/s/files/1/0805/4777/4752/files/AJPD-42_Y1.jpg?v=1765801348,https://cdn.shopify.com/s/files/1/0805/4777/4752/files/AJPD-42.jpg?v=1767764932,AJPD-42_Y1.jpg
The Princess Stack Diamond Pendant,18 KT / Yellow Gold,18K,0.97,3.52,176198.0,51022824210720,https://cdn.shopify.com/s/files/1/0805/4777/4752/files/AJPD-42_Y1.jpg?v=1765801348,https://cdn.shopify.com/s/files/1/0805/4777/4752/files/AJPD-42.jpg?v=1767764932,AJPD-42_Y1.jpg
Starshard Diamond Pendant,9 KT / Yellow Gold,9K,0.48,0.35,13779.0,51017748087072,https://cdn.shopify.com/s/files/1/0805/4777/4752/files/KI-PD00499-PE-025_Y1.jpg?v=1765200403,https://cdn.shopify.com/s/files/1/0805/4777/4752/files/KI-PD00499-PE-025_Y2.jpg?v=1765200453,KI-PD00499-PE-025_Y1.jpg
Starshard Diamond Pendant,14 KT / Yellow Gold,14K,0.5232,0.35,15808.0,51017748185376,https://cdn.shopify.com/s/files/1/0805/4777/4752/files/KI-PD00499-PE-025_Y1.jpg?v=1765200403,https://cdn.shopify.com/s/files/1/0805/4777/4752/files/KI-PD00499-PE-025_Y2.jpg?v=1765200453,KI-PD00499-PE-025_Y1.jpg
Starshard Diamond Pendant,18 KT / Yellow Gold,18K,0.6192,0.35,18388.0,51017748283680,https://cdn.shopify.com/s/files/1/0805/4777/4752/files/KI-PD00499-PE-025_Y1.jpg?v=1765200403,https://cdn.shopify.com/s/files/1/0805/4777/4752/files/KI-PD00499-PE-025_Y2.jpg?v=1765200453,KI-PD00499-PE-025_Y1.jpg
The  Pearlescent Shine Diamond Pendant,9 KT / Rose Gold,9K,0.82,0.27,13711.0,51005128442144,https://cdn.shopify.com/s/files/1/0805/4777/4752/files/KI-PD00502-PE-025_R1.jpg?v=1765258509,https://cdn.shopify.com/s/files/1/0805/4777/4752/files/KI-PD00502-PE-025_R2.jpg?v=1765258509,KI-PD00502-PE-025_R1.jpg
The  Pearlescent Shine Diamond Pendant,14 KT / Rose Gold,14K,0.88944,0.27,17137.0,51005128540448,https://cdn.shopify.com/s/files/1/0805/4777/4752/files/KI-PD00502-PE-025_R1.jpg?v=1765258509,https://cdn.shopify.com/s/files/1/0805/4777/4752/files/KI-PD00502-PE-025_R2.jpg?v=1765258509,KI-PD00502-PE-025_R1.jpg
The  Pearlescent Shine Diamond Pendant,18 KT / Rose Gold,18K,1.05264,0.27,21523.0,51005128638752,https://cdn.shopify.com/s/files/1/0805/4777/4752/files/KI-PD00502-PE-025_R1.jpg?v=1765258509,https://cdn.shopify.com/s/files/1/0805/4777/4752/files/KI-PD00502-PE-025_R2.jpg?v=1765258509,KI-PD00502-PE-025_R1.jpg
Quadric Dangling Round Oval Diamond Pendant,9 KT / Yellow Gold,9K,0.95,0.31,15568.0,51005127819552,https://cdn.shopify.com/s/files/1/0805/4777/4752/files/KI-PD00506-OV-025_Y1.jpg?v=1764844391,https://cdn.shopify.com/s/files/1/0805/4777/4752/files/KI-PD00506-OV-025_Y2.jpg?v=1764844424,KI-PD00506-OV-025_Y1.jpg
Quadric Dangling Round Oval Diamond Pendant,14 KT / Yellow Gold,14K,1.03332,0.31,19564.0,51005127917856,https://cdn.shopify.com/s/files/1/0805/4777/4752/files/KI-PD00506-OV-025_Y1.jpg?v=1764844391,https://cdn.shopify.com/s/files/1/0805/4777/4752/files/KI-PD00506-OV-025_Y2.jpg?v=1764844424,KI-PD00506-OV-025_Y1.jpg
Quadric Dangling Round Oval Diamond Pendant,18 KT / Yellow Gold,18K,1.22292,0.31,24660.0,51005128016160,https://cdn.shopify.com/s/files/1/0805/4777/4752/files/KI-PD00506-OV-025_Y1.jpg?v=1764844391,https://cdn.shopify.com/s/files/1/0805/4777/4752/files/KI-PD00506-OV-025_Y2.jpg?v=1764844424,KI-PD00506-OV-025_Y1.jpg
The Velocity Round Pear Diamond Pendant,9 KT / Yellow Gold,9K,0.56,0.3,12931.0,51005127524640,https://cdn.shopify.com/s/files/1/0805/4777/4752/files/KI-PD00505-PE-025_Y1.jpg?v=1765200424,https://cdn.shopify.com/s/files/1/0805/4777/4752/files/KI-PD00505-PE-025_Y2.jpg?v=1765200466,KI-PD00505-PE-025_Y1.jpg
The Velocity Round Pear Diamond Pendant,14 KT / Yellow Gold,14K,0.6104,0.3,15299.0,51005127622944,https://cdn.shopify.com/s/files/1/0805/4777/4752/files/KI-PD00505-PE-025_Y1.jpg?v=1765200424,https://cdn.shopify.com/s/files/1/0805/4777/4752/files/KI-PD00505-PE-025_Y2.jpg?v=1765200466,KI-PD00505-PE-025_Y1.jpg
The Velocity Round Pear Diamond Pendant,18 KT / Yellow Gold,18K,0.7224,0.3,18309.0,51005127721248,https://cdn.shopify.com/s/files/1/0805/4777/4752/files/KI-PD00505-PE-025_Y1.jpg?v=1765200424,https://cdn.shopify.com/s/files/1/0805/4777/4752/files/KI-PD00505-PE-025_Y2.jpg?v=1765200466,KI-PD00505-PE-025_Y1.jpg
Pinpoint Glam Round Diamond Pendant,9 KT / Rose Gold,9K,0.56,0.26,11864.0,51005127262496,https://cdn.shopify.com/s/files/1/0805/4777/4752/files/KI-PD00504-RB-025_R1.jpg?v=1765258727,https://cdn.shopify.com/s/files/1/0805/4777/4752/files/KI-PD00504-RB-025_R2.jpg?v=1765258727,KI-PD00504-RB-025_R1.jpg
Pinpoint Glam Round Diamond Pendant,14 KT / Rose Gold,14K,0.60822,0.26,14211.0,51005127360800,https://cdn.shopify.com/s/files/1/0805/4777/4752/files/KI-PD00504-RB-025_R1.jpg?v=1765258727,https://cdn.shopify.com/s/files/1/0805/4777/4752/files/KI-PD00504-RB-025_R2.jpg?v=1765258727,KI-PD00504-RB-025_R1.jpg
Pinpoint Glam Round Diamond Pendant,18 KT / Rose Gold,18K,0.71982,0.26,17211.0,51005127459104,https://cdn.shopify.com/s/files/1/0805/4777/4752/files/KI-PD00504-RB-025_R1.jpg?v=1765258727,https://cdn.shopify.com/s/files/1/0805/4777/4752/files/KI-PD00504-RB-025_R2.jpg?v=1765258727,KI-PD00504-RB-025_R1.jpg
Point of Perfection Pear Diamond Pendant,9 KT / Rose Gold,9K,0.53,0.25,11415.0,51005126967584,https://cdn.shopify.com/s/files/1/0805/4777/4752/files/KI-PD00501-PE-025_R1.jpg?v=1764846800,https://cdn.shopify.com/s/files/1/0805/4777/4752/files/KI-PD00501-PE-025_R2.jpg?v=1764846800,KI-PD00501-PE-025_R1.jpg
Point of Perfection Pear Diamond Pendant,14 KT / Rose Gold,14K,0.5777,0.25,13656.0,51005127065888,https://cdn.shopify.com/s/files/1/0805/4777/4752/files/KI-PD00501-PE-025_R1.jpg?v=1764846800,https://cdn.shopify.com/s/files/1/0805/4777/4752/files/KI-PD00501-PE-025_R2.jpg?v=1764846800,KI-PD00501-PE-025_R1.jpg
Point of Perfection Pear Diamond Pendant,18 KT / Rose Gold,18K,0.6837,0.25,16505.0,51005127164192,https://cdn.shopify.com/s/files/1/0805/4777/4752/files/KI-PD00501-PE-025_R1.jpg?v=1764846800,https://cdn.shopify.com/s/files/1/0805/4777/4752/files/KI-PD00501-PE-025_R2.jpg?v=1764846800,KI-PD00501-PE-025_R1.jpg
The Modus Emerald Diamond Pendant,9 KT / White Gold,9K,0.45,0.29,11996.0,51005126705440,https://cdn.shopify.com/s/files/1/0805/4777/4752/files/KI-PD00507-EM-025_W1.jpg?v=1764846800,https://cdn.shopify.com/s/files/1/0805/4777/4752/files/KI-PD00507-EM-025_W2.jpg?v=1764846800,KI-PD00507-EM-025_W1.jpg
The Modus Emerald Diamond Pendant,14 KT / White Gold,14K,0.49268,0.29,13919.0,51005126803744,https://cdn.shopify.com/s/files/1/0805/4777/4752/files/KI-PD00507-EM-025_W1.jpg?v=1764846800,https://cdn.shopify.com/s/files/1/0805/4777/4752/files/KI-PD00507-EM-025_W2.jpg?v=1764846800,KI-PD00507-EM-025_W1.jpg
The Modus Emerald Diamond Pendant,18 KT / White Gold,18K,0.58308,0.29,16349.0,51005126902048,https://cdn.shopify.com/s/files/1/0805/4777/4752/files/KI-PD00507-EM-025_W1.jpg?v=1764846800,https://cdn.shopify.com/s/files/1/0805/4777/4752/files/KI-PD00507-EM-025_W2.jpg?v=1764846800,KI-PD00507-EM-025_W1.jpg
Oval Diamond Bypass Diamond Pendant,9 KT / Yellow Gold,9K,0.36,0.28,11182.0,51005126344992,https://cdn.shopify.com/s/files/1/0805/4777/4752/files/KI-PD00500-OV-025_Y1.jpg?v=1765200407,https://cdn.shopify.com/s/files/1/0805/4777/4752/files/KI-PD00500-OV-025_Y2.jpg?v=1765200456,KI-PD00500-OV-025_Y1.jpg
Oval Diamond Bypass Diamond Pendant,14 KT / Yellow Gold,14K,0.39676,0.28,12745.0,51005126443296,https://cdn.shopify.com/s/files/1/0805/4777/4752/files/KI-PD00500-OV-025_Y1.jpg?v=1765200407,https://cdn.shopify.com/s/files/1/0805/4777/4752/files/KI-PD00500-OV-025_Y2.jpg?v=1765200456,KI-PD00500-OV-025_Y1.jpg
Oval Diamond Bypass Diamond Pendant,18 KT / Yellow Gold,18K,0.46956,0.28,14702.0,51005126541600,https://cdn.shopify.com/s/files/1/0805/4777/4752/files/KI-PD00500-OV-025_Y1.jpg?v=1765200407,https://cdn.shopify.com/s/files/1/0805/4777/4752/files/KI-PD00500-OV-025_Y2.jpg?v=1765200456,KI-PD00500-OV-025_Y1.jpg
Swirling Clover Diamond Pendant,9 KT / Yellow Gold,9K,2.03,0.8,40578.0,50738117083424,https://cdn.shopify.com/s/files/1/0805/4777/4752/files/DPN000003_Y1.jpg?v=1758087487,https://cdn.shopify.com/s/files/1/0805/4777/4752/files/DPN000003_Y2.jpg?v=1771239739,DPN000003_Y1.jpg
Swirling Clover Diamond Pendant,14 KT / Yellow Gold,14K,2.3,0.8,49986.0,50702587265312,https://cdn.shopify.com/s/files/1/0805/4777/4752/files/DPN000003_Y1.jpg?v=1758087487,https://cdn.shopify.com/s/files/1/0805/4777/4752/files/DPN000003_Y2.jpg?v=1771239739,DPN000003_Y1.jpg
Swirling Clover Diamond Pendant,18 KT / Yellow Gold,18K,2.7,0.8,61061.0,50702587363616,https://cdn.shopify.com/s/files/1/0805/4777/4752/files/DPN000003_Y1.jpg?v=1758087487,https://cdn.shopify.com/s/files/1/0805/4777/4752/files/DPN000003_Y2.jpg?v=1771239739,DPN000003_Y1.jpg
Serene Symphony Diamond Pendant,9 KT / Yellow Gold,9K,1.28,1.077,48116.0,50738119377184,https://cdn.shopify.com/s/files/1/0805/4777/4752/files/SPN000104_Y1.jpg?v=1758087536,https://cdn.shopify.com/s/files/1/0805/4777/4752/files/SPN000104_Y2.jpg?v=1771243870,SPN000104_Y1.jpg
Serene Symphony Diamond Pendant,14 KT / Yellow Gold,14K,1.45,1.077,54045.0,50702587035936,https://cdn.shopify.com/s/files/1/0805/4777/4752/files/SPN000104_Y1.jpg?v=1758087536,https://cdn.shopify.com/s/files/1/0805/4777/4752/files/SPN000104_Y2.jpg?v=1771243870,SPN000104_Y1.jpg
Serene Symphony Diamond Pendant,18 KT / Yellow Gold,18K,1.7,1.077,61001.0,50702587134240,https://cdn.shopify.com/s/files/1/0805/4777/4752/files/SPN000104_Y1.jpg?v=1758087536,https://cdn.shopify.com/s/files/1/0805/4777/4752/files/SPN000104_Y2.jpg?v=1771243870,SPN000104_Y1.jpg
The Light Keeper Diamond Pendant,9 KT / Yellow Gold,9K,1.66,1.854,85855.0,50738120622368,https://cdn.shopify.com/s/files/1/0805/4777/4752/files/DPN000025_Y1.jpg?v=1758087494,https://cdn.shopify.com/s/files/1/0805/4777/4752/files/DPN000025_Y2.jpg?v=1771240101,DPN000025_Y1.jpg
The Light Keeper Diamond Pendant,14 KT / Yellow Gold,14K,1.88,1.854,93541.0,50702586839328,https://cdn.shopify.com/s/files/1/0805/4777/4752/files/DPN000025_Y1.jpg?v=1758087494,https://cdn.shopify.com/s/files/1/0805/4777/4752/files/DPN000025_Y2.jpg?v=1771240101,DPN000025_Y1.jpg
The Light Keeper Diamond Pendant,18 KT / Yellow Gold,18K,2.21,1.854,102631.0,50702586937632,https://cdn.shopify.com/s/files/1/0805/4777/4752/files/DPN000025_Y1.jpg?v=1758087494,https://cdn.shopify.com/s/files/1/0805/4777/4752/files/DPN000025_Y2.jpg?v=1771240101,DPN000025_Y1.jpg
Rising Sun Halo Diamond Pendant,9 KT / Rose Gold,9K,1.43,1.178,57533.0,50738121933088,https://cdn.shopify.com/s/files/1/0805/4777/4752/files/SPN000025-00-1.00_R1.jpg?v=1758197103,https://cdn.shopify.com/s/files/1/0805/4777/4752/files/SPN000025-00-1.00_R2.jpg?v=1771240661,SPN000025-00-1.00_R1.jpg
Rising Sun Halo Diamond Pendant,14 KT / Rose Gold,14K,1.62,1.178,64159.0,50702586577184,https://cdn.shopify.com/s/files/1/0805/4777/4752/files/SPN000025-00-1.00_R1.jpg?v=1758197103,https://cdn.shopify.com/s/files/1/0805/4777/4752/files/SPN000025-00-1.00_R2.jpg?v=1771240661,SPN000025-00-1.00_R1.jpg
Rising Sun Halo Diamond Pendant,18 KT / Rose Gold,18K,1.9,1.178,71938.0,50702586675488,https://cdn.shopify.com/s/files/1/0805/4777/4752/files/SPN000025-00-1.00_R1.jpg?v=1758197103,https://cdn.shopify.com/s/files/1/0805/4777/4752/files/SPN000025-00-1.00_R2.jpg?v=1771240661,SPN000025-00-1.00_R1.jpg
Opulent Opal Diamond Pendant,9 KT / Yellow Gold,9K,3.17,1.344,63997.0,50738132353312,https://cdn.shopify.com/s/files/1/0805/4777/4752/files/SPN000102_Y1.jpg?v=1758087530,https://cdn.shopify.com/s/files/1/0805/4777/4752/files/SPN000102_Y2.jpg?v=1771243851,SPN000102_Y1.jpg
Opulent Opal Diamond Pendant,14 KT / Yellow Gold,14K,3.6,1.344,78767.0,50702586216736,https://cdn.shopify.com/s/files/1/0805/4777/4752/files/SPN000102_Y1.jpg?v=1758087530,https://cdn.shopify.com/s/files/1/0805/4777/4752/files/SPN000102_Y2.jpg?v=1771243851,SPN000102_Y1.jpg
Opulent Opal Diamond Pendant,18 KT / Yellow Gold,18K,4.23,1.344,96150.0,50702586315040,https://cdn.shopify.com/s/files/1/0805/4777/4752/files/SPN000102_Y1.jpg?v=1758087530,https://cdn.shopify.com/s/files/1/0805/4777/4752/files/SPN000102_Y2.jpg?v=1771243851,SPN000102_Y1.jpg
Ethereal Eclipse Diamond Pendant,9 KT / Yellow Gold,9K,2.1,0.951,46251.0,50738134843680,https://cdn.shopify.com/s/files/1/0805/4777/4752/files/SPN000103_Y1.jpg?v=1758087533,https://cdn.shopify.com/s/files/1/0805/4777/4752/files/SPN000103_Y2.jpg?v=1771243863,SPN000103_Y1.jpg
Ethereal Eclipse Diamond Pendant,14 KT / Yellow Gold,14K,2.38,0.951,55990.0,50702586020128,https://cdn.shopify.com/s/files/1/0805/4777/4752/files/SPN000103_Y1.jpg?v=1758087533,https://cdn.shopify.com/s/files/1/0805/4777/4752/files/SPN000103_Y2.jpg?v=1771243863,SPN000103_Y1.jpg
Ethereal Eclipse Diamond Pendant,18 KT / Yellow Gold,18K,2.8,0.951,67524.0,50702586118432,https://cdn.shopify.com/s/files/1/0805/4777/4752/files/SPN000103_Y1.jpg?v=1758087533,https://cdn.shopify.com/s/files/1/0805/4777/4752/files/SPN000103_Y2.jpg?v=1771243863,SPN000103_Y1.jpg
Stardust Sonata Diamond Pendant,9 KT / Yellow Gold,9K,1.17,0.562,26938.0,50738135662880,https://cdn.shopify.com/s/files/1/0805/4777/4752/files/SPN000101_Y1.jpg?v=1758087528,https://cdn.shopify.com/s/files/1/0805/4777/4752/files/SPN000101_Y2.jpg?v=1771243220,SPN000101_Y1.jpg
Stardust Sonata Diamond Pendant,14 KT / Yellow Gold,14K,1.33,0.562,32402.0,50702585790752,https://cdn.shopify.com/s/files/1/0805/4777/4752/files/SPN000101_Y1.jpg?v=1758087528,https://cdn.shopify.com/s/files/1/0805/4777/4752/files/SPN000101_Y2.jpg?v=1771243220,SPN000101_Y1.jpg
Stardust Sonata Diamond Pendant,18 KT / Yellow Gold,18K,1.56,0.562,38791.0,50702585889056,https://cdn.shopify.com/s/files/1/0805/4777/4752/files/SPN000101_Y1.jpg?v=1758087528,https://cdn.shopify.com/s/files/1/0805/4777/4752/files/SPN000101_Y2.jpg?v=1771243220,SPN000101_Y1.jpg
Petal & Pave Heart Diamond Pendant,14 KT / Rose Gold,14K,1.87,1.219,61290.0,50702585299232,https://cdn.shopify.com/s/files/1/0805/4777/4752/files/WSPN00040_R1.jpg?v=1771240722,https://cdn.shopify.com/s/files/1/0805/4777/4752/files/WSPN00040_Y1.jpg?v=1758087582,WSPN00040_R1.jpg
Petal & Pave Heart Diamond Pendant,9 KT / Rose Gold,9K,1.65,1.219,53638.0,50738138022176,https://cdn.shopify.com/s/files/1/0805/4777/4752/files/WSPN00040_R1.jpg?v=1771240722,https://cdn.shopify.com/s/files/1/0805/4777/4752/files/WSPN00040_Y1.jpg?v=1758087582,WSPN00040_R1.jpg
Petal & Pave Heart Diamond Pendant,18 KT / Rose Gold,18K,2.2,1.219,70353.0,50702585397536,https://cdn.shopify.com/s/files/1/0805/4777/4752/files/WSPN00040_R1.jpg?v=1771240722,https://cdn.shopify.com/s/files/1/0805/4777/4752/files/WSPN00040_Y1.jpg?v=1758087582,WSPN00040_R1.jpg
Opulent Brilliance Diamond Pendant,9 KT / Yellow Gold,9K,1.62,0.811,37767.0,50738140545312,https://cdn.shopify.com/s/files/1/0805/4777/4752/files/DPN000193_Y1.jpg?v=1758087504,https://cdn.shopify.com/s/files/1/0805/4777/4752/files/DPN000193.jpg?v=1767765276,DPN000193_Y1.jpg
Opulent Brilliance Diamond Pendant,14 KT / Yellow Gold,14K,1.84,0.811,45317.0,50702584709408,https://cdn.shopify.com/s/files/1/0805/4777/4752/files/DPN000193_Y1.jpg?v=1758087504,https://cdn.shopify.com/s/files/1/0805/4777/4752/files/DPN000193.jpg?v=1767765276,DPN000193_Y1.jpg
Opulent Brilliance Diamond Pendant,18 KT / Yellow Gold,18K,2.16,0.811,54177.0,50702584807712,https://cdn.shopify.com/s/files/1/0805/4777/4752/files/DPN000193_Y1.jpg?v=1758087504,https://cdn.shopify.com/s/files/1/0805/4777/4752/files/DPN000193.jpg?v=1767765276,DPN000193_Y1.jpg
Radiant Regalia Diamond Pendant,9 KT / Rose Gold,9K,1.13,0.697,30236.0,50738146246944,https://cdn.shopify.com/s/files/1/0805/4777/4752/files/DPN000006_R1.jpg?v=1758098415,https://cdn.shopify.com/s/files/1/0805/4777/4752/files/DPN000006_R2_5f2afa73-0c37-4c30-b488-a6dd0ef69aae.jpg?v=1758098415,DPN000006_R1.jpg
Radiant Regalia Diamond Pendant,14 KT / Rose Gold,14K,1.28,0.697,35470.0,50702583922976,https://cdn.shopify.com/s/files/1/0805/4777/4752/files/DPN000006_R1.jpg?v=1758098415,https://cdn.shopify.com/s/files/1/0805/4777/4752/files/DPN000006_R2_5f2afa73-0c37-4c30-b488-a6dd0ef69aae.jpg?v=1758098415,DPN000006_R1.jpg
Radiant Regalia Diamond Pendant,18 KT / Rose Gold,18K,1.51,0.697,41724.0,50702584021280,https://cdn.shopify.com/s/files/1/0805/4777/4752/files/DPN000006_R1.jpg?v=1758098415,https://cdn.shopify.com/s/files/1/0805/4777/4752/files/DPN000006_R2_5f2afa73-0c37-4c30-b488-a6dd0ef69aae.jpg?v=1758098415,DPN000006_R1.jpg
Soft Curve Round Diamond Pendant,9 KT / Rose Gold,9K,0.68,0.146,9552.0,50738152374560,https://cdn.shopify.com/s/files/1/0805/4777/4752/files/DPN000098_R1.jpg?v=1758094559,https://cdn.shopify.com/s/files/1/0805/4777/4752/files/DPN000098_R2.jpg?v=1771240134,DPN000098_R1.jpg
Soft Curve Round Diamond Pendant,14 KT / Rose Gold,14K,0.77,0.146,12699.0,50702582972704,https://cdn.shopify.com/s/files/1/0805/4777/4752/files/DPN000098_R1.jpg?v=1758094559,https://cdn.shopify.com/s/files/1/0805/4777/4752/files/DPN000098_R2.jpg?v=1771240134,DPN000098_R1.jpg
Soft Curve Round Diamond Pendant,18 KT / Rose Gold,18K,0.91,0.146,16481.0,50702583071008,https://cdn.shopify.com/s/files/1/0805/4777/4752/files/DPN000098_R1.jpg?v=1758094559,https://cdn.shopify.com/s/files/1/0805/4777/4752/files/DPN000098_R2.jpg?v=1771240134,DPN000098_R1.jpg
Lotus Drop Solitaire Diamond Pendant,9 KT / Rose Gold,9K,0.54,0.383,17653.0,50738013798688,https://cdn.shopify.com/s/files/1/0805/4777/4752/files/DPN000256_R1.jpg?v=1758093191,https://cdn.shopify.com/s/files/1/0805/4777/4752/files/DPN000256_R2.jpg?v=1758093191,DPN000256_R1.jpg
Lotus Drop Solitaire Diamond Pendant,14 KT / Rose Gold,14K,0.61,0.383,20139.0,50702582743328,https://cdn.shopify.com/s/files/1/0805/4777/4752/files/DPN000256_R1.jpg?v=1758093191,https://cdn.shopify.com/s/files/1/0805/4777/4752/files/DPN000256_R2.jpg?v=1758093191,DPN000256_R1.jpg
Lotus Drop Solitaire Diamond Pendant,18 KT / Rose Gold,18K,0.72,0.383,23124.0,50702582841632,https://cdn.shopify.com/s/files/1/0805/4777/4752/files/DPN000256_R1.jpg?v=1758093191,https://cdn.shopify.com/s/files/1/0805/4777/4752/files/DPN000256_R2.jpg?v=1758093191,DPN000256_R1.jpg
Round Solitaire Ripple Diamond Pendant,9 KT / Rose Gold,9K,2.25,1.26,58722.0,50738020548896,https://cdn.shopify.com/s/files/1/0805/4777/4752/files/DPN000114_R1_3a6763d2-942e-455c-a8a6-e14cface65e6.jpg?v=1758100298,https://cdn.shopify.com/s/files/1/0805/4777/4752/files/DPN000114_R2_56caf7b7-7258-4cd2-b1b6-d46f4ae4037a.jpg?v=1758100298,DPN000114_R1_3a6763d2-942e-455c-a8a6-e14cface65e6.jpg
Round Solitaire Ripple Diamond Pendant,14 KT / Rose Gold,14K,2.55,1.26,69156.0,50660794532128,https://cdn.shopify.com/s/files/1/0805/4777/4752/files/DPN000114_R1_3a6763d2-942e-455c-a8a6-e14cface65e6.jpg?v=1758100298,https://cdn.shopify.com/s/files/1/0805/4777/4752/files/DPN000114_R2_56caf7b7-7258-4cd2-b1b6-d46f4ae4037a.jpg?v=1758100298,DPN000114_R1_3a6763d2-942e-455c-a8a6-e14cface65e6.jpg
Round Solitaire Ripple Diamond Pendant,18 KT / Rose Gold,18K,3.0,1.26,81514.0,50660794630432,https://cdn.shopify.com/s/files/1/0805/4777/4752/files/DPN000114_R1_3a6763d2-942e-455c-a8a6-e14cface65e6.jpg?v=1758100298,https://cdn.shopify.com/s/files/1/0805/4777/4752/files/DPN000114_R2_56caf7b7-7258-4cd2-b1b6-d46f4ae4037a.jpg?v=1758100298,DPN000114_R1_3a6763d2-942e-455c-a8a6-e14cface65e6.jpg
Cherry Blossom Diamond Pendant,9 KT / Yellow Gold,9K,3.31,0.17,28810.0,50738062524704,https://cdn.shopify.com/s/files/1/0805/4777/4752/files/NJ-CNL0039_Y1.jpg?v=1756124079,https://cdn.shopify.com/s/files/1/0805/4777/4752/files/NJ-CNL0039_Y2.jpg?v=1767698140,NJ-CNL0039_Y1.jpg
Cherry Blossom Diamond Pendant,14 KT / Yellow Gold,14K,3.64,0.17,43108.0,50617528385824,https://cdn.shopify.com/s/files/1/0805/4777/4752/files/NJ-CNL0039_Y1.jpg?v=1756124079,https://cdn.shopify.com/s/files/1/0805/4777/4752/files/NJ-CNL0039_Y2.jpg?v=1767698140,NJ-CNL0039_Y1.jpg
Cherry Blossom Diamond Pendant,18 KT / Yellow Gold,18K,4.36,0.17,61693.0,50617528484128,https://cdn.shopify.com/s/files/1/0805/4777/4752/files/NJ-CNL0039_Y1.jpg?v=1756124079,https://cdn.shopify.com/s/files/1/0805/4777/4752/files/NJ-CNL0039_Y2.jpg?v=1767698140,NJ-CNL0039_Y1.jpg
Twisted Flame Diamond Pendant,9 KT / Yellow Gold,9K,2.09,0.195,21083.0,50738087493920,https://cdn.shopify.com/s/files/1/0805/4777/4752/files/DPN000574_Y1.jpg?v=1755685630,https://cdn.shopify.com/s/files/1/0805/4777/4752/files/DPN000574_Y2.jpg?v=1767697934,DPN000574_Y1.jpg
Twisted Flame Diamond Pendant,14 KT / Yellow Gold,14K,2.36,0.195,30694.0,50532192551200,https://cdn.shopify.com/s/files/1/0805/4777/4752/files/DPN000574_Y1.jpg?v=1755685630,https://cdn.shopify.com/s/files/1/0805/4777/4752/files/DPN000574_Y2.jpg?v=1767697934,DPN000574_Y1.jpg
Twisted Flame Diamond Pendant,18 KT / Yellow Gold,18K,2.78,0.195,42174.0,50532192649504,https://cdn.shopify.com/s/files/1/0805/4777/4752/files/DPN000574_Y1.jpg?v=1755685630,https://cdn.shopify.com/s/files/1/0805/4777/4752/files/DPN000574_Y2.jpg?v=1767697934,DPN000574_Y1.jpg
Valentine's Gala Diamond Pendant,9 KT / Rose Gold,9K,1.41,0.93,40712.0,50738094833952,https://cdn.shopify.com/s/files/1/0805/4777/4752/files/DPN000575_R1.jpg?v=1755689807,https://cdn.shopify.com/s/files/1/0805/4777/4752/files/DPN000575_R2.jpg?v=1767698114,DPN000575_R1.jpg
Valentine's Gala Diamond Pendant,14 KT / Rose Gold,14K,1.6,0.93,47270.0,50532192125216,https://cdn.shopify.com/s/files/1/0805/4777/4752/files/DPN000575_R1.jpg?v=1755689807,https://cdn.shopify.com/s/files/1/0805/4777/4752/files/DPN000575_R2.jpg?v=1767698114,DPN000575_R1.jpg
Valentine's Gala Diamond Pendant,18 KT / Rose Gold,18K,1.88,0.93,54995.0,50532192223520,https://cdn.shopify.com/s/files/1/0805/4777/4752/files/DPN000575_R1.jpg?v=1755689807,https://cdn.shopify.com/s/files/1/0805/4777/4752/files/DPN000575_R2.jpg?v=1767698114,DPN000575_R1.jpg
Aura Panel Diamond Pendant,9 KT / Yellow Gold,9K,5.16,0.745,59103.0,50738097520928,https://cdn.shopify.com/s/files/1/0805/4777/4752/files/DPN000568_Y1.jpg?v=1754657505,https://cdn.shopify.com/s/files/1/0805/4777/4752/files/DPN000568_Y2.jpg?v=1767697900,DPN000568_Y1.jpg
Aura Panel Diamond Pendant,14 KT / Yellow Gold,14K,5.85,0.745,83051.0,50523773501728,https://cdn.shopify.com/s/files/1/0805/4777/4752/files/DPN000568_Y1.jpg?v=1754657505,https://cdn.shopify.com/s/files/1/0805/4777/4752/files/DPN000568_Y2.jpg?v=1767697900,DPN000568_Y1.jpg
Aura Panel Diamond Pendant,18 KT / Yellow Gold,18K,6.88,0.745,111374.0,50523773698336,https://cdn.shopify.com/s/files/1/0805/4777/4752/files/DPN000568_Y1.jpg?v=1754657505,https://cdn.shopify.com/s/files/1/0805/4777/4752/files/DPN000568_Y2.jpg?v=1767697900,DPN000568_Y1.jpg
Power Brick Diamond Pendant,9 KT / Yellow Gold,9K,3.35,1.39,62542.0,50738418483488,https://cdn.shopify.com/s/files/1/0805/4777/4752/files/DPN000572_Y1.jpg?v=1754657519,https://cdn.shopify.com/s/files/1/0805/4777/4752/files/DPN000572_Y2.jpg?v=1763636638,DPN000572_Y1.jpg
Power Brick Diamond Pendant,14 KT / Yellow Gold,14K,3.79,1.39,78014.0,50523772453152,https://cdn.shopify.com/s/files/1/0805/4777/4752/files/DPN000572_Y1.jpg?v=1754657519,https://cdn.shopify.com/s/files/1/0805/4777/4752/files/DPN000572_Y2.jpg?v=1763636638,DPN000572_Y1.jpg
Power Brick Diamond Pendant,18 KT / Yellow Gold,18K,4.46,1.39,96396.0,50523772551456,https://cdn.shopify.com/s/files/1/0805/4777/4752/files/DPN000572_Y1.jpg?v=1754657519,https://cdn.shopify.com/s/files/1/0805/4777/4752/files/DPN000572_Y2.jpg?v=1763636638,DPN000572_Y1.jpg
Symmetry Drop Diamond Pendant,9 KT / Yellow Gold,9K,2.52,2.18,118858.0,50738102534432,https://cdn.shopify.com/s/files/1/0805/4777/4752/files/DPN000540_Y1_efb17f8d-b6d2-4e82-a315-93418f16f7fa.jpg?v=1767951690,https://cdn.shopify.com/s/files/1/0805/4777/4752/files/DPN000540_Y2_47241789-ad9f-4278-96ab-86557237326d.jpg?v=1767951657,DPN000540_Y1_efb17f8d-b6d2-4e82-a315-93418f16f7fa.jpg
Symmetry Drop Diamond Pendant,14 KT / Yellow Gold,14K,2.86,2.18,130583.0,50523771142432,https://cdn.shopify.com/s/files/1/0805/4777/4752/files/DPN000540_Y1_efb17f8d-b6d2-4e82-a315-93418f16f7fa.jpg?v=1767951690,https://cdn.shopify.com/s/files/1/0805/4777/4752/files/DPN000540_Y2_47241789-ad9f-4278-96ab-86557237326d.jpg?v=1767951657,DPN000540_Y1_efb17f8d-b6d2-4e82-a315-93418f16f7fa.jpg
Symmetry Drop Diamond Pendant,18 KT / Yellow Gold,18K,3.36,2.18,144386.0,50523771240736,https://cdn.shopify.com/s/files/1/0805/4777/4752/files/DPN000540_Y1_efb17f8d-b6d2-4e82-a315-93418f16f7fa.jpg?v=1767951690,https://cdn.shopify.com/s/files/1/0805/4777/4752/files/DPN000540_Y2_47241789-ad9f-4278-96ab-86557237326d.jpg?v=1767951657,DPN000540_Y1_efb17f8d-b6d2-4e82-a315-93418f16f7fa.jpg
Fourfold Glow Halo Diamond Pendant,9 KT / Yellow Gold,9K,2.23,0.92,50182.0,50738104369440,https://cdn.shopify.com/s/files/1/0805/4777/4752/files/DPN000554_Y1_c90805aa-7843-4ec6-918d-3fc015f9030e.jpg?v=1767951960,https://cdn.shopify.com/s/files/1/0805/4777/4752/files/DPN000554_Y2_5a6f56b4-c955-4017-bc20-6993db192271.jpg?v=1767951879,DPN000554_Y1_c90805aa-7843-4ec6-918d-3fc015f9030e.jpg
Fourfold Glow Halo Diamond Pendant,14 KT / Yellow Gold,14K,2.52,0.92,60454.0,50523770618144,https://cdn.shopify.com/s/files/1/0805/4777/4752/files/DPN000554_Y1_c90805aa-7843-4ec6-918d-3fc015f9030e.jpg?v=1767951960,https://cdn.shopify.com/s/files/1/0805/4777/4752/files/DPN000554_Y2_5a6f56b4-c955-4017-bc20-6993db192271.jpg?v=1767951879,DPN000554_Y1_c90805aa-7843-4ec6-918d-3fc015f9030e.jpg
Fourfold Glow Halo Diamond Pendant,18 KT / Yellow Gold,18K,2.97,0.92,72731.0,50523770749216,https://cdn.shopify.com/s/files/1/0805/4777/4752/files/DPN000554_Y1_c90805aa-7843-4ec6-918d-3fc015f9030e.jpg?v=1767951960,https://cdn.shopify.com/s/files/1/0805/4777/4752/files/DPN000554_Y2_5a6f56b4-c955-4017-bc20-6993db192271.jpg?v=1767951879,DPN000554_Y1_c90805aa-7843-4ec6-918d-3fc015f9030e.jpg
Emerald Drop Diamond Pendant,9 KT / Yellow Gold,9K,1.58,1.05,55564.0,50738110071072,https://cdn.shopify.com/s/files/1/0805/4777/4752/files/DPN000555_Y1_3f50df8d-888c-471a-a21a-5a0673d921fb.jpg?v=1767952118,https://cdn.shopify.com/s/files/1/0805/4777/4752/files/DPN000555_Y2_b0593f99-d887-4355-b1e2-283c8fbd2ba9.jpg?v=1767952089,DPN000555_Y1_3f50df8d-888c-471a-a21a-5a0673d921fb.jpg
Emerald Drop Diamond Pendant,14 KT / Yellow Gold,14K,1.79,1.05,62885.0,50523769176352,https://cdn.shopify.com/s/files/1/0805/4777/4752/files/DPN000555_Y1_3f50df8d-888c-471a-a21a-5a0673d921fb.jpg?v=1767952118,https://cdn.shopify.com/s/files/1/0805/4777/4752/files/DPN000555_Y2_b0593f99-d887-4355-b1e2-283c8fbd2ba9.jpg?v=1767952089,DPN000555_Y1_3f50df8d-888c-471a-a21a-5a0673d921fb.jpg
Emerald Drop Diamond Pendant,18 KT / Yellow Gold,18K,2.1,1.05,71488.0,50523769274656,https://cdn.shopify.com/s/files/1/0805/4777/4752/files/DPN000555_Y1_3f50df8d-888c-471a-a21a-5a0673d921fb.jpg?v=1767952118,https://cdn.shopify.com/s/files/1/0805/4777/4752/files/DPN000555_Y2_b0593f99-d887-4355-b1e2-283c8fbd2ba9.jpg?v=1767952089,DPN000555_Y1_3f50df8d-888c-471a-a21a-5a0673d921fb.jpg
Little Blink Diamond Pendant,9 KT / Rose Gold,9K,1.18,0.26,15912.0,50738115445024,https://cdn.shopify.com/s/files/1/0805/4777/4752/files/DPN000547_R1.jpg?v=1754660006,https://cdn.shopify.com/s/files/1/0805/4777/4752/files/DPN000547_R2.jpg?v=1763636536,DPN000547_R1.jpg
Little Blink Diamond Pendant,14 KT / Rose Gold,14K,1.34,0.26,21410.0,50523767439648,https://cdn.shopify.com/s/files/1/0805/4777/4752/files/DPN000547_R1.jpg?v=1754660006,https://cdn.shopify.com/s/files/1/0805/4777/4752/files/DPN000547_R2.jpg?v=1763636536,DPN000547_R1.jpg
Little Blink Diamond Pendant,18 KT / Rose Gold,18K,1.58,0.26,27947.0,50523767537952,https://cdn.shopify.com/s/files/1/0805/4777/4752/files/DPN000547_R1.jpg?v=1754660006,https://cdn.shopify.com/s/files/1/0805/4777/4752/files/DPN000547_R2.jpg?v=1763636536,DPN000547_R1.jpg
Smile-Inducing Diamond Pendant,9 KT / Rose Gold,9K,1.31,2.22,111477.0,50738174001440,https://cdn.shopify.com/s/files/1/0805/4777/4752/files/DPN000542_R1_82d88e4c-a503-4a3b-bbde-a1c0168e3c0a.jpg?v=1762248185,https://cdn.shopify.com/s/files/1/0805/4777/4752/files/DPN000542_R2_5a489677-2b06-4f53-bae5-a91a44a0d9a0.jpg?v=1770113168,DPN000542_R1_82d88e4c-a503-4a3b-bbde-a1c0168e3c0a.jpg
Smile-Inducing Diamond Pendant,14 KT / Rose Gold,14K,1.48,2.22,117508.0,50523765309728,https://cdn.shopify.com/s/files/1/0805/4777/4752/files/DPN000542_R1_82d88e4c-a503-4a3b-bbde-a1c0168e3c0a.jpg?v=1762248185,https://cdn.shopify.com/s/files/1/0805/4777/4752/files/DPN000542_R2_5a489677-2b06-4f53-bae5-a91a44a0d9a0.jpg?v=1770113168,DPN000542_R1_82d88e4c-a503-4a3b-bbde-a1c0168e3c0a.jpg
Smile-Inducing Diamond Pendant,18 KT / Rose Gold,18K,1.74,2.22,124666.0,50523765408032,https://cdn.shopify.com/s/files/1/0805/4777/4752/files/DPN000542_R1_82d88e4c-a503-4a3b-bbde-a1c0168e3c0a.jpg?v=1762248185,https://cdn.shopify.com/s/files/1/0805/4777/4752/files/DPN000542_R2_5a489677-2b06-4f53-bae5-a91a44a0d9a0.jpg?v=1770113168,DPN000542_R1_82d88e4c-a503-4a3b-bbde-a1c0168e3c0a.jpg
Flare Drop Diamond Pendant,9 KT / White Gold,9K,1.31,2.48,123367.0,50738178359584,https://cdn.shopify.com/s/files/1/0805/4777/4752/files/DPN000538_W1.jpg?v=1754660276,https://cdn.shopify.com/s/files/1/0805/4777/4752/files/DPN000538_W2.jpg?v=1770112961,DPN000538_W1.jpg
Flare Drop Diamond Pendant,14 KT / White Gold,14K,1.48,2.48,129398.0,50523764556064,https://cdn.shopify.com/s/files/1/0805/4777/4752/files/DPN000538_W1.jpg?v=1754660276,https://cdn.shopify.com/s/files/1/0805/4777/4752/files/DPN000538_W2.jpg?v=1770112961,DPN000538_W1.jpg
Flare Drop Diamond Pendant,18 KT / White Gold,18K,1.74,2.48,136556.0,50523764654368,https://cdn.shopify.com/s/files/1/0805/4777/4752/files/DPN000538_W1.jpg?v=1754660276,https://cdn.shopify.com/s/files/1/0805/4777/4752/files/DPN000538_W2.jpg?v=1770112961,DPN000538_W1.jpg
Halo Drop Diamond Pendant,9 KT / Yellow Gold,9K,0.94,0.97,41118.0,50738183897376,https://cdn.shopify.com/s/files/1/0805/4777/4752/files/DPN000553_Y1.jpg?v=1754657473,https://cdn.shopify.com/s/files/1/0805/4777/4752/files/DPN000553_Y2.jpg?v=1771243173,DPN000553_Y1.jpg
Halo Drop Diamond Pendant,14 KT / Yellow Gold,14K,1.06,0.97,45426.0,50523762917664,https://cdn.shopify.com/s/files/1/0805/4777/4752/files/DPN000553_Y1.jpg?v=1754657473,https://cdn.shopify.com/s/files/1/0805/4777/4752/files/DPN000553_Y2.jpg?v=1771243173,DPN000553_Y1.jpg
Halo Drop Diamond Pendant,18 KT / Yellow Gold,18K,1.25,0.97,50599.0,50523763015968,https://cdn.shopify.com/s/files/1/0805/4777/4752/files/DPN000553_Y1.jpg?v=1754657473,https://cdn.shopify.com/s/files/1/0805/4777/4752/files/DPN000553_Y2.jpg?v=1771243173,DPN000553_Y1.jpg
Compact Glow Diamond Pendant,9 KT / Yellow Gold,9K,0.99,2.2,108152.0,50738185666848,https://cdn.shopify.com/s/files/1/0805/4777/4752/files/DPN000536_Y1_079c4ae8-5e09-4e70-bfc4-a42a57bd1238.jpg?v=1767951274,https://cdn.shopify.com/s/files/1/0805/4777/4752/files/DPN000536_Y2_882a6516-bf7c-48d3-8ed7-9a3320e5cd94.jpg?v=1770112888,DPN000536_Y1_079c4ae8-5e09-4e70-bfc4-a42a57bd1238.jpg
Compact Glow Diamond Pendant,14 KT / Yellow Gold,14K,1.12,2.2,112724.0,50523762131232,https://cdn.shopify.com/s/files/1/0805/4777/4752/files/DPN000536_Y1_079c4ae8-5e09-4e70-bfc4-a42a57bd1238.jpg?v=1767951274,https://cdn.shopify.com/s/files/1/0805/4777/4752/files/DPN000536_Y2_882a6516-bf7c-48d3-8ed7-9a3320e5cd94.jpg?v=1770112888,DPN000536_Y1_079c4ae8-5e09-4e70-bfc4-a42a57bd1238.jpg
Compact Glow Diamond Pendant,18 KT / Yellow Gold,18K,1.32,2.2,118181.0,50523762229536,https://cdn.shopify.com/s/files/1/0805/4777/4752/files/DPN000536_Y1_079c4ae8-5e09-4e70-bfc4-a42a57bd1238.jpg?v=1767951274,https://cdn.shopify.com/s/files/1/0805/4777/4752/files/DPN000536_Y2_882a6516-bf7c-48d3-8ed7-9a3320e5cd94.jpg?v=1770112888,DPN000536_Y1_079c4ae8-5e09-4e70-bfc4-a42a57bd1238.jpg
Moon Drop Diamond Pendant,9 KT / Rose Gold,9K,0.76,1.98,89147.0,50738191335712,https://cdn.shopify.com/s/files/1/0805/4777/4752/files/DPN000537_R1.jpg?v=1754660406,https://cdn.shopify.com/s/files/1/0805/4777/4752/files/DPN000537_R2.jpg?v=1770112928,DPN000537_R1.jpg
Moon Drop Diamond Pendant,14 KT / Rose Gold,14K,0.86,1.98,92659.0,50523760820512,https://cdn.shopify.com/s/files/1/0805/4777/4752/files/DPN000537_R1.jpg?v=1754660406,https://cdn.shopify.com/s/files/1/0805/4777/4752/files/DPN000537_R2.jpg?v=1770112928,DPN000537_R1.jpg
Moon Drop Diamond Pendant,18 KT / Rose Gold,18K,1.01,1.98,96806.0,50523760918816,https://cdn.shopify.com/s/files/1/0805/4777/4752/files/DPN000537_R1.jpg?v=1754660406,https://cdn.shopify.com/s/files/1/0805/4777/4752/files/DPN000537_R2.jpg?v=1770112928,DPN000537_R1.jpg
Tiny Blob Diamond Pendant,9 KT / Rose Gold,9K,0.33,0.82,34780.0,50738192285984,https://cdn.shopify.com/s/files/1/0805/4777/4752/files/DPN000541_R1_bc2548a4-6269-4b8c-8396-6fd6cdfb174a.jpg?v=1762248013,https://cdn.shopify.com/s/files/1/0805/4777/4752/files/DPN000541_R2_e9f8351a-da5e-4e92-b06a-7b7c5b262dad.jpg?v=1770113105,DPN000541_R1_bc2548a4-6269-4b8c-8396-6fd6cdfb174a.jpg
Tiny Blob Diamond Pendant,14 KT / Rose Gold,14K,0.38,0.82,36367.0,50523760558368,https://cdn.shopify.com/s/files/1/0805/4777/4752/files/DPN000541_R1_bc2548a4-6269-4b8c-8396-6fd6cdfb174a.jpg?v=1762248013,https://cdn.shopify.com/s/files/1/0805/4777/4752/files/DPN000541_R2_e9f8351a-da5e-4e92-b06a-7b7c5b262dad.jpg?v=1770113105,DPN000541_R1_bc2548a4-6269-4b8c-8396-6fd6cdfb174a.jpg
Tiny Blob Diamond Pendant,18 KT / Rose Gold,18K,0.45,0.82,38245.0,50523760656672,https://cdn.shopify.com/s/files/1/0805/4777/4752/files/DPN000541_R1_bc2548a4-6269-4b8c-8396-6fd6cdfb174a.jpg?v=1762248013,https://cdn.shopify.com/s/files/1/0805/4777/4752/files/DPN000541_R2_e9f8351a-da5e-4e92-b06a-7b7c5b262dad.jpg?v=1770113105,DPN000541_R1_bc2548a4-6269-4b8c-8396-6fd6cdfb174a.jpg
Cosmic Mist Diamond Pendant,9 KT / Yellow Gold,9K,0.41,0.61,20289.0,50738195431712,https://cdn.shopify.com/s/files/1/0805/4777/4752/files/DPN000558_Y1.jpg?v=1754657486,https://cdn.shopify.com/s/files/1/0805/4777/4752/files/DPN000558_Y2.jpg?v=1754657588,DPN000558_Y1.jpg
Cosmic Mist Diamond Pendant,14 KT / Yellow Gold,14K,0.47,0.61,22241.0,50523760296224,https://cdn.shopify.com/s/files/1/0805/4777/4752/files/DPN000558_Y1.jpg?v=1754657486,https://cdn.shopify.com/s/files/1/0805/4777/4752/files/DPN000558_Y2.jpg?v=1754657588,DPN000558_Y1.jpg
Cosmic Mist Diamond Pendant,18 KT / Yellow Gold,18K,0.55,0.61,24483.0,50523760394528,https://cdn.shopify.com/s/files/1/0805/4777/4752/files/DPN000558_Y1.jpg?v=1754657486,https://cdn.shopify.com/s/files/1/0805/4777/4752/files/DPN000558_Y2.jpg?v=1754657588,DPN000558_Y1.jpg
Aqua Glow Fashion Diamond Pendant,9 KT / Rose Gold,9K,1.95,0.318,23308.0,50738206343456,https://cdn.shopify.com/s/files/1/0805/4777/4752/files/DPN000489_R1.jpg?v=1750925760,https://cdn.shopify.com/s/files/1/0805/4777/4752/files/DPN000489_R2.jpg?v=1770112827,DPN000489_R1.jpg
Aqua Glow Fashion Diamond Pendant,14 KT / Rose Gold,14K,2.21,0.318,32351.0,50311885881632,https://cdn.shopify.com/s/files/1/0805/4777/4752/files/DPN000489_R1.jpg?v=1750925760,https://cdn.shopify.com/s/files/1/0805/4777/4752/files/DPN000489_R2.jpg?v=1770112827,DPN000489_R1.jpg
Aqua Glow Fashion Diamond Pendant,18 KT / Rose Gold,18K,2.6,0.318,43062.0,50311885979936,https://cdn.shopify.com/s/files/1/0805/4777/4752/files/DPN000489_R1.jpg?v=1750925760,https://cdn.shopify.com/s/files/1/0805/4777/4752/files/DPN000489_R2.jpg?v=1770112827,DPN000489_R1.jpg
Cobalt Dreams Fashion Diamond Pendant,9 KT / Rose Gold,9K,1.65,0.16,16812.0,50738207195424,https://cdn.shopify.com/s/files/1/0805/4777/4752/files/DPN000488_R1.jpg?v=1750683928,https://cdn.shopify.com/s/files/1/0805/4777/4752/files/DPN000488_R2.jpg?v=1770112791,DPN000488_R1.jpg
Cobalt Dreams Fashion Diamond Pendant,14 KT / Rose Gold,14K,1.87,0.16,24464.0,50311885652256,https://cdn.shopify.com/s/files/1/0805/4777/4752/files/DPN000488_R1.jpg?v=1750683928,https://cdn.shopify.com/s/files/1/0805/4777/4752/files/DPN000488_R2.jpg?v=1770112791,DPN000488_R1.jpg
Cobalt Dreams Fashion Diamond Pendant,18 KT / Rose Gold,18K,2.2,0.16,33527.0,50311885750560,https://cdn.shopify.com/s/files/1/0805/4777/4752/files/DPN000488_R1.jpg?v=1750683928,https://cdn.shopify.com/s/files/1/0805/4777/4752/files/DPN000488_R2.jpg?v=1770112791,DPN000488_R1.jpg
Color Cue Fashion Diamond Pendant,9 KT / Rose Gold,9K,1.16,0.3,16826.0,50738209325344,https://cdn.shopify.com/s/files/1/0805/4777/4752/files/DPN000487_R1.jpg?v=1750683675,https://cdn.shopify.com/s/files/1/0805/4777/4752/files/DPN000487_R2.jpg?v=1770112761,DPN000487_R1.jpg
Color Cue Fashion Diamond Pendant,14 KT / Rose Gold,14K,1.32,0.3,22256.0,50311885422880,https://cdn.shopify.com/s/files/1/0805/4777/4752/files/DPN000487_R1.jpg?v=1750683675,https://cdn.shopify.com/s/files/1/0805/4777/4752/files/DPN000487_R2.jpg?v=1770112761,DPN000487_R1.jpg
Color Cue Fashion Diamond Pendant,18 KT / Rose Gold,18K,1.55,0.3,28617.0,50311885521184,https://cdn.shopify.com/s/files/1/0805/4777/4752/files/DPN000487_R1.jpg?v=1750683675,https://cdn.shopify.com/s/files/1/0805/4777/4752/files/DPN000487_R2.jpg?v=1770112761,DPN000487_R1.jpg
Reverse Charm Fashion Diamond Pendant,9 KT / Yellow Gold,9K,1.01,0.25,14352.0,50738210046240,https://cdn.shopify.com/s/files/1/0805/4777/4752/files/DPN000486_Y1.jpg?v=1750415232,https://cdn.shopify.com/s/files/1/0805/4777/4752/files/DPN000486_Y2.jpg?v=1770112727,DPN000486_Y1.jpg
Reverse Charm Fashion Diamond Pendant,14 KT / Yellow Gold,14K,1.15,0.25,19086.0,50311885259040,https://cdn.shopify.com/s/files/1/0805/4777/4752/files/DPN000486_Y1.jpg?v=1750415232,https://cdn.shopify.com/s/files/1/0805/4777/4752/files/DPN000486_Y2.jpg?v=1770112727,DPN000486_Y1.jpg
Reverse Charm Fashion Diamond Pendant,18 KT / Yellow Gold,18K,1.35,0.25,24623.0,50311885357344,https://cdn.shopify.com/s/files/1/0805/4777/4752/files/DPN000486_Y1.jpg?v=1750415232,https://cdn.shopify.com/s/files/1/0805/4777/4752/files/DPN000486_Y2.jpg?v=1770112727,DPN000486_Y1.jpg
The Greenline Fashion Diamond Pendant,9 KT / White Gold,9K,0.88,0.108,9754.0,50738222498080,https://cdn.shopify.com/s/files/1/0805/4777/4752/files/DPN000477_W1.jpg?v=1750683425,https://cdn.shopify.com/s/files/1/0805/4777/4752/files/DPN000477_W2.jpg?v=1770112572,DPN000477_W1.jpg
The Greenline Fashion Diamond Pendant,14 KT / White Gold,14K,1.0,0.108,13860.0,50311884996896,https://cdn.shopify.com/s/files/1/0805/4777/4752/files/DPN000477_W1.jpg?v=1750683425,https://cdn.shopify.com/s/files/1/0805/4777/4752/files/DPN000477_W2.jpg?v=1770112572,DPN000477_W1.jpg
The Greenline Fashion Diamond Pendant,18 KT / White Gold,18K,1.18,0.108,18750.0,50311885095200,https://cdn.shopify.com/s/files/1/0805/4777/4752/files/DPN000477_W1.jpg?v=1750683425,https://cdn.shopify.com/s/files/1/0805/4777/4752/files/DPN000477_W2.jpg?v=1770112572,DPN000477_W1.jpg
Amor Classic Emerald Diamond Pendant,9 KT / Yellow Gold,9K,1.33,1.137,56399.0,50738238259488,https://cdn.shopify.com/s/files/1/0805/4777/4752/files/DPN000222_Y1.jpg?v=1750836470,https://cdn.shopify.com/s/files/1/0805/4777/4752/files/DPN000222_Y2.jpg?v=1763629620,DPN000222_Y1.jpg
Amor Classic Emerald Diamond Pendant,14 KT / Yellow Gold,14K,1.51,1.137,62592.0,50309776965920,https://cdn.shopify.com/s/files/1/0805/4777/4752/files/DPN000222_Y1.jpg?v=1750836470,https://cdn.shopify.com/s/files/1/0805/4777/4752/files/DPN000222_Y2.jpg?v=1763629620,DPN000222_Y1.jpg
Amor Classic Emerald Diamond Pendant,18 KT / Yellow Gold,18K,1.77,1.137,69831.0,50309777064224,https://cdn.shopify.com/s/files/1/0805/4777/4752/files/DPN000222_Y1.jpg?v=1750836470,https://cdn.shopify.com/s/files/1/0805/4777/4752/files/DPN000222_Y2.jpg?v=1763629620,DPN000222_Y1.jpg
Camilla Classic Cushion Diamond Pendant,9 KT / Yellow Gold,9K,1.13,0.897,41804.0,50738240160032,https://cdn.shopify.com/s/files/1/0805/4777/4752/files/DPN000221_Y1.jpg?v=1750836467,https://cdn.shopify.com/s/files/1/0805/4777/4752/files/DPN000221_Y2.jpg?v=1750836529,DPN000221_Y1.jpg
Camilla Classic Cushion Diamond Pendant,14 KT / Yellow Gold,14K,1.28,0.897,47038.0,50309776572704,https://cdn.shopify.com/s/files/1/0805/4777/4752/files/DPN000221_Y1.jpg?v=1750836467,https://cdn.shopify.com/s/files/1/0805/4777/4752/files/DPN000221_Y2.jpg?v=1750836529,DPN000221_Y1.jpg
Camilla Classic Cushion Diamond Pendant,18 KT / Yellow Gold,18K,1.5,0.897,53170.0,50309776671008,https://cdn.shopify.com/s/files/1/0805/4777/4752/files/DPN000221_Y1.jpg?v=1750836467,https://cdn.shopify.com/s/files/1/0805/4777/4752/files/DPN000221_Y2.jpg?v=1750836529,DPN000221_Y1.jpg
Avril Classic Marquise Diamond Pendant,9 KT / Yellow Gold,9K,1.17,0.977,44960.0,50738241896736,https://cdn.shopify.com/s/files/1/0805/4777/4752/files/DPN000224_Y1.jpg?v=1750836475,https://cdn.shopify.com/s/files/1/0805/4777/4752/files/DPN000224_Y2.jpg?v=1763636463,DPN000224_Y1.jpg
Avril Classic Marquise Diamond Pendant,14 KT / Yellow Gold,14K,1.33,0.977,50424.0,50309776376096,https://cdn.shopify.com/s/files/1/0805/4777/4752/files/DPN000224_Y1.jpg?v=1750836475,https://cdn.shopify.com/s/files/1/0805/4777/4752/files/DPN000224_Y2.jpg?v=1763636463,DPN000224_Y1.jpg
Avril Classic Marquise Diamond Pendant,18 KT / Yellow Gold,18K,1.56,0.977,56812.0,50309776474400,https://cdn.shopify.com/s/files/1/0805/4777/4752/files/DPN000224_Y1.jpg?v=1750836475,https://cdn.shopify.com/s/files/1/0805/4777/4752/files/DPN000224_Y2.jpg?v=1763636463,DPN000224_Y1.jpg
Bespoke Classic Pear Diamond Pendant,9 KT / Yellow Gold,9K,1.05,1.147,54387.0,50738243502368,https://cdn.shopify.com/s/files/1/0805/4777/4752/files/DPN000218_Y1.jpg?v=1750836457,https://cdn.shopify.com/s/files/1/0805/4777/4752/files/DPN000218_Y2.jpg?v=1750836521,DPN000218_Y1.jpg
Bespoke Classic Pear Diamond Pendant,14 KT / Yellow Gold,14K,1.19,1.147,59257.0,50309776179488,https://cdn.shopify.com/s/files/1/0805/4777/4752/files/DPN000218_Y1.jpg?v=1750836457,https://cdn.shopify.com/s/files/1/0805/4777/4752/files/DPN000218_Y2.jpg?v=1750836521,DPN000218_Y1.jpg
Bespoke Classic Pear Diamond Pendant,18 KT / Yellow Gold,18K,1.4,1.147,65024.0,50309776277792,https://cdn.shopify.com/s/files/1/0805/4777/4752/files/DPN000218_Y1.jpg?v=1750836457,https://cdn.shopify.com/s/files/1/0805/4777/4752/files/DPN000218_Y2.jpg?v=1750836521,DPN000218_Y1.jpg
Classic Heart Halo Diamond Pendant,14 KT / White Gold,14K,1.02,1.097,55755.0,50309775753504,https://cdn.shopify.com/s/files/1/0805/4777/4752/files/DPN000223_W1.jpg?v=1750837009,https://cdn.shopify.com/s/files/1/0805/4777/4752/files/DPN000223_Y1.jpg?v=1750836473,DPN000223_W1.jpg
Classic Heart Halo Diamond Pendant,18 KT / White Gold,18K,1.2,1.097,60699.0,50309775851808,https://cdn.shopify.com/s/files/1/0805/4777/4752/files/DPN000223_W1.jpg?v=1750837009,https://cdn.shopify.com/s/files/1/0805/4777/4752/files/DPN000223_Y1.jpg?v=1750836473,DPN000223_W1.jpg
Classic Heart Halo Diamond Pendant,9 KT / White Gold,9K,0.9,1.097,51582.0,50738247729440,https://cdn.shopify.com/s/files/1/0805/4777/4752/files/DPN000223_W1.jpg?v=1750837009,https://cdn.shopify.com/s/files/1/0805/4777/4752/files/DPN000223_Y1.jpg?v=1750836473,DPN000223_W1.jpg
Eternal Classic Round Diamond Pendant,9 KT / Rose Gold,9K,0.9,1.733,76627.0,50738248319264,https://cdn.shopify.com/s/files/1/0805/4777/4752/files/DPN000220_R1.jpg?v=1763629618,https://cdn.shopify.com/s/files/1/0805/4777/4752/files/DPN000220_Y1.jpg?v=1750836463,DPN000220_R1.jpg
Eternal Classic Round Diamond Pendant,14 KT / Rose Gold,14K,1.02,1.733,80801.0,50309775524128,https://cdn.shopify.com/s/files/1/0805/4777/4752/files/DPN000220_R1.jpg?v=1763629618,https://cdn.shopify.com/s/files/1/0805/4777/4752/files/DPN000220_Y1.jpg?v=1750836463,DPN000220_R1.jpg
Eternal Classic Round Diamond Pendant,18 KT / Rose Gold,18K,1.2,1.733,85745.0,50309775622432,https://cdn.shopify.com/s/files/1/0805/4777/4752/files/DPN000220_R1.jpg?v=1763629618,https://cdn.shopify.com/s/files/1/0805/4777/4752/files/DPN000220_Y1.jpg?v=1750836463,DPN000220_R1.jpg
Barbara Classic Princess Diamond Pendant,9 KT / Rose Gold,9K,1.05,5.632,242556.0,50738257199392,https://cdn.shopify.com/s/files/1/0805/4777/4752/files/DPN000219_R1.jpg?v=1750843171,https://cdn.shopify.com/s/files/1/0805/4777/4752/files/DPN000219_R2.jpg?v=1770112059,DPN000219_R1.jpg
Barbara Classic Princess Diamond Pendant,14 KT / Rose Gold,14K,1.19,5.632,247425.0,50309774541088,https://cdn.shopify.com/s/files/1/0805/4777/4752/files/DPN000219_R1.jpg?v=1750843171,https://cdn.shopify.com/s/files/1/0805/4777/4752/files/DPN000219_R2.jpg?v=1770112059,DPN000219_R1.jpg
Barbara Classic Princess Diamond Pendant,18 KT / Rose Gold,18K,1.4,5.632,253192.0,50309774639392,https://cdn.shopify.com/s/files/1/0805/4777/4752/files/DPN000219_R1.jpg?v=1750843171,https://cdn.shopify.com/s/files/1/0805/4777/4752/files/DPN000219_R2.jpg?v=1770112059,DPN000219_R1.jpg
The Mystic Hex Evil Eye Diamond Pendant,9 KT / Yellow Gold,9K,1.25,0.15,13716.0,50149561729312,https://cdn.shopify.com/s/files/1/0805/4777/4752/files/PDEV-11_Y1.jpg?v=1747842139,https://cdn.shopify.com/s/files/1/0805/4777/4752/files/PDEV-11_Y2.jpg?v=1770113755,PDEV-11_Y1.jpg
The Mystic Hex Evil Eye Diamond Pendant,14 KT / Yellow Gold,14K,1.37,0.15,19071.0,50142889312544,https://cdn.shopify.com/s/files/1/0805/4777/4752/files/PDEV-11_Y1.jpg?v=1747842139,https://cdn.shopify.com/s/files/1/0805/4777/4752/files/PDEV-11_Y2.jpg?v=1770113755,PDEV-11_Y1.jpg
The Mystic Hex Evil Eye Diamond Pendant,18 KT / Yellow Gold,18K,1.64,0.15,26054.0,50142889410848,https://cdn.shopify.com/s/files/1/0805/4777/4752/files/PDEV-11_Y1.jpg?v=1747842139,https://cdn.shopify.com/s/files/1/0805/4777/4752/files/PDEV-11_Y2.jpg?v=1770113755,PDEV-11_Y1.jpg
Cornered Brilliance Evil Eye Diamond Pendant,9 KT / Yellow Gold,9K,1.18,0.196,14461.0,50149562384672,https://cdn.shopify.com/s/files/1/0805/4777/4752/files/PDEV-12_Y1.jpg?v=1747842144,https://cdn.shopify.com/s/files/1/0805/4777/4752/files/PDEV-12_Y2.jpg?v=1770113794,PDEV-12_Y1.jpg
Cornered Brilliance Evil Eye Diamond Pendant,14 KT / Yellow Gold,14K,1.3,0.196,19580.0,50142889115936,https://cdn.shopify.com/s/files/1/0805/4777/4752/files/PDEV-12_Y1.jpg?v=1747842144,https://cdn.shopify.com/s/files/1/0805/4777/4752/files/PDEV-12_Y2.jpg?v=1770113794,PDEV-12_Y1.jpg
Cornered Brilliance Evil Eye Diamond Pendant,18 KT / Yellow Gold,18K,1.56,0.196,26252.0,50142889214240,https://cdn.shopify.com/s/files/1/0805/4777/4752/files/PDEV-12_Y1.jpg?v=1747842144,https://cdn.shopify.com/s/files/1/0805/4777/4752/files/PDEV-12_Y2.jpg?v=1770113794,PDEV-12_Y1.jpg
Jinx It Angle Evil Eye Diamond Pendant,9 KT / Yellow Gold,9K,1.91,0.334,23764.0,50149571592480,https://cdn.shopify.com/s/files/1/0805/4777/4752/files/PDEV-10_Y1.jpg?v=1747842134,https://cdn.shopify.com/s/files/1/0805/4777/4752/files/PDEV-10_Y2.jpg?v=1770113683,PDEV-10_Y1.jpg
Jinx It Angle Evil Eye Diamond Pendant,14 KT / Yellow Gold,14K,2.1,0.334,32010.0,50140607512864,https://cdn.shopify.com/s/files/1/0805/4777/4752/files/PDEV-10_Y1.jpg?v=1747842134,https://cdn.shopify.com/s/files/1/0805/4777/4752/files/PDEV-10_Y2.jpg?v=1770113683,PDEV-10_Y1.jpg
Jinx It Angle Evil Eye Diamond Pendant,18 KT / Yellow Gold,18K,2.52,0.334,42788.0,50140607611168,https://cdn.shopify.com/s/files/1/0805/4777/4752/files/PDEV-10_Y1.jpg?v=1747842134,https://cdn.shopify.com/s/files/1/0805/4777/4752/files/PDEV-10_Y2.jpg?v=1770113683,PDEV-10_Y1.jpg
Alluring Quads Evil Eye Diamond Pendant,9 KT / Yellow Gold,9K,1.73,0.268,20600.0,50149573230880,https://cdn.shopify.com/s/files/1/0805/4777/4752/files/PDEV-08_Y1.jpg?v=1747842121,https://cdn.shopify.com/s/files/1/0805/4777/4752/files/PDEV-08_Y2.jpg?v=1770113618,PDEV-08_Y1.jpg
Alluring Quads Evil Eye Diamond Pendant,14 KT / Yellow Gold,14K,1.9,0.268,28049.0,50140606038304,https://cdn.shopify.com/s/files/1/0805/4777/4752/files/PDEV-08_Y1.jpg?v=1747842121,https://cdn.shopify.com/s/files/1/0805/4777/4752/files/PDEV-08_Y2.jpg?v=1770113618,PDEV-08_Y1.jpg
Alluring Quads Evil Eye Diamond Pendant,18 KT / Yellow Gold,18K,2.28,0.268,37801.0,50140606136608,https://cdn.shopify.com/s/files/1/0805/4777/4752/files/PDEV-08_Y1.jpg?v=1747842121,https://cdn.shopify.com/s/files/1/0805/4777/4752/files/PDEV-08_Y2.jpg?v=1770113618,PDEV-08_Y1.jpg
The Curvey Pearlet Evil Eye Diamond Pendant,9 KT / Yellow Gold,9K,1.41,0.284,18541.0,50149573656864,https://cdn.shopify.com/s/files/1/0805/4777/4752/files/PDEV-07_Y1.jpg?v=1747842116,https://cdn.shopify.com/s/files/1/0805/4777/4752/files/PDEV-07_Y2.jpg?v=1770113589,PDEV-07_Y1.jpg
The Curvey Pearlet Evil Eye Diamond Pendant,14 KT / Yellow Gold,14K,1.55,0.284,24626.0,50140605743392,https://cdn.shopify.com/s/files/1/0805/4777/4752/files/PDEV-07_Y1.jpg?v=1747842116,https://cdn.shopify.com/s/files/1/0805/4777/4752/files/PDEV-07_Y2.jpg?v=1770113589,PDEV-07_Y1.jpg
The Curvey Pearlet Evil Eye Diamond Pendant,18 KT / Yellow Gold,18K,1.86,0.284,32581.0,50140605841696,https://cdn.shopify.com/s/files/1/0805/4777/4752/files/PDEV-07_Y1.jpg?v=1747842116,https://cdn.shopify.com/s/files/1/0805/4777/4752/files/PDEV-07_Y2.jpg?v=1770113589,PDEV-07_Y1.jpg
Her Orbit Evil Eye Diamond Pendant,9 KT / Yellow Gold,9K,1.46,0.24,17748.0,50149590761760,https://cdn.shopify.com/s/files/1/0805/4777/4752/files/PDEV-06_y1.jpg?v=1747898184,https://cdn.shopify.com/s/files/1/0805/4777/4752/files/PDEV-06_y2.jpg?v=1770113521,PDEV-06_y1.jpg
Her Orbit Evil Eye Diamond Pendant,14 KT / Yellow Gold,14K,1.6,0.24,24002.0,50140605251872,https://cdn.shopify.com/s/files/1/0805/4777/4752/files/PDEV-06_y1.jpg?v=1747898184,https://cdn.shopify.com/s/files/1/0805/4777/4752/files/PDEV-06_y2.jpg?v=1770113521,PDEV-06_y1.jpg
Her Orbit Evil Eye Diamond Pendant,18 KT / Yellow Gold,18K,1.92,0.24,32214.0,50140605350176,https://cdn.shopify.com/s/files/1/0805/4777/4752/files/PDEV-06_y1.jpg?v=1747898184,https://cdn.shopify.com/s/files/1/0805/4777/4752/files/PDEV-06_y2.jpg?v=1770113521,PDEV-06_y1.jpg
Twilight Dime Evil Eye Diamond Pendant,9 KT / White Gold,9K,1.18,0.22,15101.0,50149587255584,https://cdn.shopify.com/s/files/1/0805/4777/4752/files/PDEV-05_w1.jpg?v=1747895848,https://cdn.shopify.com/s/files/1/0805/4777/4752/files/PDEV-05_w2.jpg?v=1770113513,PDEV-05_w1.jpg
Twilight Dime Evil Eye Diamond Pendant,14 KT / White Gold,14K,1.3,0.22,20220.0,50140604694816,https://cdn.shopify.com/s/files/1/0805/4777/4752/files/PDEV-05_w1.jpg?v=1747895848,https://cdn.shopify.com/s/files/1/0805/4777/4752/files/PDEV-05_w2.jpg?v=1770113513,PDEV-05_w1.jpg
Twilight Dime Evil Eye Diamond Pendant,18 KT / White Gold,18K,1.56,0.22,26892.0,50140604793120,https://cdn.shopify.com/s/files/1/0805/4777/4752/files/PDEV-05_w1.jpg?v=1747895848,https://cdn.shopify.com/s/files/1/0805/4777/4752/files/PDEV-05_w2.jpg?v=1770113513,PDEV-05_w1.jpg
Luna Aura Evil Eye Diamond Pendant,9 KT / Yellow Gold,9K,1.46,0.16,15614.0,50149586993440,https://cdn.shopify.com/s/files/1/0805/4777/4752/files/PDEV-04_Y1.jpg?v=1747842110,https://cdn.shopify.com/s/files/1/0805/4777/4752/files/PDEV-04_Y2.jpg?v=1770113389,PDEV-04_Y1.jpg
Luna Aura Evil Eye Diamond Pendant,14 KT / Yellow Gold,14K,1.6,0.16,21868.0,50140604334368,https://cdn.shopify.com/s/files/1/0805/4777/4752/files/PDEV-04_Y1.jpg?v=1747842110,https://cdn.shopify.com/s/files/1/0805/4777/4752/files/PDEV-04_Y2.jpg?v=1770113389,PDEV-04_Y1.jpg
Luna Aura Evil Eye Diamond Pendant,18 KT / Yellow Gold,18K,1.92,0.16,30080.0,50140604432672,https://cdn.shopify.com/s/files/1/0805/4777/4752/files/PDEV-04_Y1.jpg?v=1747842110,https://cdn.shopify.com/s/files/1/0805/4777/4752/files/PDEV-04_Y2.jpg?v=1770113389,PDEV-04_Y1.jpg
Pebble Grace Evil Eye Diamond Pendant,9 KT / Rose Gold,9K,1.18,0.12,12433.0,50149586796832,https://cdn.shopify.com/s/files/1/0805/4777/4752/files/PDEV-03_R1.jpg?v=1747895344,https://cdn.shopify.com/s/files/1/0805/4777/4752/files/PDEV-03_R2.jpg?v=1770113370,PDEV-03_R1.jpg
Pebble Grace Evil Eye Diamond Pendant,14 KT / Rose Gold,14K,1.3,0.12,17553.0,50140603941152,https://cdn.shopify.com/s/files/1/0805/4777/4752/files/PDEV-03_R1.jpg?v=1747895344,https://cdn.shopify.com/s/files/1/0805/4777/4752/files/PDEV-03_R2.jpg?v=1770113370,PDEV-03_R1.jpg
Pebble Grace Evil Eye Diamond Pendant,18 KT / Rose Gold,18K,1.56,0.12,24225.0,50140604039456,https://cdn.shopify.com/s/files/1/0805/4777/4752/files/PDEV-03_R1.jpg?v=1747895344,https://cdn.shopify.com/s/files/1/0805/4777/4752/files/PDEV-03_R2.jpg?v=1770113370,PDEV-03_R1.jpg
Cosmic Dial Evil Eye Diamond Pendant,9 KT / Rose Gold,9K,1.0,0.2,13473.0,50149586436384,https://cdn.shopify.com/s/files/1/0805/4777/4752/files/PDEV-02_R1.jpg?v=1757681753,https://cdn.shopify.com/s/files/1/0805/4777/4752/files/PDEV-02_R2.jpg?v=1770113344,PDEV-02_R1.jpg
Cosmic Dial Evil Eye Diamond Pendant,14 KT / Rose Gold,14K,1.1,0.2,17796.0,50140603580704,https://cdn.shopify.com/s/files/1/0805/4777/4752/files/PDEV-02_R1.jpg?v=1757681753,https://cdn.shopify.com/s/files/1/0805/4777/4752/files/PDEV-02_R2.jpg?v=1770113344,PDEV-02_R1.jpg
Cosmic Dial Evil Eye Diamond Pendant,18 KT / Rose Gold,18K,1.32,0.2,23441.0,50140603679008,https://cdn.shopify.com/s/files/1/0805/4777/4752/files/PDEV-02_R1.jpg?v=1757681753,https://cdn.shopify.com/s/files/1/0805/4777/4752/files/PDEV-02_R2.jpg?v=1770113344,PDEV-02_R1.jpg
Celestial Gaze Evil Eye Diamond Pendant,9 KT / Yellow Gold,9K,1.18,0.1,11900.0,50149586239776,https://cdn.shopify.com/s/files/1/0805/4777/4752/files/PDEV-01_Y1.jpg?v=1747842095,https://cdn.shopify.com/s/files/1/0805/4777/4752/files/PDEV-01_Y2.jpg?v=1770113338,PDEV-01_Y1.jpg
Celestial Gaze Evil Eye Diamond Pendant,14 KT / Yellow Gold,14K,1.3,0.1,17019.0,50140602859808,https://cdn.shopify.com/s/files/1/0805/4777/4752/files/PDEV-01_Y1.jpg?v=1747842095,https://cdn.shopify.com/s/files/1/0805/4777/4752/files/PDEV-01_Y2.jpg?v=1770113338,PDEV-01_Y1.jpg
Celestial Gaze Evil Eye Diamond Pendant,18 KT / Yellow Gold,18K,1.56,0.1,23691.0,50140602958112,https://cdn.shopify.com/s/files/1/0805/4777/4752/files/PDEV-01_Y1.jpg?v=1747842095,https://cdn.shopify.com/s/files/1/0805/4777/4752/files/PDEV-01_Y2.jpg?v=1770113338,PDEV-01_Y1.jpg
Fleur Motif Diamond Pendant,9 KT / Yellow Gold,9K,4.12776,0.671,49997.0,50738262507808,https://cdn.shopify.com/s/files/1/0805/4777/4752/files/SPN001097_Y1.jpg?v=1751259948,https://cdn.shopify.com/s/files/1/0805/4777/4752/files/SPN001097_Y2.jpg?v=1770114083,SPN001097_Y1.jpg
Fleur Motif Diamond Pendant,14 KT / Yellow Gold,14K,4.54,0.671,67833.0,50136830509344,https://cdn.shopify.com/s/files/1/0805/4777/4752/files/SPN001097_Y1.jpg?v=1751259948,https://cdn.shopify.com/s/files/1/0805/4777/4752/files/SPN001097_Y2.jpg?v=1770114083,SPN001097_Y1.jpg
Fleur Motif Diamond Pendant,18 KT / Yellow Gold,18K,5.4432,0.671,91076.0,50136830607648,https://cdn.shopify.com/s/files/1/0805/4777/4752/files/SPN001097_Y1.jpg?v=1751259948,https://cdn.shopify.com/s/files/1/0805/4777/4752/files/SPN001097_Y2.jpg?v=1770114083,SPN001097_Y1.jpg
Pear Drizzle Diamond Pendant,9 KT / Rose Gold,9K,2.8,0.976,49011.0,50738262638880,https://cdn.shopify.com/s/files/1/0805/4777/4752/files/SPN001100_R1.jpg?v=1771235249,https://cdn.shopify.com/s/files/1/0805/4777/4752/files/SPN001100_Y1.jpg?v=1751259956,SPN001100_R1.jpg
Pear Drizzle Diamond Pendant,14 KT / Rose Gold,14K,3.08,0.976,61114.0,50136829755680,https://cdn.shopify.com/s/files/1/0805/4777/4752/files/SPN001100_R1.jpg?v=1771235249,https://cdn.shopify.com/s/files/1/0805/4777/4752/files/SPN001100_Y1.jpg?v=1751259956,SPN001100_R1.jpg
Pear Drizzle Diamond Pendant,18 KT / Rose Gold,18K,3.7,0.976,76970.0,50136829853984,https://cdn.shopify.com/s/files/1/0805/4777/4752/files/SPN001100_R1.jpg?v=1771235249,https://cdn.shopify.com/s/files/1/0805/4777/4752/files/SPN001100_Y1.jpg?v=1751259956,SPN001100_R1.jpg
Tesellate Valve Diamond Pendant,9 KT / Rose Gold,9K,1.73,0.317,22360.0,50738262901024,https://cdn.shopify.com/s/files/1/0805/4777/4752/files/SPN001088_R1.jpg?v=1751344407,https://cdn.shopify.com/s/files/1/0805/4777/4752/files/SPN001088_R2.jpg?v=1770114049,SPN001088_R1.jpg
Tesellate Valve Diamond Pendant,14 KT / Rose Gold,14K,1.9,0.317,29809.0,50136829329696,https://cdn.shopify.com/s/files/1/0805/4777/4752/files/SPN001088_R1.jpg?v=1751344407,https://cdn.shopify.com/s/files/1/0805/4777/4752/files/SPN001088_R2.jpg?v=1770114049,SPN001088_R1.jpg
Tesellate Valve Diamond Pendant,18 KT / Rose Gold,18K,2.28,0.317,39561.0,50136829428000,https://cdn.shopify.com/s/files/1/0805/4777/4752/files/SPN001088_R1.jpg?v=1751344407,https://cdn.shopify.com/s/files/1/0805/4777/4752/files/SPN001088_R2.jpg?v=1770114049,SPN001088_R1.jpg
Enlighten Diamond Pendant,9 KT / Yellow Gold,9K,2.78,0.969,47700.0,50738263490848,https://cdn.shopify.com/s/files/1/0805/4777/4752/files/SPN001099_Y1.jpg?v=1751259952,https://cdn.shopify.com/s/files/1/0805/4777/4752/files/SPN001099_Y2.jpg?v=1770114104,SPN001099_Y1.jpg
Enlighten Diamond Pendant,14 KT / Yellow Gold,14K,3.06,0.969,59735.0,50136829165856,https://cdn.shopify.com/s/files/1/0805/4777/4752/files/SPN001099_Y1.jpg?v=1751259952,https://cdn.shopify.com/s/files/1/0805/4777/4752/files/SPN001099_Y2.jpg?v=1770114104,SPN001099_Y1.jpg
Enlighten Diamond Pendant,18 KT / Yellow Gold,18K,3.67,0.969,75416.0,50136829264160,https://cdn.shopify.com/s/files/1/0805/4777/4752/files/SPN001099_Y1.jpg?v=1751259952,https://cdn.shopify.com/s/files/1/0805/4777/4752/files/SPN001099_Y2.jpg?v=1770114104,SPN001099_Y1.jpg
Striking Spike Diamond Pendant,9 KT / Yellow Gold,9K,2.29,0.416,29137.0,50738263589152,https://cdn.shopify.com/s/files/1/0805/4777/4752/files/SPN001084_Y1.jpg?v=1751259939,https://cdn.shopify.com/s/files/1/0805/4777/4752/files/SPN001084_Y2.jpg?v=1770114019,SPN001084_Y1.jpg
Striking Spike Diamond Pendant,14 KT / Yellow Gold,14K,2.52,0.416,39044.0,50136828969248,https://cdn.shopify.com/s/files/1/0805/4777/4752/files/SPN001084_Y1.jpg?v=1751259939,https://cdn.shopify.com/s/files/1/0805/4777/4752/files/SPN001084_Y2.jpg?v=1770114019,SPN001084_Y1.jpg
Striking Spike Diamond Pendant,18 KT / Yellow Gold,18K,3.02,0.416,51929.0,50136829067552,https://cdn.shopify.com/s/files/1/0805/4777/4752/files/SPN001084_Y1.jpg?v=1751259939,https://cdn.shopify.com/s/files/1/0805/4777/4752/files/SPN001084_Y2.jpg?v=1770114019,SPN001084_Y1.jpg
The Quest Diamond Pendant,9 KT / Yellow Gold,9K,2.37,0.768,39153.0,50738263785760,https://cdn.shopify.com/s/files/1/0805/4777/4752/files/SPN001115_Y1.jpg?v=1751259969,https://cdn.shopify.com/s/files/1/0805/4777/4752/files/SPN001115_Y2.jpg?v=1751260075,SPN001115_Y1.jpg
The Quest Diamond Pendant,14 KT / Yellow Gold,14K,2.6,0.768,49331.0,50136828772640,https://cdn.shopify.com/s/files/1/0805/4777/4752/files/SPN001115_Y1.jpg?v=1751259969,https://cdn.shopify.com/s/files/1/0805/4777/4752/files/SPN001115_Y2.jpg?v=1751260075,SPN001115_Y1.jpg
The Quest Diamond Pendant,18 KT / Yellow Gold,18K,3.12,0.768,62675.0,50136828870944,https://cdn.shopify.com/s/files/1/0805/4777/4752/files/SPN001115_Y1.jpg?v=1751259969,https://cdn.shopify.com/s/files/1/0805/4777/4752/files/SPN001115_Y2.jpg?v=1751260075,SPN001115_Y1.jpg
Swirled Blob Diamond Pendant,9 KT / Rose Gold,9K,2.69,0.726,40492.0,50738263916832,https://cdn.shopify.com/s/files/1/0805/4777/4752/files/SPN001102_R1.jpg?v=1768559472,https://cdn.shopify.com/s/files/1/0805/4777/4752/files/SPN001102_R2.jpg?v=1771235242,SPN001102_R1.jpg
Swirled Blob Diamond Pendant,14 KT / Rose Gold,14K,2.95,0.726,52034.0,50136828018976,https://cdn.shopify.com/s/files/1/0805/4777/4752/files/SPN001102_R1.jpg?v=1768559472,https://cdn.shopify.com/s/files/1/0805/4777/4752/files/SPN001102_R2.jpg?v=1771235242,SPN001102_R1.jpg
Swirled Blob Diamond Pendant,18 KT / Rose Gold,18K,3.54,0.726,67175.0,50136828117280,https://cdn.shopify.com/s/files/1/0805/4777/4752/files/SPN001102_R1.jpg?v=1768559472,https://cdn.shopify.com/s/files/1/0805/4777/4752/files/SPN001102_R2.jpg?v=1771235242,SPN001102_R1.jpg
Luxe Circlet Diamond Pendant,9 KT / Rose Gold,9K,2.46,0.977,49310.0,50738266308896,https://cdn.shopify.com/s/files/1/0805/4777/4752/files/SPN001114_R1.jpg?v=1747899319,https://cdn.shopify.com/s/files/1/0805/4777/4752/files/SPN001114_R2.jpg?v=1747899319,SPN001114_R1.jpg
Luxe Circlet Diamond Pendant,14 KT / Rose Gold,14K,2.71,0.977,59981.0,50136827232544,https://cdn.shopify.com/s/files/1/0805/4777/4752/files/SPN001114_R1.jpg?v=1747899319,https://cdn.shopify.com/s/files/1/0805/4777/4752/files/SPN001114_R2.jpg?v=1747899319,SPN001114_R1.jpg
Luxe Circlet Diamond Pendant,18 KT / Rose Gold,18K,3.25,0.977,73866.0,50136827330848,https://cdn.shopify.com/s/files/1/0805/4777/4752/files/SPN001114_R1.jpg?v=1747899319,https://cdn.shopify.com/s/files/1/0805/4777/4752/files/SPN001114_R2.jpg?v=1747899319,SPN001114_R1.jpg
Lace Wing Diamond Pendant,9 KT / White Gold,9K,2.14,0.964,45566.0,50738266865952,https://cdn.shopify.com/s/files/1/0805/4777/4752/files/SPN001113_W1.jpg?v=1749644197,https://cdn.shopify.com/s/files/1/0805/4777/4752/files/SPN001113_W2.jpg?v=1749644197,SPN001113_W1.jpg
Lace Wing Diamond Pendant,14 KT / White Gold,14K,2.36,0.964,54873.0,50136827068704,https://cdn.shopify.com/s/files/1/0805/4777/4752/files/SPN001113_W1.jpg?v=1749644197,https://cdn.shopify.com/s/files/1/0805/4777/4752/files/SPN001113_W2.jpg?v=1749644197,SPN001113_W1.jpg
Lace Wing Diamond Pendant,18 KT / White Gold,18K,2.83,0.964,66961.0,50136827167008,https://cdn.shopify.com/s/files/1/0805/4777/4752/files/SPN001113_W1.jpg?v=1749644197,https://cdn.shopify.com/s/files/1/0805/4777/4752/files/SPN001113_W2.jpg?v=1749644197,SPN001113_W1.jpg
The Oracle's Eye Diamond Pendant,9 KT / Rose Gold,9K,2.24,0.889,43650.0,50738267488544,https://cdn.shopify.com/s/files/1/0805/4777/4752/files/SPN001112_R1.jpg?v=1749643619,https://cdn.shopify.com/s/files/1/0805/4777/4752/files/SPN001112_R2.jpg?v=1749643619,SPN001112_R1.jpg
The Oracle's Eye Diamond Pendant,14 KT / Rose Gold,14K,2.46,0.889,53294.0,50136826839328,https://cdn.shopify.com/s/files/1/0805/4777/4752/files/SPN001112_R1.jpg?v=1749643619,https://cdn.shopify.com/s/files/1/0805/4777/4752/files/SPN001112_R2.jpg?v=1749643619,SPN001112_R1.jpg
The Oracle's Eye Diamond Pendant,18 KT / Rose Gold,18K,2.95,0.889,65895.0,50136826937632,https://cdn.shopify.com/s/files/1/0805/4777/4752/files/SPN001112_R1.jpg?v=1749643619,https://cdn.shopify.com/s/files/1/0805/4777/4752/files/SPN001112_R2.jpg?v=1749643619,SPN001112_R1.jpg
Venetian Drop Diamond Pendant,9 KT / Yellow Gold,9K,2.54,0.363,29428.0,50738267848992,https://cdn.shopify.com/s/files/1/0805/4777/4752/files/SPN001095_Y1.jpg?v=1749644149,https://cdn.shopify.com/s/files/1/0805/4777/4752/files/SPN001095_Y2.jpg?v=1749644149,SPN001095_Y1.jpg
Venetian Drop Diamond Pendant,14 KT / Yellow Gold,14K,2.79,0.363,40369.0,50136826216736,https://cdn.shopify.com/s/files/1/0805/4777/4752/files/SPN001095_Y1.jpg?v=1749644149,https://cdn.shopify.com/s/files/1/0805/4777/4752/files/SPN001095_Y2.jpg?v=1749644149,SPN001095_Y1.jpg
Venetian Drop Diamond Pendant,18 KT / Yellow Gold,18K,3.34,0.363,54591.0,50136826315040,https://cdn.shopify.com/s/files/1/0805/4777/4752/files/SPN001095_Y1.jpg?v=1749644149,https://cdn.shopify.com/s/files/1/0805/4777/4752/files/SPN001095_Y2.jpg?v=1749644149,SPN001095_Y1.jpg
Cushion Curve Diamond Pendant,9 KT / Yellow Gold,9K,1.77,0.401,24453.0,50738268406048,https://cdn.shopify.com/s/files/1/0805/4777/4752/files/SPN001089_Y1.jpg?v=1749643563,https://cdn.shopify.com/s/files/1/0805/4777/4752/files/SPN001089_Y2.jpg?v=1749643563,SPN001089_Y1.jpg
Cushion Curve Diamond Pendant,14 KT / Yellow Gold,14K,1.94,0.401,32037.0,50136826020128,https://cdn.shopify.com/s/files/1/0805/4777/4752/files/SPN001089_Y1.jpg?v=1749643563,https://cdn.shopify.com/s/files/1/0805/4777/4752/files/SPN001089_Y2.jpg?v=1749643563,SPN001089_Y1.jpg
Cushion Curve Diamond Pendant,18 KT / Yellow Gold,18K,2.33,0.401,42018.0,50136826118432,https://cdn.shopify.com/s/files/1/0805/4777/4752/files/SPN001089_Y1.jpg?v=1749643563,https://cdn.shopify.com/s/files/1/0805/4777/4752/files/SPN001089_Y2.jpg?v=1749643563,SPN001089_Y1.jpg
The Teardrop Diamond Pendant,9 KT / Yellow Gold,9K,2.21,1.029,46511.0,50738268602656,https://cdn.shopify.com/s/files/1/0805/4777/4752/files/SPN001108_Y1.jpg?v=1759905755,https://cdn.shopify.com/s/files/1/0805/4777/4752/files/SPN001108_Y2.jpg?v=1759905755,SPN001108_Y1.jpg
The Teardrop Diamond Pendant,14 KT / Yellow Gold,14K,2.43,1.029,56054.0,50136825823520,https://cdn.shopify.com/s/files/1/0805/4777/4752/files/SPN001108_Y1.jpg?v=1759905755,https://cdn.shopify.com/s/files/1/0805/4777/4752/files/SPN001108_Y2.jpg?v=1759905755,SPN001108_Y1.jpg
The Teardrop Diamond Pendant,18 KT / Yellow Gold,18K,2.92,1.029,68574.0,50136825921824,https://cdn.shopify.com/s/files/1/0805/4777/4752/files/SPN001108_Y1.jpg?v=1759905755,https://cdn.shopify.com/s/files/1/0805/4777/4752/files/SPN001108_Y2.jpg?v=1759905755,SPN001108_Y1.jpg
Nova Bloom Diamond Pendant,9 KT / Rose Gold,9K,4.23,0.8,56980.0,50738268668192,https://cdn.shopify.com/s/files/1/0805/4777/4752/files/SPN001106_R1.jpg?v=1747903117,https://cdn.shopify.com/s/files/1/0805/4777/4752/files/SPN001106_R2.jpg?v=1747903117,SPN001106_R1.jpg
Nova Bloom Diamond Pendant,14 KT / Rose Gold,14K,4.65,0.8,75235.0,50136825266464,https://cdn.shopify.com/s/files/1/0805/4777/4752/files/SPN001106_R1.jpg?v=1747903117,https://cdn.shopify.com/s/files/1/0805/4777/4752/files/SPN001106_R2.jpg?v=1747903117,SPN001106_R1.jpg
Nova Bloom Diamond Pendant,18 KT / Rose Gold,18K,5.58,0.8,99101.0,50136825364768,https://cdn.shopify.com/s/files/1/0805/4777/4752/files/SPN001106_R1.jpg?v=1747903117,https://cdn.shopify.com/s/files/1/0805/4777/4752/files/SPN001106_R2.jpg?v=1747903117,SPN001106_R1.jpg
Trinkle Diamond  Pendant,9 KT / Yellow Gold,9K,1.55,0.911,40082.0,50738268799264,https://cdn.shopify.com/s/files/1/0805/4777/4752/files/SPN001111_Y1.jpg?v=1749639925,https://cdn.shopify.com/s/files/1/0805/4777/4752/files/SPN001111_Y2.jpg?v=1749639925,SPN001111_Y1.jpg
Trinkle Diamond  Pendant,14 KT / Yellow Gold,14K,1.7,0.911,46734.0,50136824742176,https://cdn.shopify.com/s/files/1/0805/4777/4752/files/SPN001111_Y1.jpg?v=1749639925,https://cdn.shopify.com/s/files/1/0805/4777/4752/files/SPN001111_Y2.jpg?v=1749639925,SPN001111_Y1.jpg
Trinkle Diamond  Pendant,18 KT / Yellow Gold,18K,2.04,0.911,55459.0,50136824840480,https://cdn.shopify.com/s/files/1/0805/4777/4752/files/SPN001111_Y1.jpg?v=1749639925,https://cdn.shopify.com/s/files/1/0805/4777/4752/files/SPN001111_Y2.jpg?v=1749639925,SPN001111_Y1.jpg
Shield Drop Diamond Pendant,9 KT / Yellow Gold,9K,1.62,0.425,24049.0,50738268963104,https://cdn.shopify.com/s/files/1/0805/4777/4752/files/SPN001091_Y1.jpg?v=1747837717,https://cdn.shopify.com/s/files/1/0805/4777/4752/files/SPN001091_Y2.jpg?v=1747837823,SPN001091_Y1.jpg
Shield Drop Diamond Pendant,14 KT / Yellow Gold,14K,1.78,0.425,31032.0,50136824545568,https://cdn.shopify.com/s/files/1/0805/4777/4752/files/SPN001091_Y1.jpg?v=1747837717,https://cdn.shopify.com/s/files/1/0805/4777/4752/files/SPN001091_Y2.jpg?v=1747837823,SPN001091_Y1.jpg
Shield Drop Diamond Pendant,18 KT / Yellow Gold,18K,2.14,0.425,40216.0,50136824643872,https://cdn.shopify.com/s/files/1/0805/4777/4752/files/SPN001091_Y1.jpg?v=1747837717,https://cdn.shopify.com/s/files/1/0805/4777/4752/files/SPN001091_Y2.jpg?v=1747837823,SPN001091_Y1.jpg
Lunar Droplet Diamond Pendant,9 KT / Rose Gold,9K,1.83,0.405,25031.0,50738269094176,https://cdn.shopify.com/s/files/1/0805/4777/4752/files/SPN001086_R1.jpg?v=1747906437,https://cdn.shopify.com/s/files/1/0805/4777/4752/files/SPN001086_R2.jpg?v=1747906437,SPN001086_R1.jpg
Lunar Droplet Diamond Pendant,14 KT / Rose Gold,14K,2.01,0.405,32912.0,50136824054048,https://cdn.shopify.com/s/files/1/0805/4777/4752/files/SPN001086_R1.jpg?v=1747906437,https://cdn.shopify.com/s/files/1/0805/4777/4752/files/SPN001086_R2.jpg?v=1747906437,SPN001086_R1.jpg
Lunar Droplet Diamond Pendant,18 KT / Rose Gold,18K,2.41,0.405,43204.0,50136824152352,https://cdn.shopify.com/s/files/1/0805/4777/4752/files/SPN001086_R1.jpg?v=1747906437,https://cdn.shopify.com/s/files/1/0805/4777/4752/files/SPN001086_R2.jpg?v=1747906437,SPN001086_R1.jpg
Window Gem Diamond Pendant,9 KT / White Gold,9K,1.88,0.889,41682.0,50738269290784,https://cdn.shopify.com/s/files/1/0805/4777/4752/files/SPN001110_W1.jpg?v=1747904123,https://cdn.shopify.com/s/files/1/0805/4777/4752/files/SPN001110_W2.jpg?v=1747904123,SPN001110_W1.jpg
Window Gem Diamond Pendant,14 KT / White Gold,14K,2.06,0.889,49732.0,50136823890208,https://cdn.shopify.com/s/files/1/0805/4777/4752/files/SPN001110_W1.jpg?v=1747904123,https://cdn.shopify.com/s/files/1/0805/4777/4752/files/SPN001110_W2.jpg?v=1747904123,SPN001110_W1.jpg
Window Gem Diamond Pendant,18 KT / White Gold,18K,2.47,0.889,60281.0,50136823988512,https://cdn.shopify.com/s/files/1/0805/4777/4752/files/SPN001110_W1.jpg?v=1747904123,https://cdn.shopify.com/s/files/1/0805/4777/4752/files/SPN001110_W2.jpg?v=1747904123,SPN001110_W1.jpg
Echo Drop Diamond Pendant,9 KT / Rose Gold,9K,2.02,0.685,33986.0,50738269454624,https://cdn.shopify.com/s/files/1/0805/4777/4752/files/SPN001105_R1.jpg?v=1747899517,https://cdn.shopify.com/s/files/1/0805/4777/4752/files/SPN001105_R2.jpg?v=1747899517,SPN001105_R1.jpg
Echo Drop Diamond Pendant,14 KT / Rose Gold,14K,2.22,0.685,42698.0,50136823660832,https://cdn.shopify.com/s/files/1/0805/4777/4752/files/SPN001105_R1.jpg?v=1747899517,https://cdn.shopify.com/s/files/1/0805/4777/4752/files/SPN001105_R2.jpg?v=1747899517,SPN001105_R1.jpg
Echo Drop Diamond Pendant,18 KT / Rose Gold,18K,2.67,0.685,54165.0,50136823759136,https://cdn.shopify.com/s/files/1/0805/4777/4752/files/SPN001105_R1.jpg?v=1747899517,https://cdn.shopify.com/s/files/1/0805/4777/4752/files/SPN001105_R2.jpg?v=1747899517,SPN001105_R1.jpg
Nebula Swirl Diamond Pendant,9 KT / Rose Gold,9K,4.2,0.624,49297.0,50738269552928,https://cdn.shopify.com/s/files/1/0805/4777/4752/files/SPN001093_R1.jpg?v=1749643029,https://cdn.shopify.com/s/files/1/0805/4777/4752/files/SPN001093_R2.jpg?v=1749643029,SPN001093_R1.jpg
Nebula Swirl Diamond Pendant,14 KT / Rose Gold,14K,4.61,0.624,67356.0,50136823431456,https://cdn.shopify.com/s/files/1/0805/4777/4752/files/SPN001093_R1.jpg?v=1749643029,https://cdn.shopify.com/s/files/1/0805/4777/4752/files/SPN001093_R2.jpg?v=1749643029,SPN001093_R1.jpg
Nebula Swirl Diamond Pendant,18 KT / Rose Gold,18K,5.53,0.624,90992.0,50136823529760,https://cdn.shopify.com/s/files/1/0805/4777/4752/files/SPN001093_R1.jpg?v=1749643029,https://cdn.shopify.com/s/files/1/0805/4777/4752/files/SPN001093_R2.jpg?v=1749643029,SPN001093_R1.jpg
Fourfold Sparkle Diamond Pendant,9 KT / Yellow Gold,9K,1.76,0.679,31799.0,50738269716768,https://cdn.shopify.com/s/files/1/0805/4777/4752/files/SPN001098_Y1.jpg?v=1747837739,https://cdn.shopify.com/s/files/1/0805/4777/4752/files/SPN001098_Y2.jpg?v=1747837841,SPN001098_Y1.jpg
Fourfold Sparkle Diamond Pendant,14 KT / Yellow Gold,14K,1.93,0.679,39350.0,50136821563680,https://cdn.shopify.com/s/files/1/0805/4777/4752/files/SPN001098_Y1.jpg?v=1747837739,https://cdn.shopify.com/s/files/1/0805/4777/4752/files/SPN001098_Y2.jpg?v=1747837841,SPN001098_Y1.jpg
Fourfold Sparkle Diamond Pendant,18 KT / Yellow Gold,18K,2.32,0.679,49304.0,50136821694752,https://cdn.shopify.com/s/files/1/0805/4777/4752/files/SPN001098_Y1.jpg?v=1747837739,https://cdn.shopify.com/s/files/1/0805/4777/4752/files/SPN001098_Y2.jpg?v=1747837841,SPN001098_Y1.jpg
Latif Diamond Pendant,9 KT / Yellow Gold,9K,1.08,0.688,30027.0,50738269847840,https://cdn.shopify.com/s/files/1/0805/4777/4752/files/SPN001109_Y1.jpg?v=1747837772,https://cdn.shopify.com/s/files/1/0805/4777/4752/files/SPN001109_Y2.jpg?v=1747837869,SPN001109_Y1.jpg
Latif Diamond Pendant,14 KT / Yellow Gold,14K,1.19,0.688,34714.0,50136821203232,https://cdn.shopify.com/s/files/1/0805/4777/4752/files/SPN001109_Y1.jpg?v=1747837772,https://cdn.shopify.com/s/files/1/0805/4777/4752/files/SPN001109_Y2.jpg?v=1747837869,SPN001109_Y1.jpg
Latif Diamond Pendant,18 KT / Yellow Gold,18K,1.43,0.688,40846.0,50136821301536,https://cdn.shopify.com/s/files/1/0805/4777/4752/files/SPN001109_Y1.jpg?v=1747837772,https://cdn.shopify.com/s/files/1/0805/4777/4752/files/SPN001109_Y2.jpg?v=1747837869,SPN001109_Y1.jpg
Diamond Rush Diamond Pendant,9 KT / Rose Gold,9K,1.22,0.301,17515.0,50738269946144,https://cdn.shopify.com/s/files/1/0805/4777/4752/files/SPN001090_R1.jpg?v=1747898618,https://cdn.shopify.com/s/files/1/0805/4777/4752/files/SPN001090_R2.jpg?v=1747898618,SPN001090_R1.jpg
Diamond Rush Diamond Pendant,14 KT / Rose Gold,14K,1.34,0.301,22770.0,50136820547872,https://cdn.shopify.com/s/files/1/0805/4777/4752/files/SPN001090_R1.jpg?v=1747898618,https://cdn.shopify.com/s/files/1/0805/4777/4752/files/SPN001090_R2.jpg?v=1747898618,SPN001090_R1.jpg
Diamond Rush Diamond Pendant,18 KT / Rose Gold,18K,1.61,0.301,29671.0,50136820646176,https://cdn.shopify.com/s/files/1/0805/4777/4752/files/SPN001090_R1.jpg?v=1747898618,https://cdn.shopify.com/s/files/1/0805/4777/4752/files/SPN001090_R2.jpg?v=1747898618,SPN001090_R1.jpg
Geometric Bloom Diamond Pendant,9 KT / White Gold,9K,1.94,0.752,37887.0,50738270044448,https://cdn.shopify.com/s/files/1/0805/4777/4752/files/SPN001103_W1.jpg?v=1749644031,https://cdn.shopify.com/s/files/1/0805/4777/4752/files/SPN001103_W2.jpg?v=1749644031,SPN001103_W1.jpg
Geometric Bloom Diamond Pendant,14 KT / White Gold,14K,2.13,0.752,46235.0,50136820384032,https://cdn.shopify.com/s/files/1/0805/4777/4752/files/SPN001103_W1.jpg?v=1749644031,https://cdn.shopify.com/s/files/1/0805/4777/4752/files/SPN001103_W2.jpg?v=1749644031,SPN001103_W1.jpg
Geometric Bloom Diamond Pendant,18 KT / White Gold,18K,2.56,0.752,57215.0,50136820482336,https://cdn.shopify.com/s/files/1/0805/4777/4752/files/SPN001103_W1.jpg?v=1749644031,https://cdn.shopify.com/s/files/1/0805/4777/4752/files/SPN001103_W2.jpg?v=1749644031,SPN001103_W1.jpg
The Meridian Diamond Pendant,9 KT / Yellow Gold,9K,1.45,0.71,32761.0,50738270208288,https://cdn.shopify.com/s/files/1/0805/4777/4752/files/SPN001107_Y1.jpg?v=1749642558,https://cdn.shopify.com/s/files/1/0805/4777/4752/files/SPN001107_Y2.jpg?v=1749642558,SPN001107_Y1.jpg
The Meridian Diamond Pendant,14 KT / Yellow Gold,14K,1.6,0.71,39075.0,50136820220192,https://cdn.shopify.com/s/files/1/0805/4777/4752/files/SPN001107_Y1.jpg?v=1749642558,https://cdn.shopify.com/s/files/1/0805/4777/4752/files/SPN001107_Y2.jpg?v=1749642558,SPN001107_Y1.jpg
The Meridian Diamond Pendant,18 KT / Yellow Gold,18K,1.92,0.71,47287.0,50136820318496,https://cdn.shopify.com/s/files/1/0805/4777/4752/files/SPN001107_Y1.jpg?v=1749642558,https://cdn.shopify.com/s/files/1/0805/4777/4752/files/SPN001107_Y2.jpg?v=1749642558,SPN001107_Y1.jpg
Tri-Flare Diamond Pendant,9 KT / Yellow Gold,9K,1.41,0.6,26971.0,50738270667040,https://cdn.shopify.com/s/files/1/0805/4777/4752/files/SPN001116_Y1.jpg?v=1747837795,https://cdn.shopify.com/s/files/1/0805/4777/4752/files/SPN001116_Y2.jpg?v=1747837888,SPN001116_Y1.jpg
Tri-Flare Diamond Pendant,14 KT / Yellow Gold,14K,1.55,0.6,33056.0,50136820023584,https://cdn.shopify.com/s/files/1/0805/4777/4752/files/SPN001116_Y1.jpg?v=1747837795,https://cdn.shopify.com/s/files/1/0805/4777/4752/files/SPN001116_Y2.jpg?v=1747837888,SPN001116_Y1.jpg
Tri-Flare Diamond Pendant,18 KT / Yellow Gold,18K,1.86,0.6,41011.0,50136820121888,https://cdn.shopify.com/s/files/1/0805/4777/4752/files/SPN001116_Y1.jpg?v=1747837795,https://cdn.shopify.com/s/files/1/0805/4777/4752/files/SPN001116_Y2.jpg?v=1747837888,SPN001116_Y1.jpg
Orbital Swirl Diamond Pendant,9 KT / Rose Gold,9K,1.47,0.628,28181.0,50738270798112,https://cdn.shopify.com/s/files/1/0805/4777/4752/files/SPN001085_R1.jpg?v=1749642489,https://cdn.shopify.com/s/files/1/0805/4777/4752/files/SPN001085_R2.jpg?v=1749642489,SPN001085_R1.jpg
Orbital Swirl Diamond Pendant,14 KT / Rose Gold,14K,1.61,0.628,34469.0,50136819499296,https://cdn.shopify.com/s/files/1/0805/4777/4752/files/SPN001085_R1.jpg?v=1749642489,https://cdn.shopify.com/s/files/1/0805/4777/4752/files/SPN001085_R2.jpg?v=1749642489,SPN001085_R1.jpg
Orbital Swirl Diamond Pendant,18 KT / Rose Gold,18K,1.94,0.628,42830.0,50136819597600,https://cdn.shopify.com/s/files/1/0805/4777/4752/files/SPN001085_R1.jpg?v=1749642489,https://cdn.shopify.com/s/files/1/0805/4777/4752/files/SPN001085_R2.jpg?v=1749642489,SPN001085_R1.jpg
Rhombus Link Diamond Pendant,9 KT / Yellow Gold,9K,1.35,0.562,25497.0,50738271093024,https://cdn.shopify.com/s/files/1/0805/4777/4752/files/SPN001096_Y1.jpg?v=1747837733,https://cdn.shopify.com/s/files/1/0805/4777/4752/files/SPN001096_Y2.jpg?v=1747837836,SPN001096_Y1.jpg
Rhombus Link Diamond Pendant,14 KT / Yellow Gold,14K,1.49,0.562,31379.0,50136819335456,https://cdn.shopify.com/s/files/1/0805/4777/4752/files/SPN001096_Y1.jpg?v=1747837733,https://cdn.shopify.com/s/files/1/0805/4777/4752/files/SPN001096_Y2.jpg?v=1747837836,SPN001096_Y1.jpg
Rhombus Link Diamond Pendant,18 KT / Yellow Gold,18K,1.79,0.562,39051.0,50136819433760,https://cdn.shopify.com/s/files/1/0805/4777/4752/files/SPN001096_Y1.jpg?v=1747837733,https://cdn.shopify.com/s/files/1/0805/4777/4752/files/SPN001096_Y2.jpg?v=1747837836,SPN001096_Y1.jpg
The Alchemist Diamond Pendant,9 KT / White Gold,9K,1.24,0.285,17246.0,50738271224096,https://cdn.shopify.com/s/files/1/0805/4777/4752/files/SPN001083_W1.jpg?v=1749642308,https://cdn.shopify.com/s/files/1/0805/4777/4752/files/SPN001083_W2.jpg?v=1749642308,SPN001083_W1.jpg
The Alchemist Diamond Pendant,14 KT / White Gold,14K,1.36,0.285,22567.0,50136819106080,https://cdn.shopify.com/s/files/1/0805/4777/4752/files/SPN001083_W1.jpg?v=1749642308,https://cdn.shopify.com/s/files/1/0805/4777/4752/files/SPN001083_W2.jpg?v=1749642308,SPN001083_W1.jpg
The Alchemist Diamond Pendant,18 KT / White Gold,18K,1.64,0.285,29645.0,50136819204384,https://cdn.shopify.com/s/files/1/0805/4777/4752/files/SPN001083_W1.jpg?v=1749642308,https://cdn.shopify.com/s/files/1/0805/4777/4752/files/SPN001083_W2.jpg?v=1749642308,SPN001083_W1.jpg
Spade of Sparkle Diamond Pendant,9 KT / White Gold,9K,1.03,0.304,16430.0,50738271387936,https://cdn.shopify.com/s/files/1/0805/4777/4752/files/SPN001094_W1.jpg?v=1749641185,https://cdn.shopify.com/s/files/1/0805/4777/4752/files/SPN001094_W2.jpg?v=1749641185,SPN001094_W1.jpg
Spade of Sparkle Diamond Pendant,14 KT / White Gold,14K,1.13,0.304,20854.0,50136818254112,https://cdn.shopify.com/s/files/1/0805/4777/4752/files/SPN001094_W1.jpg?v=1749641185,https://cdn.shopify.com/s/files/1/0805/4777/4752/files/SPN001094_W2.jpg?v=1749641185,SPN001094_W1.jpg
Spade of Sparkle Diamond Pendant,18 KT / White Gold,18K,1.35,0.304,26580.0,50136818352416,https://cdn.shopify.com/s/files/1/0805/4777/4752/files/SPN001094_W1.jpg?v=1749641185,https://cdn.shopify.com/s/files/1/0805/4777/4752/files/SPN001094_W2.jpg?v=1749641185,SPN001094_W1.jpg
StarReign Diamond Pendant,9 KT / Yellow Gold,9K,1.08,0.356,18121.0,50738271617312,https://cdn.shopify.com/s/files/1/0805/4777/4752/files/SPN001092_Y1.jpg?v=1749641116,https://cdn.shopify.com/s/files/1/0805/4777/4752/files/SPN001092_Y2.jpg?v=1749641116,SPN001092_Y1.jpg
StarReign Diamond Pendant,14 KT / Yellow Gold,14K,1.19,0.356,22808.0,50136818090272,https://cdn.shopify.com/s/files/1/0805/4777/4752/files/SPN001092_Y1.jpg?v=1749641116,https://cdn.shopify.com/s/files/1/0805/4777/4752/files/SPN001092_Y2.jpg?v=1749641116,SPN001092_Y1.jpg
StarReign Diamond Pendant,18 KT / Yellow Gold,18K,1.43,0.356,28940.0,50136818188576,https://cdn.shopify.com/s/files/1/0805/4777/4752/files/SPN001092_Y1.jpg?v=1749641116,https://cdn.shopify.com/s/files/1/0805/4777/4752/files/SPN001092_Y2.jpg?v=1749641116,SPN001092_Y1.jpg
Harmony Diamond Pendant,9 KT / Rose Gold,9K,1.21,0.266,16510.0,50738271748384,https://cdn.shopify.com/s/files/1/0805/4777/4752/files/SPN001082_R1.jpg?v=1747899007,https://cdn.shopify.com/s/files/1/0805/4777/4752/files/SPN001082_R2.jpg?v=1747899007,SPN001082_R1.jpg
Harmony Diamond Pendant,14 KT / Rose Gold,14K,1.33,0.266,21731.0,50136817828128,https://cdn.shopify.com/s/files/1/0805/4777/4752/files/SPN001082_R1.jpg?v=1747899007,https://cdn.shopify.com/s/files/1/0805/4777/4752/files/SPN001082_R2.jpg?v=1747899007,SPN001082_R1.jpg
Harmony Diamond Pendant,18 KT / Rose Gold,18K,1.59,0.266,28484.0,50136817926432,https://cdn.shopify.com/s/files/1/0805/4777/4752/files/SPN001082_R1.jpg?v=1747899007,https://cdn.shopify.com/s/files/1/0805/4777/4752/files/SPN001082_R2.jpg?v=1747899007,SPN001082_R1.jpg
Kite Flight Diamond Pendant,9 KT / Yellow Gold,9K,0.77,0.384,16984.0,50738271912224,https://cdn.shopify.com/s/files/1/0805/4777/4752/files/SPN001087_Y1.jpg?v=1747837704,https://cdn.shopify.com/s/files/1/0805/4777/4752/files/SPN001087_Y2.jpg?v=1747837811,SPN001087_Y1.jpg
Kite Flight Diamond Pendant,14 KT / Yellow Gold,14K,0.84,0.384,20246.0,50136817697056,https://cdn.shopify.com/s/files/1/0805/4777/4752/files/SPN001087_Y1.jpg?v=1747837704,https://cdn.shopify.com/s/files/1/0805/4777/4752/files/SPN001087_Y2.jpg?v=1747837811,SPN001087_Y1.jpg
Kite Flight Diamond Pendant,18 KT / Yellow Gold,18K,1.01,0.384,24582.0,50136817795360,https://cdn.shopify.com/s/files/1/0805/4777/4752/files/SPN001087_Y1.jpg?v=1747837704,https://cdn.shopify.com/s/files/1/0805/4777/4752/files/SPN001087_Y2.jpg?v=1747837811,SPN001087_Y1.jpg
Lite Luxe Diamond Pendant,9 KT / Yellow Gold,9K,1.13,0.288,16266.0,50738272108832,https://cdn.shopify.com/s/files/1/0805/4777/4752/files/RK-PNB-240P_Y1.jpg?v=1750167592,https://cdn.shopify.com/s/files/1/0805/4777/4752/files/RK-PNB-240P_Y2.jpg?v=1750167592,RK-PNB-240P_Y1.jpg
Lite Luxe Diamond Pendant,14 KT / Yellow Gold,14K,1.28,0.288,21500.0,49907332415776,https://cdn.shopify.com/s/files/1/0805/4777/4752/files/RK-PNB-240P_Y1.jpg?v=1750167592,https://cdn.shopify.com/s/files/1/0805/4777/4752/files/RK-PNB-240P_Y2.jpg?v=1750167592,RK-PNB-240P_Y1.jpg
Lite Luxe Diamond Pendant,18 KT / Yellow Gold,18K,1.5,0.288,27632.0,49907332514080,https://cdn.shopify.com/s/files/1/0805/4777/4752/files/RK-PNB-240P_Y1.jpg?v=1750167592,https://cdn.shopify.com/s/files/1/0805/4777/4752/files/RK-PNB-240P_Y2.jpg?v=1750167592,RK-PNB-240P_Y1.jpg
Leafy Glow Diamond Pendant,9 KT / Yellow Gold,9K,1.35,0.345,19467.0,50738272207136,https://cdn.shopify.com/s/files/1/0805/4777/4752/files/RK-PNB-306P_Y1.jpg?v=1750167594,https://cdn.shopify.com/s/files/1/0805/4777/4752/files/RK-PNB-306P_Y2.jpg?v=1750167594,RK-PNB-306P_Y1.jpg
Leafy Glow Diamond Pendant,14 KT / Yellow Gold,14K,1.53,0.345,25727.0,49907332153632,https://cdn.shopify.com/s/files/1/0805/4777/4752/files/RK-PNB-306P_Y1.jpg?v=1750167594,https://cdn.shopify.com/s/files/1/0805/4777/4752/files/RK-PNB-306P_Y2.jpg?v=1750167594,RK-PNB-306P_Y1.jpg
Leafy Glow Diamond Pendant,18 KT / Yellow Gold,18K,1.8,0.345,33142.0,49907332251936,https://cdn.shopify.com/s/files/1/0805/4777/4752/files/RK-PNB-306P_Y1.jpg?v=1750167594,https://cdn.shopify.com/s/files/1/0805/4777/4752/files/RK-PNB-306P_Y2.jpg?v=1750167594,RK-PNB-306P_Y1.jpg
Mandala Diamond Pendant,9 KT / Yellow Gold,9K,1.51,0.475,24153.0,50738272403744,https://cdn.shopify.com/s/files/1/0805/4777/4752/files/RK-PNB-279P_Y1.jpg?v=1750167596,https://cdn.shopify.com/s/files/1/0805/4777/4752/files/RK-PNB-279P_Y2.jpg?v=1750167596,RK-PNB-279P_Y1.jpg
Mandala Diamond Pendant,14 KT / Yellow Gold,14K,1.71,0.475,31143.0,49907331793184,https://cdn.shopify.com/s/files/1/0805/4777/4752/files/RK-PNB-279P_Y1.jpg?v=1750167596,https://cdn.shopify.com/s/files/1/0805/4777/4752/files/RK-PNB-279P_Y2.jpg?v=1750167596,RK-PNB-279P_Y1.jpg
Mandala Diamond Pendant,18 KT / Yellow Gold,18K,2.02,0.475,39531.0,49907331891488,https://cdn.shopify.com/s/files/1/0805/4777/4752/files/RK-PNB-279P_Y1.jpg?v=1750167596,https://cdn.shopify.com/s/files/1/0805/4777/4752/files/RK-PNB-279P_Y2.jpg?v=1750167596,RK-PNB-279P_Y1.jpg
Thea Diamond Pendant,9 KT / Rose Gold,9K,1.34,0.42,21036.0,50738272534816,https://cdn.shopify.com/s/files/1/0805/4777/4752/files/RK-PNB-308P_R1.jpg?v=1768559413,https://cdn.shopify.com/s/files/1/0805/4777/4752/files/RK-PNB-308P_R2.jpg?v=1768559413,RK-PNB-308P_R1.jpg
Thea Diamond Pendant,14 KT / Rose Gold,14K,1.48,0.42,26885.0,49907327664416,https://cdn.shopify.com/s/files/1/0805/4777/4752/files/RK-PNB-308P_R1.jpg?v=1768559413,https://cdn.shopify.com/s/files/1/0805/4777/4752/files/RK-PNB-308P_R2.jpg?v=1768559413,RK-PNB-308P_R1.jpg
Thea Diamond Pendant,18 KT / Rose Gold,18K,1.77,0.42,34408.0,49907327762720,https://cdn.shopify.com/s/files/1/0805/4777/4752/files/RK-PNB-308P_R1.jpg?v=1768559413,https://cdn.shopify.com/s/files/1/0805/4777/4752/files/RK-PNB-308P_R2.jpg?v=1768559413,RK-PNB-308P_R1.jpg
Dora Diamond Pendant,9 KT / Rose Gold,9K,1.5,0.38,21541.0,50738272600352,https://cdn.shopify.com/s/files/1/0805/4777/4752/files/RK-PNB-292P_R1.jpg?v=1750167614,https://cdn.shopify.com/s/files/1/0805/4777/4752/files/RK-PNB-292P_R2.jpg?v=1750167614,RK-PNB-292P_R1.jpg
Dora Diamond Pendant,14 KT / Rose Gold,14K,1.7,0.38,28497.0,49907325042976,https://cdn.shopify.com/s/files/1/0805/4777/4752/files/RK-PNB-292P_R1.jpg?v=1750167614,https://cdn.shopify.com/s/files/1/0805/4777/4752/files/RK-PNB-292P_R2.jpg?v=1750167614,RK-PNB-292P_R1.jpg
Dora Diamond Pendant,18 KT / Rose Gold,18K,2.0,0.38,36736.0,49907325141280,https://cdn.shopify.com/s/files/1/0805/4777/4752/files/RK-PNB-292P_R1.jpg?v=1750167614,https://cdn.shopify.com/s/files/1/0805/4777/4752/files/RK-PNB-292P_R2.jpg?v=1750167614,RK-PNB-292P_R1.jpg
Opulent Angle Diamond Pendant,9 KT / Yellow Gold,9K,0.98,0.315,15884.0,50738273190176,https://cdn.shopify.com/s/files/1/0805/4777/4752/files/RK-PNB-269P_Y1_778e420b-ce7b-4031-b28b-bb8302bec332.jpg?v=1750167635,https://cdn.shopify.com/s/files/1/0805/4777/4752/files/RK-PNB-269P_Y2_2618cf86-f4bc-40bf-a391-7145fd6ec0ab.jpg?v=1750167635,RK-PNB-269P_Y1_778e420b-ce7b-4031-b28b-bb8302bec332.jpg
Opulent Angle Diamond Pendant,14 KT / Yellow Gold,14K,1.11,0.315,20423.0,49907314524448,https://cdn.shopify.com/s/files/1/0805/4777/4752/files/RK-PNB-269P_Y1_778e420b-ce7b-4031-b28b-bb8302bec332.jpg?v=1750167635,https://cdn.shopify.com/s/files/1/0805/4777/4752/files/RK-PNB-269P_Y2_2618cf86-f4bc-40bf-a391-7145fd6ec0ab.jpg?v=1750167635,RK-PNB-269P_Y1_778e420b-ce7b-4031-b28b-bb8302bec332.jpg
Opulent Angle Diamond Pendant,18 KT / Yellow Gold,18K,1.3,0.315,25731.0,49907314622752,https://cdn.shopify.com/s/files/1/0805/4777/4752/files/RK-PNB-269P_Y1_778e420b-ce7b-4031-b28b-bb8302bec332.jpg?v=1750167635,https://cdn.shopify.com/s/files/1/0805/4777/4752/files/RK-PNB-269P_Y2_2618cf86-f4bc-40bf-a391-7145fd6ec0ab.jpg?v=1750167635,RK-PNB-269P_Y1_778e420b-ce7b-4031-b28b-bb8302bec332.jpg
Noah Floral Diamond Pendant,9 KT / Rose Gold,9K,0.93,0.32,15714.0,50738273419552,https://cdn.shopify.com/s/files/1/0805/4777/4752/files/RK-PNB-328P_R1.jpg?v=1750167653,https://cdn.shopify.com/s/files/1/0805/4777/4752/files/RK-PNB-328P_R2.jpg?v=1763636645,RK-PNB-328P_R1.jpg
Noah Floral Diamond Pendant,14 KT / Rose Gold,14K,1.03,0.32,19800.0,49907301384480,https://cdn.shopify.com/s/files/1/0805/4777/4752/files/RK-PNB-328P_R1.jpg?v=1750167653,https://cdn.shopify.com/s/files/1/0805/4777/4752/files/RK-PNB-328P_R2.jpg?v=1763636645,RK-PNB-328P_R1.jpg
Noah Floral Diamond Pendant,18 KT / Rose Gold,18K,1.23,0.32,25013.0,49907301482784,https://cdn.shopify.com/s/files/1/0805/4777/4752/files/RK-PNB-328P_R1.jpg?v=1750167653,https://cdn.shopify.com/s/files/1/0805/4777/4752/files/RK-PNB-328P_R2.jpg?v=1763636645,RK-PNB-328P_R1.jpg
Periwinkle Diamond Pendant,9 KT / Yellow Gold,9K,1.62,0.281,19382.0,50738273550624,https://cdn.shopify.com/s/files/1/0805/4777/4752/files/RK-PNB-257P_Y1.jpg?v=1750167659,https://cdn.shopify.com/s/files/1/0805/4777/4752/files/RK-PNB-257P_Y2.jpg?v=1750167659,RK-PNB-257P_Y1.jpg
Periwinkle Diamond Pendant,14 KT / Yellow Gold,14K,1.78,0.281,26365.0,49907296272672,https://cdn.shopify.com/s/files/1/0805/4777/4752/files/RK-PNB-257P_Y1.jpg?v=1750167659,https://cdn.shopify.com/s/files/1/0805/4777/4752/files/RK-PNB-257P_Y2.jpg?v=1750167659,RK-PNB-257P_Y1.jpg
Periwinkle Diamond Pendant,18 KT / Yellow Gold,18K,2.14,0.281,35550.0,49907296370976,https://cdn.shopify.com/s/files/1/0805/4777/4752/files/RK-PNB-257P_Y1.jpg?v=1750167659,https://cdn.shopify.com/s/files/1/0805/4777/4752/files/RK-PNB-257P_Y2.jpg?v=1750167659,RK-PNB-257P_Y1.jpg
Daphne Diamond Pendant,9 KT / Rose Gold,9K,1.2,0.311,17419.0,50738273681696,https://cdn.shopify.com/s/files/1/0805/4777/4752/files/RK-PNB-316P_R1.jpg?v=1750167664,https://cdn.shopify.com/s/files/1/0805/4777/4752/files/RK-PNB-316P_R2.jpg?v=1750167664,RK-PNB-316P_R1.jpg
Daphne Diamond Pendant,14 KT / Rose Gold,14K,1.36,0.311,22984.0,49907292995872,https://cdn.shopify.com/s/files/1/0805/4777/4752/files/RK-PNB-316P_R1.jpg?v=1750167664,https://cdn.shopify.com/s/files/1/0805/4777/4752/files/RK-PNB-316P_R2.jpg?v=1750167664,RK-PNB-316P_R1.jpg
Daphne Diamond Pendant,18 KT / Rose Gold,18K,1.6,0.311,29576.0,49907293094176,https://cdn.shopify.com/s/files/1/0805/4777/4752/files/RK-PNB-316P_R1.jpg?v=1750167664,https://cdn.shopify.com/s/files/1/0805/4777/4752/files/RK-PNB-316P_R2.jpg?v=1750167664,RK-PNB-316P_R1.jpg
Lyanne Diamond Pendant,9 KT / Rose Gold,9K,1.28,0.215,15124.0,50738273878304,https://cdn.shopify.com/s/files/1/0805/4777/4752/files/RK-PNB-302P_R1.jpg?v=1750167673,https://cdn.shopify.com/s/files/1/0805/4777/4752/files/RK-PNB-302P_R2.jpg?v=1750167674,RK-PNB-302P_R1.jpg
Lyanne Diamond Pendant,14 KT / Rose Gold,14K,1.41,0.215,20675.0,49907283263776,https://cdn.shopify.com/s/files/1/0805/4777/4752/files/RK-PNB-302P_R1.jpg?v=1750167673,https://cdn.shopify.com/s/files/1/0805/4777/4752/files/RK-PNB-302P_R2.jpg?v=1750167674,RK-PNB-302P_R1.jpg
Lyanne Diamond Pendant,18 KT / Rose Gold,18K,1.69,0.215,27888.0,49907283362080,https://cdn.shopify.com/s/files/1/0805/4777/4752/files/RK-PNB-302P_R1.jpg?v=1750167673,https://cdn.shopify.com/s/files/1/0805/4777/4752/files/RK-PNB-302P_R2.jpg?v=1750167674,RK-PNB-302P_R1.jpg
Phyllo Diamond Pendant,9 KT / Yellow Gold,9K,0.9,0.228,13077.0,50738274763040,https://cdn.shopify.com/s/files/1/0805/4777/4752/files/RK-PNB-273_Y1.jpg?v=1750167770,https://cdn.shopify.com/s/files/1/0805/4777/4752/files/RK-PNB-273_Y2.jpg?v=1750167770,RK-PNB-273_Y1.jpg
Phyllo Diamond Pendant,14 KT / Yellow Gold,14K,1.02,0.228,17251.0,49907159662880,https://cdn.shopify.com/s/files/1/0805/4777/4752/files/RK-PNB-273_Y1.jpg?v=1750167770,https://cdn.shopify.com/s/files/1/0805/4777/4752/files/RK-PNB-273_Y2.jpg?v=1750167770,RK-PNB-273_Y1.jpg
Phyllo Diamond Pendant,18 KT / Yellow Gold,18K,1.2,0.228,22194.0,49907159761184,https://cdn.shopify.com/s/files/1/0805/4777/4752/files/RK-PNB-273_Y1.jpg?v=1750167770,https://cdn.shopify.com/s/files/1/0805/4777/4752/files/RK-PNB-273_Y2.jpg?v=1750167770,RK-PNB-273_Y1.jpg
Zen ‘Z’ Diamond Pendant,9 KT / Rose Gold,9K,1.37,0.11,12976.0,50738275418400,https://cdn.shopify.com/s/files/1/0805/4777/4752/files/DPN000422_R1.jpg?v=1748341178,https://cdn.shopify.com/s/files/1/0805/4777/4752/files/DPN000422_R2.jpg?v=1748341178,DPN000422_R1.jpg
Zen ‘Z’ Diamond Pendant,14 KT / Rose Gold,14K,1.5,0.11,18832.0,49854813995296,https://cdn.shopify.com/s/files/1/0805/4777/4752/files/DPN000422_R1.jpg?v=1748341178,https://cdn.shopify.com/s/files/1/0805/4777/4752/files/DPN000422_R2.jpg?v=1748341178,DPN000422_R1.jpg
Zen ‘Z’ Diamond Pendant,18 KT / Rose Gold,18K,1.8,0.11,26530.0,49854814093600,https://cdn.shopify.com/s/files/1/0805/4777/4752/files/DPN000422_R1.jpg?v=1748341178,https://cdn.shopify.com/s/files/1/0805/4777/4752/files/DPN000422_R2.jpg?v=1748341178,DPN000422_R1.jpg
Yours ‘Y’ Diamond Pendant,9 KT / Rose Gold,9K,1.13,0.061,10225.0,50738275746080,https://cdn.shopify.com/s/files/1/0805/4777/4752/files/DPN000421_R1.jpg?v=1748341179,https://cdn.shopify.com/s/files/1/0805/4777/4752/files/DPN000421_R2.jpg?v=1748341179,DPN000421_R1.jpg
Yours ‘Y’ Diamond Pendant,14 KT / Rose Gold,14K,1.29,0.061,15554.0,49854813634848,https://cdn.shopify.com/s/files/1/0805/4777/4752/files/DPN000421_R1.jpg?v=1748341179,https://cdn.shopify.com/s/files/1/0805/4777/4752/files/DPN000421_R2.jpg?v=1748341179,DPN000421_R1.jpg
Yours ‘Y’ Diamond Pendant,18 KT / Rose Gold,18K,1.51,0.061,21713.0,49854813733152,https://cdn.shopify.com/s/files/1/0805/4777/4752/files/DPN000421_R1.jpg?v=1748341179,https://cdn.shopify.com/s/files/1/0805/4777/4752/files/DPN000421_R2.jpg?v=1748341179,DPN000421_R1.jpg
XOXO ‘X’ Diamond Pendant,9 KT / Rose Gold,9K,1.13,0.124,11891.0,50738276729120,https://cdn.shopify.com/s/files/1/0805/4777/4752/files/DPN000420_R1.jpg?v=1748341180,https://cdn.shopify.com/s/files/1/0805/4777/4752/files/DPN000420_R2.jpg?v=1748341180,DPN000420_R1.jpg
XOXO ‘X’ Diamond Pendant,14 KT / Rose Gold,14K,1.28,0.124,17125.0,49854813405472,https://cdn.shopify.com/s/files/1/0805/4777/4752/files/DPN000420_R1.jpg?v=1748341180,https://cdn.shopify.com/s/files/1/0805/4777/4752/files/DPN000420_R2.jpg?v=1748341180,DPN000420_R1.jpg
XOXO ‘X’ Diamond Pendant,18 KT / Rose Gold,18K,1.5,0.124,23257.0,49854813503776,https://cdn.shopify.com/s/files/1/0805/4777/4752/files/DPN000420_R1.jpg?v=1748341180,https://cdn.shopify.com/s/files/1/0805/4777/4752/files/DPN000420_R2.jpg?v=1748341180,DPN000420_R1.jpg
Whimsical ‘W’ Diamond Pendant,9 KT / Rose Gold,9K,1.13,0.145,12451.0,50738277122336,https://cdn.shopify.com/s/files/1/0805/4777/4752/files/DPN000419_R1.jpg?v=1748341182,https://cdn.shopify.com/s/files/1/0805/4777/4752/files/DPN000419_R2.jpg?v=1748341182,DPN000419_R1.jpg
Whimsical ‘W’ Diamond Pendant,14 KT / Rose Gold,14K,1.28,0.145,17685.0,49854813208864,https://cdn.shopify.com/s/files/1/0805/4777/4752/files/DPN000419_R1.jpg?v=1748341182,https://cdn.shopify.com/s/files/1/0805/4777/4752/files/DPN000419_R2.jpg?v=1748341182,DPN000419_R1.jpg
Whimsical ‘W’ Diamond Pendant,18 KT / Rose Gold,18K,1.5,0.145,23817.0,49854813307168,https://cdn.shopify.com/s/files/1/0805/4777/4752/files/DPN000419_R1.jpg?v=1748341182,https://cdn.shopify.com/s/files/1/0805/4777/4752/files/DPN000419_R2.jpg?v=1748341182,DPN000419_R1.jpg
Vibrant ‘V’ Diamond Pendant,9 KT / Rose Gold,9K,1.13,0.121,11811.0,50738277515552,https://cdn.shopify.com/s/files/1/0805/4777/4752/files/DPN000418_R1.jpg?v=1748341183,https://cdn.shopify.com/s/files/1/0805/4777/4752/files/DPN000418_R2.jpg?v=1748341183,DPN000418_R1.jpg
Vibrant ‘V’ Diamond Pendant,14 KT / Rose Gold,14K,1.28,0.121,17045.0,49854813012256,https://cdn.shopify.com/s/files/1/0805/4777/4752/files/DPN000418_R1.jpg?v=1748341183,https://cdn.shopify.com/s/files/1/0805/4777/4752/files/DPN000418_R2.jpg?v=1748341183,DPN000418_R1.jpg
Vibrant ‘V’ Diamond Pendant,18 KT / Rose Gold,18K,1.5,0.121,23177.0,49854813110560,https://cdn.shopify.com/s/files/1/0805/4777/4752/files/DPN000418_R1.jpg?v=1748341183,https://cdn.shopify.com/s/files/1/0805/4777/4752/files/DPN000418_R2.jpg?v=1748341183,DPN000418_R1.jpg
Uniquely ‘U’ Diamond Pendant,9 KT / Rose Gold,9K,1.13,0.139,12302.0,50738277613856,https://cdn.shopify.com/s/files/1/0805/4777/4752/files/DPN000417_R1.jpg?v=1748341185,https://cdn.shopify.com/s/files/1/0805/4777/4752/files/DPN000417_R2.jpg?v=1748341185,DPN000417_R1.jpg
Uniquely ‘U’ Diamond Pendant,14 KT / Rose Gold,14K,1.28,0.139,17536.0,49854812815648,https://cdn.shopify.com/s/files/1/0805/4777/4752/files/DPN000417_R1.jpg?v=1748341185,https://cdn.shopify.com/s/files/1/0805/4777/4752/files/DPN000417_R2.jpg?v=1748341185,DPN000417_R1.jpg
Uniquely ‘U’ Diamond Pendant,18 KT / Rose Gold,18K,1.5,0.139,23667.0,49854812913952,https://cdn.shopify.com/s/files/1/0805/4777/4752/files/DPN000417_R1.jpg?v=1748341185,https://cdn.shopify.com/s/files/1/0805/4777/4752/files/DPN000417_R2.jpg?v=1748341185,DPN000417_R1.jpg
Talkative ‘T’ Diamond Pendant,9 KT / Rose Gold,9K,1.13,0.115,11651.0,50738277744928,https://cdn.shopify.com/s/files/1/0805/4777/4752/files/DPN000416_R1.jpg?v=1748341186,https://cdn.shopify.com/s/files/1/0805/4777/4752/files/DPN000416_R2.jpg?v=1748341186,DPN000416_R1.jpg
Talkative ‘T’ Diamond Pendant,14 KT / Rose Gold,14K,1.28,0.115,16885.0,49854812619040,https://cdn.shopify.com/s/files/1/0805/4777/4752/files/DPN000416_R1.jpg?v=1748341186,https://cdn.shopify.com/s/files/1/0805/4777/4752/files/DPN000416_R2.jpg?v=1748341186,DPN000416_R1.jpg
Talkative ‘T’ Diamond Pendant,18 KT / Rose Gold,18K,1.5,0.115,23017.0,49854812717344,https://cdn.shopify.com/s/files/1/0805/4777/4752/files/DPN000416_R1.jpg?v=1748341186,https://cdn.shopify.com/s/files/1/0805/4777/4752/files/DPN000416_R2.jpg?v=1748341186,DPN000416_R1.jpg
Stellar ‘S’ Diamond Pendant,9 KT / Rose Gold,9K,1.13,0.127,11971.0,50738277941536,https://cdn.shopify.com/s/files/1/0805/4777/4752/files/DPN000415_R1.jpg?v=1748341187,https://cdn.shopify.com/s/files/1/0805/4777/4752/files/DPN000415_R2.jpg?v=1748341187,DPN000415_R1.jpg
Stellar ‘S’ Diamond Pendant,14 KT / Rose Gold,14K,1.28,0.127,17205.0,49854812291360,https://cdn.shopify.com/s/files/1/0805/4777/4752/files/DPN000415_R1.jpg?v=1748341187,https://cdn.shopify.com/s/files/1/0805/4777/4752/files/DPN000415_R2.jpg?v=1748341187,DPN000415_R1.jpg
Stellar ‘S’ Diamond Pendant,18 KT / Rose Gold,18K,1.5,0.127,23337.0,49854812389664,https://cdn.shopify.com/s/files/1/0805/4777/4752/files/DPN000415_R1.jpg?v=1748341187,https://cdn.shopify.com/s/files/1/0805/4777/4752/files/DPN000415_R2.jpg?v=1748341187,DPN000415_R1.jpg
Radiant ‘R’ Diamond Pendant,9 KT / Rose Gold,9K,1.13,0.087,10904.0,50738278105376,https://cdn.shopify.com/s/files/1/0805/4777/4752/files/DPN000414_R1.jpg?v=1748341189,https://cdn.shopify.com/s/files/1/0805/4777/4752/files/DPN000414_R2.jpg?v=1748341189,DPN000414_R1.jpg
Radiant ‘R’ Diamond Pendant,14 KT / Rose Gold,14K,1.28,0.087,16138.0,49854812094752,https://cdn.shopify.com/s/files/1/0805/4777/4752/files/DPN000414_R1.jpg?v=1748341189,https://cdn.shopify.com/s/files/1/0805/4777/4752/files/DPN000414_R2.jpg?v=1748341189,DPN000414_R1.jpg
Radiant ‘R’ Diamond Pendant,18 KT / Rose Gold,18K,1.5,0.087,22270.0,49854812193056,https://cdn.shopify.com/s/files/1/0805/4777/4752/files/DPN000414_R1.jpg?v=1748341189,https://cdn.shopify.com/s/files/1/0805/4777/4752/files/DPN000414_R2.jpg?v=1748341189,DPN000414_R1.jpg
Queen ‘Q’ Diamond Pendant,9 KT / Rose Gold,9K,1.13,0.114,11624.0,50738278859040,https://cdn.shopify.com/s/files/1/0805/4777/4752/files/DPN000413_R1.jpg?v=1748341190,https://cdn.shopify.com/s/files/1/0805/4777/4752/files/DPN000413_R2.jpg?v=1748341190,DPN000413_R1.jpg
Queen ‘Q’ Diamond Pendant,14 KT / Rose Gold,14K,1.28,0.114,16858.0,49854811898144,https://cdn.shopify.com/s/files/1/0805/4777/4752/files/DPN000413_R1.jpg?v=1748341190,https://cdn.shopify.com/s/files/1/0805/4777/4752/files/DPN000413_R2.jpg?v=1748341190,DPN000413_R1.jpg
Queen ‘Q’ Diamond Pendant,18 KT / Rose Gold,18K,1.5,0.114,22990.0,49854811996448,https://cdn.shopify.com/s/files/1/0805/4777/4752/files/DPN000413_R1.jpg?v=1748341190,https://cdn.shopify.com/s/files/1/0805/4777/4752/files/DPN000413_R2.jpg?v=1748341190,DPN000413_R1.jpg
Precious ‘P’ Diamond Pendant,9 KT / Rose Gold,9K,1.13,0.113,11598.0,50738278990112,https://cdn.shopify.com/s/files/1/0805/4777/4752/files/DPN000412_R1.jpg?v=1748341192,https://cdn.shopify.com/s/files/1/0805/4777/4752/files/DPN000412_R2.jpg?v=1748341191,DPN000412_R1.jpg
Precious ‘P’ Diamond Pendant,14 KT / Rose Gold,14K,1.28,0.113,16832.0,49854811701536,https://cdn.shopify.com/s/files/1/0805/4777/4752/files/DPN000412_R1.jpg?v=1748341192,https://cdn.shopify.com/s/files/1/0805/4777/4752/files/DPN000412_R2.jpg?v=1748341191,DPN000412_R1.jpg
Precious ‘P’ Diamond Pendant,18 KT / Rose Gold,18K,1.5,0.113,22964.0,49854811799840,https://cdn.shopify.com/s/files/1/0805/4777/4752/files/DPN000412_R1.jpg?v=1748341192,https://cdn.shopify.com/s/files/1/0805/4777/4752/files/DPN000412_R2.jpg?v=1748341191,DPN000412_R1.jpg
Opulent ‘O’ Diamond Pendant,9 KT / Rose Gold,9K,1.13,0.102,11304.0,50738279153952,https://cdn.shopify.com/s/files/1/0805/4777/4752/files/DPN000411_R1.jpg?v=1748341193,https://cdn.shopify.com/s/files/1/0805/4777/4752/files/DPN000411_R2.jpg?v=1748341193,DPN000411_R1.jpg
Opulent ‘O’ Diamond Pendant,14 KT / Rose Gold,14K,1.28,0.102,16538.0,49854811406624,https://cdn.shopify.com/s/files/1/0805/4777/4752/files/DPN000411_R1.jpg?v=1748341193,https://cdn.shopify.com/s/files/1/0805/4777/4752/files/DPN000411_R2.jpg?v=1748341193,DPN000411_R1.jpg
Opulent ‘O’ Diamond Pendant,18 KT / Rose Gold,18K,1.5,0.102,22670.0,49854811504928,https://cdn.shopify.com/s/files/1/0805/4777/4752/files/DPN000411_R1.jpg?v=1748341193,https://cdn.shopify.com/s/files/1/0805/4777/4752/files/DPN000411_R2.jpg?v=1748341193,DPN000411_R1.jpg
Noble ‘N’ Diamond Pendant,9 KT / Rose Gold,9K,1.13,0.116,11678.0,50738283053344,https://cdn.shopify.com/s/files/1/0805/4777/4752/files/DPN000410_R1.jpg?v=1748341194,https://cdn.shopify.com/s/files/1/0805/4777/4752/files/DPN000410_R2.jpg?v=1748341194,DPN000410_R1.jpg
Noble ‘N’ Diamond Pendant,14 KT / Rose Gold,14K,1.28,0.116,16912.0,49854811144480,https://cdn.shopify.com/s/files/1/0805/4777/4752/files/DPN000410_R1.jpg?v=1748341194,https://cdn.shopify.com/s/files/1/0805/4777/4752/files/DPN000410_R2.jpg?v=1748341194,DPN000410_R1.jpg
Noble ‘N’ Diamond Pendant,18 KT / Rose Gold,18K,1.5,0.116,23044.0,49854811242784,https://cdn.shopify.com/s/files/1/0805/4777/4752/files/DPN000410_R1.jpg?v=1748341194,https://cdn.shopify.com/s/files/1/0805/4777/4752/files/DPN000410_R2.jpg?v=1748341194,DPN000410_R1.jpg
Mesmerizing ‘M’ Diamond Pendant,9 KT / Rose Gold,9K,1.1,0.14,12104.0,50738283381024,https://cdn.shopify.com/s/files/1/0805/4777/4752/files/DPN000409_R1.jpg?v=1748341196,https://cdn.shopify.com/s/files/1/0805/4777/4752/files/DPN000409_R2.jpg?v=1748341196,DPN000409_R1.jpg
Mesmerizing ‘M’ Diamond Pendant,14 KT / Rose Gold,14K,1.25,0.14,17236.0,49854810882336,https://cdn.shopify.com/s/files/1/0805/4777/4752/files/DPN000409_R1.jpg?v=1748341196,https://cdn.shopify.com/s/files/1/0805/4777/4752/files/DPN000409_R2.jpg?v=1748341196,DPN000409_R1.jpg
Mesmerizing ‘M’ Diamond Pendant,18 KT / Rose Gold,18K,1.47,0.14,23287.0,49854810980640,https://cdn.shopify.com/s/files/1/0805/4777/4752/files/DPN000409_R1.jpg?v=1748341196,https://cdn.shopify.com/s/files/1/0805/4777/4752/files/DPN000409_R2.jpg?v=1748341196,DPN000409_R1.jpg
Lovely ‘L’ Diamond Pendant,9 KT / Rose Gold,9K,1.13,0.111,11544.0,50738283708704,https://cdn.shopify.com/s/files/1/0805/4777/4752/files/DPN000408_R1.jpg?v=1748341197,https://cdn.shopify.com/s/files/1/0805/4777/4752/files/DPN000408_R2.jpg?v=1748341197,DPN000408_R1.jpg
Lovely ‘L’ Diamond Pendant,14 KT / Rose Gold,14K,1.28,0.111,16778.0,49854810620192,https://cdn.shopify.com/s/files/1/0805/4777/4752/files/DPN000408_R1.jpg?v=1748341197,https://cdn.shopify.com/s/files/1/0805/4777/4752/files/DPN000408_R2.jpg?v=1748341197,DPN000408_R1.jpg
Lovely ‘L’ Diamond Pendant,18 KT / Rose Gold,18K,1.5,0.111,22910.0,49854810718496,https://cdn.shopify.com/s/files/1/0805/4777/4752/files/DPN000408_R1.jpg?v=1748341197,https://cdn.shopify.com/s/files/1/0805/4777/4752/files/DPN000408_R2.jpg?v=1748341197,DPN000408_R1.jpg
Kissable ‘K’ Diamond Pendant,9 KT / Rose Gold,9K,1.13,0.121,11811.0,50738283807008,https://cdn.shopify.com/s/files/1/0805/4777/4752/files/DPN000407_R1.jpg?v=1748341198,https://cdn.shopify.com/s/files/1/0805/4777/4752/files/DPN000407_R2.jpg?v=1748341199,DPN000407_R1.jpg
Kissable ‘K’ Diamond Pendant,14 KT / Rose Gold,14K,1.28,0.121,17045.0,49854810390816,https://cdn.shopify.com/s/files/1/0805/4777/4752/files/DPN000407_R1.jpg?v=1748341198,https://cdn.shopify.com/s/files/1/0805/4777/4752/files/DPN000407_R2.jpg?v=1748341199,DPN000407_R1.jpg
Kissable ‘K’ Diamond Pendant,18 KT / Rose Gold,18K,1.5,0.121,23177.0,49854810489120,https://cdn.shopify.com/s/files/1/0805/4777/4752/files/DPN000407_R1.jpg?v=1748341198,https://cdn.shopify.com/s/files/1/0805/4777/4752/files/DPN000407_R2.jpg?v=1748341199,DPN000407_R1.jpg
Jubliant ‘J’ Diamond Pendant,9 KT / Rose Gold,9K,1.13,0.129,12024.0,50738284036384,https://cdn.shopify.com/s/files/1/0805/4777/4752/files/DPN000406_R1.jpg?v=1748341200,https://cdn.shopify.com/s/files/1/0805/4777/4752/files/DPN000406_R2.jpg?v=1748341200,DPN000406_R1.jpg
Jubliant ‘J’ Diamond Pendant,14 KT / Rose Gold,14K,1.28,0.129,17258.0,49854810161440,https://cdn.shopify.com/s/files/1/0805/4777/4752/files/DPN000406_R1.jpg?v=1748341200,https://cdn.shopify.com/s/files/1/0805/4777/4752/files/DPN000406_R2.jpg?v=1748341200,DPN000406_R1.jpg
Jubliant ‘J’ Diamond Pendant,18 KT / Rose Gold,18K,1.5,0.129,23390.0,49854810259744,https://cdn.shopify.com/s/files/1/0805/4777/4752/files/DPN000406_R1.jpg?v=1748341200,https://cdn.shopify.com/s/files/1/0805/4777/4752/files/DPN000406_R2.jpg?v=1748341200,DPN000406_R1.jpg
Independent ‘I’ Diamond Pendant,9 KT / Rose Gold,9K,0.62,0.136,8921.0,50738284462368,https://cdn.shopify.com/s/files/1/0805/4777/4752/files/DPN000405_R1.jpg?v=1748341201,https://cdn.shopify.com/s/files/1/0805/4777/4752/files/DPN000405_R2.jpg?v=1748341201,DPN000405_R1.jpg
Independent ‘I’ Diamond Pendant,14 KT / Rose Gold,14K,0.7,0.136,11771.0,49854809899296,https://cdn.shopify.com/s/files/1/0805/4777/4752/files/DPN000405_R1.jpg?v=1748341201,https://cdn.shopify.com/s/files/1/0805/4777/4752/files/DPN000405_R2.jpg?v=1748341201,DPN000405_R1.jpg
Independent ‘I’ Diamond Pendant,18 KT / Rose Gold,18K,0.82,0.136,15120.0,49854809997600,https://cdn.shopify.com/s/files/1/0805/4777/4752/files/DPN000405_R1.jpg?v=1748341201,https://cdn.shopify.com/s/files/1/0805/4777/4752/files/DPN000405_R2.jpg?v=1748341201,DPN000405_R1.jpg
Humor at Heart ‘H’ Diamond Pendant,14 KT / Rose Gold,14K,1.28,0.171,18397.0,49854809669920,https://cdn.shopify.com/s/files/1/0805/4777/4752/files/DPN000404_R1.jpg?v=1748341203,https://cdn.shopify.com/s/files/1/0805/4777/4752/files/DPN000404_R2.jpg?v=1748341203,DPN000404_R1.jpg
Humor at Heart ‘H’ Diamond Pendant,18 KT / Rose Gold,18K,1.5,0.171,24529.0,49854809768224,https://cdn.shopify.com/s/files/1/0805/4777/4752/files/DPN000404_R1.jpg?v=1748341203,https://cdn.shopify.com/s/files/1/0805/4777/4752/files/DPN000404_R2.jpg?v=1748341203,DPN000404_R1.jpg
Humor at Heart ‘H’ Diamond Pendant,9 KT / Rose Gold,9K,1.13,0.171,13163.0,50738284626208,https://cdn.shopify.com/s/files/1/0805/4777/4752/files/DPN000404_R1.jpg?v=1748341203,https://cdn.shopify.com/s/files/1/0805/4777/4752/files/DPN000404_R2.jpg?v=1748341203,DPN000404_R1.jpg
Glow-getter ‘G’ Diamond Pendant,9 KT / Rose Gold,9K,1.13,0.134,12158.0,50738284757280,https://cdn.shopify.com/s/files/1/0805/4777/4752/files/DPN000403_R1.jpg?v=1748341204,https://cdn.shopify.com/s/files/1/0805/4777/4752/files/DPN000403_R2.jpg?v=1748341204,DPN000403_R1.jpg
Glow-getter ‘G’ Diamond Pendant,14 KT / Rose Gold,14K,1.28,0.134,17392.0,49854809407776,https://cdn.shopify.com/s/files/1/0805/4777/4752/files/DPN000403_R1.jpg?v=1748341204,https://cdn.shopify.com/s/files/1/0805/4777/4752/files/DPN000403_R2.jpg?v=1748341204,DPN000403_R1.jpg
Glow-getter ‘G’ Diamond Pendant,18 KT / Rose Gold,18K,1.5,0.134,23524.0,49854809506080,https://cdn.shopify.com/s/files/1/0805/4777/4752/files/DPN000403_R1.jpg?v=1748341204,https://cdn.shopify.com/s/files/1/0805/4777/4752/files/DPN000403_R2.jpg?v=1748341204,DPN000403_R1.jpg
Fearless ‘F’ Diamond Pendant,9 KT / Rose Gold,9K,1.13,0.114,11624.0,50738284888352,https://cdn.shopify.com/s/files/1/0805/4777/4752/files/DPN000402_R1.jpg?v=1748341206,https://cdn.shopify.com/s/files/1/0805/4777/4752/files/DPN000402_R2.jpg?v=1748341206,DPN000402_R1.jpg
Fearless ‘F’ Diamond Pendant,14 KT / Rose Gold,14K,1.28,0.114,16858.0,49854809145632,https://cdn.shopify.com/s/files/1/0805/4777/4752/files/DPN000402_R1.jpg?v=1748341206,https://cdn.shopify.com/s/files/1/0805/4777/4752/files/DPN000402_R2.jpg?v=1748341206,DPN000402_R1.jpg
Fearless ‘F’ Diamond Pendant,18 KT / Rose Gold,18K,1.5,0.114,22990.0,49854809243936,https://cdn.shopify.com/s/files/1/0805/4777/4752/files/DPN000402_R1.jpg?v=1748341206,https://cdn.shopify.com/s/files/1/0805/4777/4752/files/DPN000402_R2.jpg?v=1748341206,DPN000402_R1.jpg
Extraordinary ‘E’ Diamond Pendant,9 KT / Rose Gold,9K,1.13,0.106,11411.0,50738284986656,https://cdn.shopify.com/s/files/1/0805/4777/4752/files/DPN000401_R1.jpg?v=1748341207,https://cdn.shopify.com/s/files/1/0805/4777/4752/files/DPN000401_R2.jpg?v=1748341207,DPN000401_R1.jpg
Extraordinary ‘E’ Diamond Pendant,14 KT / Rose Gold,14K,1.28,0.106,16645.0,49854808850720,https://cdn.shopify.com/s/files/1/0805/4777/4752/files/DPN000401_R1.jpg?v=1748341207,https://cdn.shopify.com/s/files/1/0805/4777/4752/files/DPN000401_R2.jpg?v=1748341207,DPN000401_R1.jpg
Extraordinary ‘E’ Diamond Pendant,18 KT / Rose Gold,18K,1.5,0.106,22777.0,49854808949024,https://cdn.shopify.com/s/files/1/0805/4777/4752/files/DPN000401_R1.jpg?v=1748341207,https://cdn.shopify.com/s/files/1/0805/4777/4752/files/DPN000401_R2.jpg?v=1748341207,DPN000401_R1.jpg
Dazzle ‘D’ Diamond Pendant,9 KT / Rose Gold,9K,1.13,0.131,12078.0,50738285707552,https://cdn.shopify.com/s/files/1/0805/4777/4752/files/DPN000400_R1.jpg?v=1748341209,https://cdn.shopify.com/s/files/1/0805/4777/4752/files/DPN000400_R2.jpg?v=1748341209,DPN000400_R1.jpg
Dazzle ‘D’ Diamond Pendant,14 KT / Rose Gold,14K,1.28,0.131,17312.0,49854808621344,https://cdn.shopify.com/s/files/1/0805/4777/4752/files/DPN000400_R1.jpg?v=1748341209,https://cdn.shopify.com/s/files/1/0805/4777/4752/files/DPN000400_R2.jpg?v=1748341209,DPN000400_R1.jpg
Dazzle ‘D’ Diamond Pendant,18 KT / Rose Gold,18K,1.5,0.131,23444.0,49854808719648,https://cdn.shopify.com/s/files/1/0805/4777/4752/files/DPN000400_R1.jpg?v=1748341209,https://cdn.shopify.com/s/files/1/0805/4777/4752/files/DPN000400_R2.jpg?v=1748341209,DPN000400_R1.jpg
Confident ‘C’ Diamond Pendant,9 KT / Rose Gold,9K,1.13,0.124,11891.0,50738286133536,https://cdn.shopify.com/s/files/1/0805/4777/4752/files/DPN000399_R1.jpg?v=1748341210,https://cdn.shopify.com/s/files/1/0805/4777/4752/files/DPN000399_R2.jpg?v=1748341210,DPN000399_R1.jpg
Confident ‘C’ Diamond Pendant,14 KT / Rose Gold,14K,1.28,0.124,17125.0,49854808391968,https://cdn.shopify.com/s/files/1/0805/4777/4752/files/DPN000399_R1.jpg?v=1748341210,https://cdn.shopify.com/s/files/1/0805/4777/4752/files/DPN000399_R2.jpg?v=1748341210,DPN000399_R1.jpg
Confident ‘C’ Diamond Pendant,18 KT / Rose Gold,18K,1.5,0.124,23257.0,49854808490272,https://cdn.shopify.com/s/files/1/0805/4777/4752/files/DPN000399_R1.jpg?v=1748341210,https://cdn.shopify.com/s/files/1/0805/4777/4752/files/DPN000399_R2.jpg?v=1748341210,DPN000399_R1.jpg
Beautiful ‘B’ Diamond Pendant,9 KT / Rose Gold,9K,1.13,0.141,12345.0,50738286493984,https://cdn.shopify.com/s/files/1/0805/4777/4752/files/DPN000398_R1.jpg?v=1748341211,https://cdn.shopify.com/s/files/1/0805/4777/4752/files/DPN000398_R2.jpg?v=1748341211,DPN000398_R1.jpg
Beautiful ‘B’ Diamond Pendant,14 KT / Rose Gold,14K,1.28,0.141,17579.0,49854807834912,https://cdn.shopify.com/s/files/1/0805/4777/4752/files/DPN000398_R1.jpg?v=1748341211,https://cdn.shopify.com/s/files/1/0805/4777/4752/files/DPN000398_R2.jpg?v=1748341211,DPN000398_R1.jpg
Beautiful ‘B’ Diamond Pendant,18 KT / Rose Gold,18K,1.5,0.141,23710.0,49854807933216,https://cdn.shopify.com/s/files/1/0805/4777/4752/files/DPN000398_R1.jpg?v=1748341211,https://cdn.shopify.com/s/files/1/0805/4777/4752/files/DPN000398_R2.jpg?v=1748341211,DPN000398_R1.jpg
Ambitious 'A' Diamond Pendant,9 KT / Rose Gold,9K,1.18,0.097,11382.0,50738286887200,https://cdn.shopify.com/s/files/1/0805/4777/4752/files/DPN000397_R1.jpg?v=1748341213,https://cdn.shopify.com/s/files/1/0805/4777/4752/files/DPN000397_R2.jpg?v=1748341213,DPN000397_R1.jpg
Ambitious 'A' Diamond Pendant,14 KT / Rose Gold,14K,1.29,0.097,16407.0,49854807572768,https://cdn.shopify.com/s/files/1/0805/4777/4752/files/DPN000397_R1.jpg?v=1748341213,https://cdn.shopify.com/s/files/1/0805/4777/4752/files/DPN000397_R2.jpg?v=1748341213,DPN000397_R1.jpg
Ambitious 'A' Diamond Pendant,18 KT / Rose Gold,18K,1.55,0.097,23052.0,49854807671072,https://cdn.shopify.com/s/files/1/0805/4777/4752/files/DPN000397_R1.jpg?v=1748341213,https://cdn.shopify.com/s/files/1/0805/4777/4752/files/DPN000397_R2.jpg?v=1748341213,DPN000397_R1.jpg
Luxe Bloom Diamond Pendant,9 KT / Rose Gold,9K,0.85,0.29,14427.0,50738287509792,https://cdn.shopify.com/s/files/1/0805/4777/4752/files/DPN000099_R1_494e6215-342f-4eeb-bfcc-5dd2e27ac813.jpg?v=1750222767,https://cdn.shopify.com/s/files/1/0805/4777/4752/files/DPN000099_R2_14085bd3-b419-4b24-b3c6-3de96c8ec97e.jpg?v=1750222767,DPN000099_R1_494e6215-342f-4eeb-bfcc-5dd2e27ac813.jpg
Luxe Bloom Diamond Pendant,14 KT / Rose Gold,14K,0.96,0.29,18337.0,49509225857312,https://cdn.shopify.com/s/files/1/0805/4777/4752/files/DPN000099_R1_494e6215-342f-4eeb-bfcc-5dd2e27ac813.jpg?v=1750222767,https://cdn.shopify.com/s/files/1/0805/4777/4752/files/DPN000099_R2_14085bd3-b419-4b24-b3c6-3de96c8ec97e.jpg?v=1750222767,DPN000099_R1_494e6215-342f-4eeb-bfcc-5dd2e27ac813.jpg
Luxe Bloom Diamond Pendant,18 KT / Rose Gold,18K,1.13,0.29,22997.0,49845736866080,https://cdn.shopify.com/s/files/1/0805/4777/4752/files/DPN000099_R1_494e6215-342f-4eeb-bfcc-5dd2e27ac813.jpg?v=1750222767,https://cdn.shopify.com/s/files/1/0805/4777/4752/files/DPN000099_R2_14085bd3-b419-4b24-b3c6-3de96c8ec97e.jpg?v=1750222767,DPN000099_R1_494e6215-342f-4eeb-bfcc-5dd2e27ac813.jpg
Sapphire Veil Diamond Pendant,9 KT / Rose Gold,9K,1.04,0.685,29999.0,50738288034080,https://cdn.shopify.com/s/files/1/0805/4777/4752/files/WPN000023_R1.jpg?v=1750222769,https://cdn.shopify.com/s/files/1/0805/4777/4752/files/WPN000023_R2.jpg?v=1750222769,WPN000023_R1.jpg
Sapphire Veil Diamond Pendant,14 KT / Rose Gold,14K,1.18,0.685,34834.0,49509225660704,https://cdn.shopify.com/s/files/1/0805/4777/4752/files/WPN000023_R1.jpg?v=1750222769,https://cdn.shopify.com/s/files/1/0805/4777/4752/files/WPN000023_R2.jpg?v=1750222769,WPN000023_R1.jpg
Sapphire Veil Diamond Pendant,18 KT / Rose Gold,18K,1.39,0.685,40574.0,49846068052256,https://cdn.shopify.com/s/files/1/0805/4777/4752/files/WPN000023_R1.jpg?v=1750222769,https://cdn.shopify.com/s/files/1/0805/4777/4752/files/WPN000023_R2.jpg?v=1750222769,WPN000023_R1.jpg
Glimmering Horizon Diamond Pendant,9 KT / Yellow Gold,9K,1.35,0.34,20629.0,50738288132384,https://cdn.shopify.com/s/files/1/0805/4777/4752/files/WPN000019_Y1.jpg?v=1750222770,https://cdn.shopify.com/s/files/1/0805/4777/4752/files/WPN000019_Y2.jpg?v=1750222770,WPN000019_Y1.jpg
Glimmering Horizon Diamond Pendant,14 KT / Yellow Gold,14K,1.53,0.34,26890.0,49509225464096,https://cdn.shopify.com/s/files/1/0805/4777/4752/files/WPN000019_Y1.jpg?v=1750222770,https://cdn.shopify.com/s/files/1/0805/4777/4752/files/WPN000019_Y2.jpg?v=1750222770,WPN000019_Y1.jpg
Glimmering Horizon Diamond Pendant,18 KT / Yellow Gold,18K,1.8,0.34,34305.0,49843128795424,https://cdn.shopify.com/s/files/1/0805/4777/4752/files/WPN000019_Y1.jpg?v=1750222770,https://cdn.shopify.com/s/files/1/0805/4777/4752/files/WPN000019_Y2.jpg?v=1750222770,WPN000019_Y1.jpg
Starlight Dream Diamond Pendant,9 KT / Rose Gold,9K,1.05,0.25,16557.0,50738290393376,https://cdn.shopify.com/s/files/1/0805/4777/4752/files/DPN000099_R1_a33d126b-8169-402c-a763-a5f671b20d5f.jpg?v=1750222772,https://cdn.shopify.com/s/files/1/0805/4777/4752/files/DPN000099_R2_1778f9cd-0eb5-4d37-8d45-d348bf36bfae.jpg?v=1750222772,DPN000099_R1_a33d126b-8169-402c-a763-a5f671b20d5f.jpg
Starlight Dream Diamond Pendant,14 KT / Rose Gold,14K,1.19,0.25,21427.0,49509225169184,https://cdn.shopify.com/s/files/1/0805/4777/4752/files/DPN000099_R1_a33d126b-8169-402c-a763-a5f671b20d5f.jpg?v=1750222772,https://cdn.shopify.com/s/files/1/0805/4777/4752/files/DPN000099_R2_1778f9cd-0eb5-4d37-8d45-d348bf36bfae.jpg?v=1750222772,DPN000099_R1_a33d126b-8169-402c-a763-a5f671b20d5f.jpg
Starlight Dream Diamond Pendant,18 KT / Rose Gold,18K,1.4,0.25,27194.0,49846111961376,https://cdn.shopify.com/s/files/1/0805/4777/4752/files/DPN000099_R1_a33d126b-8169-402c-a763-a5f671b20d5f.jpg?v=1750222772,https://cdn.shopify.com/s/files/1/0805/4777/4752/files/DPN000099_R2_1778f9cd-0eb5-4d37-8d45-d348bf36bfae.jpg?v=1750222772,DPN000099_R1_a33d126b-8169-402c-a763-a5f671b20d5f.jpg
Opal Moon Diamond Pendant,9 KT / Yellow Gold,9K,1.13,0.312,16914.0,50738292064544,https://cdn.shopify.com/s/files/1/0805/4777/4752/files/SPN000122_Y1.jpg?v=1750222774,https://cdn.shopify.com/s/files/1/0805/4777/4752/files/SPN000122_Y2.jpg?v=1750222774,SPN000122_Y1.jpg
Opal Moon Diamond Pendant,14 KT / Yellow Gold,14K,1.28,0.312,22148.0,49509224907040,https://cdn.shopify.com/s/files/1/0805/4777/4752/files/SPN000122_Y1.jpg?v=1750222774,https://cdn.shopify.com/s/files/1/0805/4777/4752/files/SPN000122_Y2.jpg?v=1750222774,SPN000122_Y1.jpg
Opal Moon Diamond Pendant,18 KT / Yellow Gold,18K,1.51,0.312,28402.0,49845926986016,https://cdn.shopify.com/s/files/1/0805/4777/4752/files/SPN000122_Y1.jpg?v=1750222774,https://cdn.shopify.com/s/files/1/0805/4777/4752/files/SPN000122_Y2.jpg?v=1750222774,SPN000122_Y1.jpg
Seraphic Jewel Diamond Pendant,9 KT / Rose Gold,9K,0.88,0.27,14076.0,50738293506336,https://cdn.shopify.com/s/files/1/0805/4777/4752/files/DPN000101_R1.jpg?v=1750222777,https://cdn.shopify.com/s/files/1/0805/4777/4752/files/DPN000101_R2.jpg?v=1750222777,DPN000101_R1.jpg
Seraphic Jewel Diamond Pendant,14 KT / Rose Gold,14K,1.0,0.27,18182.0,49509224120608,https://cdn.shopify.com/s/files/1/0805/4777/4752/files/DPN000101_R1.jpg?v=1750222777,https://cdn.shopify.com/s/files/1/0805/4777/4752/files/DPN000101_R2.jpg?v=1750222777,DPN000101_R1.jpg
Seraphic Jewel Diamond Pendant,18 KT / Rose Gold,18K,1.17,0.27,22950.0,49846087876896,https://cdn.shopify.com/s/files/1/0805/4777/4752/files/DPN000101_R1.jpg?v=1750222777,https://cdn.shopify.com/s/files/1/0805/4777/4752/files/DPN000101_R2.jpg?v=1750222777,DPN000101_R1.jpg
Twilight Halo Diamond Pendant,9 KT / Rose Gold,9K,0.75,0.249,12725.0,50738295439648,https://cdn.shopify.com/s/files/1/0805/4777/4752/files/DPN000094_R1.jpg?v=1750222779,https://cdn.shopify.com/s/files/1/0805/4777/4752/files/DPN000094_R2.jpg?v=1771243155,DPN000094_R1.jpg
Twilight Halo Diamond Pendant,14 KT / Rose Gold,14K,0.85,0.249,16204.0,49509224022304,https://cdn.shopify.com/s/files/1/0805/4777/4752/files/DPN000094_R1.jpg?v=1750222779,https://cdn.shopify.com/s/files/1/0805/4777/4752/files/DPN000094_R2.jpg?v=1771243155,DPN000094_R1.jpg
Twilight Halo Diamond Pendant,18 KT / Rose Gold,18K,1.0,0.249,20323.0,49846129557792,https://cdn.shopify.com/s/files/1/0805/4777/4752/files/DPN000094_R1.jpg?v=1750222779,https://cdn.shopify.com/s/files/1/0805/4777/4752/files/DPN000094_R2.jpg?v=1771243155,DPN000094_R1.jpg
Mystique Glow Diamond Pendant,9 KT / Rose Gold,9K,0.86,0.97,43718.0,50738297995552,https://cdn.shopify.com/s/files/1/0805/4777/4752/files/DPN000203_R1.jpg?v=1750222782,https://cdn.shopify.com/s/files/1/0805/4777/4752/files/DPN000203_R2.jpg?v=1750222782,DPN000203_R1.jpg
Mystique Glow Diamond Pendant,14 KT / Rose Gold,14K,0.98,0.97,47757.0,49509223792928,https://cdn.shopify.com/s/files/1/0805/4777/4752/files/DPN000203_R1.jpg?v=1750222782,https://cdn.shopify.com/s/files/1/0805/4777/4752/files/DPN000203_R2.jpg?v=1750222782,DPN000203_R1.jpg
Mystique Glow Diamond Pendant,18 KT / Rose Gold,18K,1.15,0.97,52471.0,49845919908128,https://cdn.shopify.com/s/files/1/0805/4777/4752/files/DPN000203_R1.jpg?v=1750222782,https://cdn.shopify.com/s/files/1/0805/4777/4752/files/DPN000203_R2.jpg?v=1750222782,DPN000203_R1.jpg
Opulent Whisper Diamond Pendant,9 KT / Rose Gold,9K,1.65,0.84,40136.0,50738298913056,https://cdn.shopify.com/s/files/1/0805/4777/4752/files/WPN000013_R1.jpg?v=1750222784,https://cdn.shopify.com/s/files/1/0805/4777/4752/files/WPN000013_R2.jpg?v=1750222785,WPN000013_R1.jpg
Opulent Whisper Diamond Pendant,14 KT / Rose Gold,14K,1.87,0.84,47787.0,49509223629088,https://cdn.shopify.com/s/files/1/0805/4777/4752/files/WPN000013_R1.jpg?v=1750222784,https://cdn.shopify.com/s/files/1/0805/4777/4752/files/WPN000013_R2.jpg?v=1750222785,WPN000013_R1.jpg
Opulent Whisper Diamond Pendant,18 KT / Rose Gold,18K,2.2,0.84,56850.0,49845942845728,https://cdn.shopify.com/s/files/1/0805/4777/4752/files/WPN000013_R1.jpg?v=1750222784,https://cdn.shopify.com/s/files/1/0805/4777/4752/files/WPN000013_R2.jpg?v=1750222785,WPN000013_R1.jpg
Celestial Radiance Diamond Pendant,9 KT / White Gold,9K,1.35,0.628,27016.0,50738300584224,https://cdn.shopify.com/s/files/1/0805/4777/4752/files/DPN000116_W1.jpg?v=1750222786,https://cdn.shopify.com/s/files/1/0805/4777/4752/files/DPN000116_W2.jpg?v=1750222786,DPN000116_W1.jpg
Celestial Radiance Diamond Pendant,14 KT / White Gold,14K,1.53,0.628,33277.0,50157561053472,https://cdn.shopify.com/s/files/1/0805/4777/4752/files/DPN000116_W1.jpg?v=1750222786,https://cdn.shopify.com/s/files/1/0805/4777/4752/files/DPN000116_W2.jpg?v=1750222786,DPN000116_W1.jpg
Celestial Radiance Diamond Pendant,18 KT / White Gold,18K,1.8,0.628,40692.0,49842618532128,https://cdn.shopify.com/s/files/1/0805/4777/4752/files/DPN000116_W1.jpg?v=1750222786,https://cdn.shopify.com/s/files/1/0805/4777/4752/files/DPN000116_W2.jpg?v=1750222786,DPN000116_W1.jpg
Crystal Dawn Diamond Pendant,9 KT / Rose Gold,9K,0.75,0.26,13019.0,50738302189856,https://cdn.shopify.com/s/files/1/0805/4777/4752/files/DPN000100_R1.jpg?v=1750222788,https://cdn.shopify.com/s/files/1/0805/4777/4752/files/DPN000100_R2.jpg?v=1750222788,DPN000100_R1.jpg
Crystal Dawn Diamond Pendant,14 KT / Rose Gold,14K,0.85,0.26,16497.0,49509223039264,https://cdn.shopify.com/s/files/1/0805/4777/4752/files/DPN000100_R1.jpg?v=1750222788,https://cdn.shopify.com/s/files/1/0805/4777/4752/files/DPN000100_R2.jpg?v=1750222788,DPN000100_R1.jpg
Crystal Dawn Diamond Pendant,18 KT / Rose Gold,18K,1.0,0.26,20616.0,49842651988256,https://cdn.shopify.com/s/files/1/0805/4777/4752/files/DPN000100_R1.jpg?v=1750222788,https://cdn.shopify.com/s/files/1/0805/4777/4752/files/DPN000100_R2.jpg?v=1750222788,DPN000100_R1.jpg
Sapphire Mirage Diamond Pendant,9 KT / Rose Gold,9K,1.35,0.28,17733.0,50738304221472,https://cdn.shopify.com/s/files/1/0805/4777/4752/files/DPN000105_R1.jpg?v=1750222790,https://cdn.shopify.com/s/files/1/0805/4777/4752/files/DPN000105_R2.jpg?v=1750222790,DPN000105_R1.jpg
Sapphire Mirage Diamond Pendant,14 KT / Rose Gold,14K,1.53,0.28,23993.0,49509222875424,https://cdn.shopify.com/s/files/1/0805/4777/4752/files/DPN000105_R1.jpg?v=1750222790,https://cdn.shopify.com/s/files/1/0805/4777/4752/files/DPN000105_R2.jpg?v=1750222790,DPN000105_R1.jpg
Sapphire Mirage Diamond Pendant,18 KT / Rose Gold,18K,1.8,0.28,31408.0,49846065103136,https://cdn.shopify.com/s/files/1/0805/4777/4752/files/DPN000105_R1.jpg?v=1750222790,https://cdn.shopify.com/s/files/1/0805/4777/4752/files/DPN000105_R2.jpg?v=1750222790,DPN000105_R1.jpg
Golden Grace Diamond Pendant,9 KT / Rose Gold,9K,1.33,0.713,32631.0,50738305990944,https://cdn.shopify.com/s/files/1/0805/4777/4752/files/WPN000002_R1.jpg?v=1750222791,https://cdn.shopify.com/s/files/1/0805/4777/4752/files/WPN000002_R2.jpg?v=1750222791,WPN000002_R1.jpg
Golden Grace Diamond Pendant,14 KT / Rose Gold,14K,1.5,0.713,38729.0,49509222613280,https://cdn.shopify.com/s/files/1/0805/4777/4752/files/WPN000002_R1.jpg?v=1750222791,https://cdn.shopify.com/s/files/1/0805/4777/4752/files/WPN000002_R2.jpg?v=1750222791,WPN000002_R1.jpg
Golden Grace Diamond Pendant,18 KT / Rose Gold,18K,1.77,0.713,46063.0,49843191873824,https://cdn.shopify.com/s/files/1/0805/4777/4752/files/WPN000002_R1.jpg?v=1750222791,https://cdn.shopify.com/s/files/1/0805/4777/4752/files/WPN000002_R2.jpg?v=1750222791,WPN000002_R1.jpg
Golden Harmony Diamond Pendant,9 KT / Rose Gold,9K,0.87,0.454,21286.0,50738307465504,https://cdn.shopify.com/s/files/1/0805/4777/4752/files/DPN000191_R1.jpg?v=1750222793,https://cdn.shopify.com/s/files/1/0805/4777/4752/files/DPN000191_R2.jpg?v=1750222793,DPN000191_R1.jpg
Golden Harmony Diamond Pendant,14 KT / Rose Gold,14K,0.98,0.454,25264.0,49509222514976,https://cdn.shopify.com/s/files/1/0805/4777/4752/files/DPN000191_R1.jpg?v=1750222793,https://cdn.shopify.com/s/files/1/0805/4777/4752/files/DPN000191_R2.jpg?v=1750222793,DPN000191_R1.jpg
Golden Harmony Diamond Pendant,18 KT / Rose Gold,18K,1.16,0.454,30100.0,49843204489504,https://cdn.shopify.com/s/files/1/0805/4777/4752/files/DPN000191_R1.jpg?v=1750222793,https://cdn.shopify.com/s/files/1/0805/4777/4752/files/DPN000191_R2.jpg?v=1750222793,DPN000191_R1.jpg
Twilight Enigma Diamond Pendant,9 KT / Yellow Gold,9K,1.37,0.382,20602.0,50738309202208,https://cdn.shopify.com/s/files/1/0805/4777/4752/files/SPN000124_Y1.jpg?v=1750222794,https://cdn.shopify.com/s/files/1/0805/4777/4752/files/SPN000124_Y2.jpg?v=1750222795,SPN000124_Y1.jpg
Twilight Enigma Diamond Pendant,14 KT / Yellow Gold,14K,1.55,0.382,26930.0,49509222318368,https://cdn.shopify.com/s/files/1/0805/4777/4752/files/SPN000124_Y1.jpg?v=1750222794,https://cdn.shopify.com/s/files/1/0805/4777/4752/files/SPN000124_Y2.jpg?v=1750222795,SPN000124_Y1.jpg
Twilight Enigma Diamond Pendant,18 KT / Yellow Gold,18K,1.82,0.382,34399.0,49846131884320,https://cdn.shopify.com/s/files/1/0805/4777/4752/files/SPN000124_Y1.jpg?v=1750222794,https://cdn.shopify.com/s/files/1/0805/4777/4752/files/SPN000124_Y2.jpg?v=1750222795,SPN000124_Y1.jpg
Golden Serenade Diamond Pendant,9 KT / Yellow Gold,9K,0.88,0.15,10875.0,50738312741152,https://cdn.shopify.com/s/files/1/0805/4777/4752/files/DPN000305_Y1.jpg?v=1750222796,https://cdn.shopify.com/s/files/1/0805/4777/4752/files/DPN000305_Y2.jpg?v=1763636478,DPN000305_Y1.jpg
Golden Serenade Diamond Pendant,14 KT / Yellow Gold,14K,0.99,0.15,14886.0,49509221630240,https://cdn.shopify.com/s/files/1/0805/4777/4752/files/DPN000305_Y1.jpg?v=1750222796,https://cdn.shopify.com/s/files/1/0805/4777/4752/files/DPN000305_Y2.jpg?v=1763636478,DPN000305_Y1.jpg
Golden Serenade Diamond Pendant,18 KT / Yellow Gold,18K,1.17,0.15,19749.0,49845670412576,https://cdn.shopify.com/s/files/1/0805/4777/4752/files/DPN000305_Y1.jpg?v=1750222796,https://cdn.shopify.com/s/files/1/0805/4777/4752/files/DPN000305_Y2.jpg?v=1763636478,DPN000305_Y1.jpg
Celeste Bloom Diamond Pendant,9 KT / Rose Gold,9K,0.88,0.107,9728.0,50738315428128,https://cdn.shopify.com/s/files/1/0805/4777/4752/files/DPN000312_R1.jpg?v=1750222797,https://cdn.shopify.com/s/files/1/0805/4777/4752/files/DPN000312_R2.jpg?v=1763636484,DPN000312_R1.jpg
Celeste Bloom Diamond Pendant,14 KT / Rose Gold,14K,1.0,0.107,13834.0,49509221466400,https://cdn.shopify.com/s/files/1/0805/4777/4752/files/DPN000312_R1.jpg?v=1750222797,https://cdn.shopify.com/s/files/1/0805/4777/4752/files/DPN000312_R2.jpg?v=1763636484,DPN000312_R1.jpg
Celeste Bloom Diamond Pendant,18 KT / Rose Gold,18K,1.18,0.107,18723.0,49842592776480,https://cdn.shopify.com/s/files/1/0805/4777/4752/files/DPN000312_R1.jpg?v=1750222797,https://cdn.shopify.com/s/files/1/0805/4777/4752/files/DPN000312_R2.jpg?v=1763636484,DPN000312_R1.jpg
Diamond Whisper Pendant,9 KT / Yellow Gold,9K,1.1,0.199,13664.0,50738318541088,https://cdn.shopify.com/s/files/1/0805/4777/4752/files/DPN000310_Y1.jpg?v=1750222799,https://cdn.shopify.com/s/files/1/0805/4777/4752/files/DPN000310_Y2.jpg?v=1750222799,DPN000310_Y1.jpg
Diamond Whisper Pendant,14 KT / Yellow Gold,14K,1.24,0.199,18702.0,49509221433632,https://cdn.shopify.com/s/files/1/0805/4777/4752/files/DPN000310_Y1.jpg?v=1750222799,https://cdn.shopify.com/s/files/1/0805/4777/4752/files/DPN000310_Y2.jpg?v=1750222799,DPN000310_Y1.jpg
Diamond Whisper Pendant,18 KT / Yellow Gold,18K,1.46,0.199,24726.0,49842955256096,https://cdn.shopify.com/s/files/1/0805/4777/4752/files/DPN000310_Y1.jpg?v=1750222799,https://cdn.shopify.com/s/files/1/0805/4777/4752/files/DPN000310_Y2.jpg?v=1750222799,DPN000310_Y1.jpg
Lustrous Aura Diamond Pendant,9 KT / Rose Gold,9K,0.98,1.0,49402.0,50738334499104,https://cdn.shopify.com/s/files/1/0805/4777/4752/files/SPN001034_R1.jpg?v=1753173435,https://cdn.shopify.com/s/files/1/0805/4777/4752/files/SPN001034.jpg?v=1753173435,SPN001034_R1.jpg
Lustrous Aura Diamond Pendant,14 KT / Rose Gold,14K,1.11,1.0,53940.0,49509221269792,https://cdn.shopify.com/s/files/1/0805/4777/4752/files/SPN001034_R1.jpg?v=1753173435,https://cdn.shopify.com/s/files/1/0805/4777/4752/files/SPN001034.jpg?v=1753173435,SPN001034_R1.jpg
Lustrous Aura Diamond Pendant,18 KT / Rose Gold,18K,1.3,1.0,59248.0,49845725692192,https://cdn.shopify.com/s/files/1/0805/4777/4752/files/SPN001034_R1.jpg?v=1753173435,https://cdn.shopify.com/s/files/1/0805/4777/4752/files/SPN001034.jpg?v=1753173435,SPN001034_R1.jpg
Vivid Charm Diamond Pendant,9 KT / Yellow Gold,9K,0.98,1.0,49402.0,50738335645984,https://cdn.shopify.com/s/files/1/0805/4777/4752/files/SPN001035_Y1.jpg?v=1750222802,https://cdn.shopify.com/s/files/1/0805/4777/4752/files/SPN001035_Y2.jpg?v=1750222802,SPN001035_Y1.jpg
Vivid Charm Diamond Pendant,14 KT / Yellow Gold,14K,1.11,1.0,53940.0,49509221040416,https://cdn.shopify.com/s/files/1/0805/4777/4752/files/SPN001035_Y1.jpg?v=1750222802,https://cdn.shopify.com/s/files/1/0805/4777/4752/files/SPN001035_Y2.jpg?v=1750222802,SPN001035_Y1.jpg
Vivid Charm Diamond Pendant,18 KT / Yellow Gold,18K,1.3,1.0,59248.0,49846138863904,https://cdn.shopify.com/s/files/1/0805/4777/4752/files/SPN001035_Y1.jpg?v=1750222802,https://cdn.shopify.com/s/files/1/0805/4777/4752/files/SPN001035_Y2.jpg?v=1750222802,SPN001035_Y1.jpg
Pure Radiance Diamond Pendant,9 KT / Yellow Gold,9K,0.98,1.0,49402.0,50738337579296,https://cdn.shopify.com/s/files/1/0805/4777/4752/files/SPN001031_Y1.jpg?v=1750222804,https://cdn.shopify.com/s/files/1/0805/4777/4752/files/SPN001031_Y2.jpg?v=1750222804,SPN001031_Y1.jpg
Pure Radiance Diamond Pendant,14 KT / Yellow Gold,14K,1.11,1.0,53940.0,49509220843808,https://cdn.shopify.com/s/files/1/0805/4777/4752/files/SPN001031_Y1.jpg?v=1750222804,https://cdn.shopify.com/s/files/1/0805/4777/4752/files/SPN001031_Y2.jpg?v=1750222804,SPN001031_Y1.jpg
Pure Radiance Diamond Pendant,18 KT / Yellow Gold,18K,1.3,1.0,59248.0,49845950644512,https://cdn.shopify.com/s/files/1/0805/4777/4752/files/SPN001031_Y1.jpg?v=1750222804,https://cdn.shopify.com/s/files/1/0805/4777/4752/files/SPN001031_Y2.jpg?v=1750222804,SPN001031_Y1.jpg
Sapphire Delight Diamond Pendant,9 KT / Yellow Gold,9K,0.98,1.0,49402.0,50738339840288,https://cdn.shopify.com/s/files/1/0805/4777/4752/files/SPN001032_Y1.jpg?v=1750222806,https://cdn.shopify.com/s/files/1/0805/4777/4752/files/SPN001032_Y2.jpg?v=1750222806,SPN001032_Y1.jpg
Sapphire Delight Diamond Pendant,14 KT / Yellow Gold,14K,1.11,1.0,53940.0,49509220745504,https://cdn.shopify.com/s/files/1/0805/4777/4752/files/SPN001032_Y1.jpg?v=1750222806,https://cdn.shopify.com/s/files/1/0805/4777/4752/files/SPN001032_Y2.jpg?v=1750222806,SPN001032_Y1.jpg
Sapphire Delight Diamond Pendant,18 KT / Yellow Gold,18K,1.3,1.0,59248.0,49846055731488,https://cdn.shopify.com/s/files/1/0805/4777/4752/files/SPN001032_Y1.jpg?v=1750222806,https://cdn.shopify.com/s/files/1/0805/4777/4752/files/SPN001032_Y2.jpg?v=1750222806,SPN001032_Y1.jpg
Starlight Symphony Diamond Pendant,9 KT / Yellow Gold,9K,0.98,1.0,49402.0,50738341347616,https://cdn.shopify.com/s/files/1/0805/4777/4752/files/SPN001036_Y1.jpg?v=1750222808,https://cdn.shopify.com/s/files/1/0805/4777/4752/files/SPN001036_Y2.jpg?v=1750222808,SPN001036_Y1.jpg
Starlight Symphony Diamond Pendant,14 KT / Yellow Gold,14K,1.11,1.0,53940.0,49509220647200,https://cdn.shopify.com/s/files/1/0805/4777/4752/files/SPN001036_Y1.jpg?v=1750222808,https://cdn.shopify.com/s/files/1/0805/4777/4752/files/SPN001036_Y2.jpg?v=1750222808,SPN001036_Y1.jpg
Starlight Symphony Diamond Pendant,18 KT / Yellow Gold,18K,1.3,1.0,59248.0,49846115270944,https://cdn.shopify.com/s/files/1/0805/4777/4752/files/SPN001036_Y1.jpg?v=1750222808,https://cdn.shopify.com/s/files/1/0805/4777/4752/files/SPN001036_Y2.jpg?v=1750222808,SPN001036_Y1.jpg
Dazzling Mirage Diamond Pendant,9 KT / Yellow Gold,9K,0.98,1.0,49402.0,50738343739680,https://cdn.shopify.com/s/files/1/0805/4777/4752/files/SPN001030_Y1.jpg?v=1750222809,https://cdn.shopify.com/s/files/1/0805/4777/4752/files/SPN001030_Y2.jpg?v=1750222809,SPN001030_Y1.jpg
Dazzling Mirage Diamond Pendant,14 KT / Yellow Gold,14K,1.11,1.0,53940.0,49509220548896,https://cdn.shopify.com/s/files/1/0805/4777/4752/files/SPN001030_Y1.jpg?v=1750222809,https://cdn.shopify.com/s/files/1/0805/4777/4752/files/SPN001030_Y2.jpg?v=1750222809,SPN001030_Y1.jpg
Dazzling Mirage Diamond Pendant,18 KT / Yellow Gold,18K,1.3,1.0,59248.0,49842698551584,https://cdn.shopify.com/s/files/1/0805/4777/4752/files/SPN001030_Y1.jpg?v=1750222809,https://cdn.shopify.com/s/files/1/0805/4777/4752/files/SPN001030_Y2.jpg?v=1750222809,SPN001030_Y1.jpg
Elysian Glow Diamond Pendant,9 KT / Yellow Gold,9K,0.98,1.0,49402.0,50738345836832,https://cdn.shopify.com/s/files/1/0805/4777/4752/files/SPN001033_Y1.jpg?v=1750222811,https://cdn.shopify.com/s/files/1/0805/4777/4752/files/SPN001033_Y2.jpg?v=1750222811,SPN001033_Y1.jpg
Elysian Glow Diamond Pendant,14 KT / Yellow Gold,14K,1.11,1.0,53940.0,49509220319520,https://cdn.shopify.com/s/files/1/0805/4777/4752/files/SPN001033_Y1.jpg?v=1750222811,https://cdn.shopify.com/s/files/1/0805/4777/4752/files/SPN001033_Y2.jpg?v=1750222811,SPN001033_Y1.jpg
Elysian Glow Diamond Pendant,18 KT / Yellow Gold,18K,1.3,1.0,59248.0,49843028721952,https://cdn.shopify.com/s/files/1/0805/4777/4752/files/SPN001033_Y1.jpg?v=1750222811,https://cdn.shopify.com/s/files/1/0805/4777/4752/files/SPN001033_Y2.jpg?v=1750222811,SPN001033_Y1.jpg
Resplendent Reverie Diamond Pendant,9 KT / Rose Gold,9K,0.75,0.28,13552.0,50738354913568,https://cdn.shopify.com/s/files/1/0805/4777/4752/files/DPN000102_R1.jpg?v=1748340017,https://cdn.shopify.com/s/files/1/0805/4777/4752/files/DPN000102_R2.jpg?v=1748340017,DPN000102_R1.jpg
Resplendent Reverie Diamond Pendant,14 KT / Rose Gold,14K,0.85,0.28,17031.0,47549968810272,https://cdn.shopify.com/s/files/1/0805/4777/4752/files/DPN000102_R1.jpg?v=1748340017,https://cdn.shopify.com/s/files/1/0805/4777/4752/files/DPN000102_R2.jpg?v=1748340017,DPN000102_R1.jpg
Resplendent Reverie Diamond Pendant,18 KT / Rose Gold,18K,1.0,0.28,21150.0,49845967913248,https://cdn.shopify.com/s/files/1/0805/4777/4752/files/DPN000102_R1.jpg?v=1748340017,https://cdn.shopify.com/s/files/1/0805/4777/4752/files/DPN000102_R2.jpg?v=1748340017,DPN000102_R1.jpg
Everlasting Radiance Diamond Pendant,9 KT / Yellow Gold,9K,1.8,3.0,150880.0,50738356551968,https://cdn.shopify.com/s/files/1/0805/4777/4752/files/DPN000275_Y1.jpg?v=1751883440,https://cdn.shopify.com/s/files/1/0805/4777/4752/files/DPN000275_Y2.jpg?v=1763636468,DPN000275_Y1.jpg
Everlasting Radiance Diamond Pendant,14 KT / Yellow Gold,14K,2.04,3.0,159228.0,47549604561184,https://cdn.shopify.com/s/files/1/0805/4777/4752/files/DPN000275_Y1.jpg?v=1751883440,https://cdn.shopify.com/s/files/1/0805/4777/4752/files/DPN000275_Y2.jpg?v=1763636468,DPN000275_Y1.jpg
Everlasting Radiance Diamond Pendant,18 KT / Yellow Gold,18K,2.4,3.0,169114.0,49843119063328,https://cdn.shopify.com/s/files/1/0805/4777/4752/files/DPN000275_Y1.jpg?v=1751883440,https://cdn.shopify.com/s/files/1/0805/4777/4752/files/DPN000275_Y2.jpg?v=1763636468,DPN000275_Y1.jpg
Celestial Mirage Diamond Pendant,9 KT / White Gold,9K,0.9,5.0,292820.0,50738358944032,https://cdn.shopify.com/s/files/1/0805/4777/4752/files/DPN000273_W1_81f3ffa4-b42d-4350-a3d0-7fc8ac4ec7a6.jpg?v=1747991375,https://cdn.shopify.com/s/files/1/0805/4777/4752/files/DPN000273_W2_36f7312d-9c9f-4488-9f4b-bced3a198503.jpg?v=1747991375,DPN000273_W1_81f3ffa4-b42d-4350-a3d0-7fc8ac4ec7a6.jpg
Celestial Mirage Diamond Pendant,14 KT / White Gold,14K,1.02,5.0,296993.0,47549526999328,https://cdn.shopify.com/s/files/1/0805/4777/4752/files/DPN000273_W1_81f3ffa4-b42d-4350-a3d0-7fc8ac4ec7a6.jpg?v=1747991375,https://cdn.shopify.com/s/files/1/0805/4777/4752/files/DPN000273_W2_36f7312d-9c9f-4488-9f4b-bced3a198503.jpg?v=1747991375,DPN000273_W1_81f3ffa4-b42d-4350-a3d0-7fc8ac4ec7a6.jpg
Celestial Mirage Diamond Pendant,18 KT / White Gold,18K,1.2,5.0,301937.0,49842615648544,https://cdn.shopify.com/s/files/1/0805/4777/4752/files/DPN000273_W1_81f3ffa4-b42d-4350-a3d0-7fc8ac4ec7a6.jpg?v=1747991375,https://cdn.shopify.com/s/files/1/0805/4777/4752/files/DPN000273_W2_36f7312d-9c9f-4488-9f4b-bced3a198503.jpg?v=1747991375,DPN000273_W1_81f3ffa4-b42d-4350-a3d0-7fc8ac4ec7a6.jpg
Unbound Brilliance Diamond Pendant,9 KT / Rose Gold,9K,1.21,0.631,30301.0,50738360353056,https://cdn.shopify.com/s/files/1/0805/4777/4752/files/WPN000043_R1.jpg?v=1747808940,https://cdn.shopify.com/s/files/1/0805/4777/4752/files/WPN000043_R2.jpg?v=1747808940,WPN000043_R1.jpg
Unbound Brilliance Diamond Pendant,14 KT / Rose Gold,14K,1.37,0.631,35900.0,47548444148000,https://cdn.shopify.com/s/files/1/0805/4777/4752/files/WPN000043_R1.jpg?v=1747808940,https://cdn.shopify.com/s/files/1/0805/4777/4752/files/WPN000043_R2.jpg?v=1747808940,WPN000043_R1.jpg
Unbound Brilliance Diamond Pendant,18 KT / Rose Gold,18K,1.61,0.631,42518.0,49846132801824,https://cdn.shopify.com/s/files/1/0805/4777/4752/files/WPN000043_R1.jpg?v=1747808940,https://cdn.shopify.com/s/files/1/0805/4777/4752/files/WPN000043_R2.jpg?v=1747808940,WPN000043_R1.jpg
Ethereal Embers Diamond Pendant,9 KT / Yellow Gold,9K,2.38,0.318,26571.0,50738362024224,https://cdn.shopify.com/s/files/1/0805/4777/4752/files/DPN000093_Y1.jpg?v=1748340036,https://cdn.shopify.com/s/files/1/0805/4777/4752/files/DPN000093.jpg?v=1771240124,DPN000093_Y1.jpg
Ethereal Embers Diamond Pendant,14 KT / Yellow Gold,14K,2.69,0.318,37539.0,47548436644128,https://cdn.shopify.com/s/files/1/0805/4777/4752/files/DPN000093_Y1.jpg?v=1748340036,https://cdn.shopify.com/s/files/1/0805/4777/4752/files/DPN000093.jpg?v=1771240124,DPN000093_Y1.jpg
Ethereal Embers Diamond Pendant,18 KT / Yellow Gold,18K,3.17,0.318,50640.0,49843102646560,https://cdn.shopify.com/s/files/1/0805/4777/4752/files/DPN000093_Y1.jpg?v=1748340036,https://cdn.shopify.com/s/files/1/0805/4777/4752/files/DPN000093.jpg?v=1771240124,DPN000093_Y1.jpg
Moonlit Meadow Diamond Pendant,9 KT / Rose Gold,9K,1.05,0.291,15746.0,50738363203872,https://cdn.shopify.com/s/files/1/0805/4777/4752/files/SPN000117_R1.jpg?v=1750223447,https://cdn.shopify.com/s/files/1/0805/4777/4752/files/SPN000117_R2.jpg?v=1750223447,SPN000117_R1.jpg
Moonlit Meadow Diamond Pendant,14 KT / Rose Gold,14K,1.19,0.291,20615.0,47548361572640,https://cdn.shopify.com/s/files/1/0805/4777/4752/files/SPN000117_R1.jpg?v=1750223447,https://cdn.shopify.com/s/files/1/0805/4777/4752/files/SPN000117_R2.jpg?v=1750223447,SPN000117_R1.jpg
Moonlit Meadow Diamond Pendant,18 KT / Rose Gold,18K,1.4,0.291,26382.0,49845784412448,https://cdn.shopify.com/s/files/1/0805/4777/4752/files/SPN000117_R1.jpg?v=1750223447,https://cdn.shopify.com/s/files/1/0805/4777/4752/files/SPN000117_R2.jpg?v=1750223447,SPN000117_R1.jpg
Enchanting Enigma Diamond Pendant,9 KT / Rose Gold,9K,0.87,0.22,12681.0,50738364186912,https://cdn.shopify.com/s/files/1/0805/4777/4752/files/DPN000103_R1.jpg?v=1748340038,https://cdn.shopify.com/s/files/1/0805/4777/4752/files/DPN000103_R2.jpg?v=1748340038,DPN000103_R1.jpg
Enchanting Enigma Diamond Pendant,14 KT / Rose Gold,14K,0.99,0.22,16754.0,47548355739936,https://cdn.shopify.com/s/files/1/0805/4777/4752/files/DPN000103_R1.jpg?v=1748340038,https://cdn.shopify.com/s/files/1/0805/4777/4752/files/DPN000103_R2.jpg?v=1748340038,DPN000103_R1.jpg
Enchanting Enigma Diamond Pendant,18 KT / Rose Gold,18K,1.16,0.22,21494.0,49843037569312,https://cdn.shopify.com/s/files/1/0805/4777/4752/files/DPN000103_R1.jpg?v=1748340038,https://cdn.shopify.com/s/files/1/0805/4777/4752/files/DPN000103_R2.jpg?v=1748340038,DPN000103_R1.jpg
Opulent Odyssey Diamond Pendant,9 KT / Rose Gold,9K,0.85,0.22,12560.0,50738365923616,https://cdn.shopify.com/s/files/1/0805/4777/4752/files/DPN000092_R1.jpg?v=1748340040,https://cdn.shopify.com/s/files/1/0805/4777/4752/files/DPN000092_R2.jpg?v=1771243140,DPN000092_R1.jpg
Opulent Odyssey Diamond Pendant,14 KT / Rose Gold,14K,0.96,0.22,16470.0,47548343943456,https://cdn.shopify.com/s/files/1/0805/4777/4752/files/DPN000092_R1.jpg?v=1748340040,https://cdn.shopify.com/s/files/1/0805/4777/4752/files/DPN000092_R2.jpg?v=1771243140,DPN000092_R1.jpg
Opulent Odyssey Diamond Pendant,18 KT / Rose Gold,18K,1.13,0.22,21130.0,49845934555424,https://cdn.shopify.com/s/files/1/0805/4777/4752/files/DPN000092_R1.jpg?v=1748340040,https://cdn.shopify.com/s/files/1/0805/4777/4752/files/DPN000092_R2.jpg?v=1771243140,DPN000092_R1.jpg
Moonlight Sonata Diamond Pendant,9 KT / Rose Gold,9K,1.35,0.544,27062.0,50738366841120,https://cdn.shopify.com/s/files/1/0805/4777/4752/files/SPN000105_R1.jpg?v=1747809004,https://cdn.shopify.com/s/files/1/0805/4777/4752/files/SPN000105_R2.jpg?v=1747809004,SPN000105_R1.jpg
Moonlight Sonata Diamond Pendant,14 KT / Rose Gold,14K,1.53,0.544,33323.0,47548336308512,https://cdn.shopify.com/s/files/1/0805/4777/4752/files/SPN000105_R1.jpg?v=1747809004,https://cdn.shopify.com/s/files/1/0805/4777/4752/files/SPN000105_R2.jpg?v=1747809004,SPN000105_R1.jpg
Moonlight Sonata Diamond Pendant,18 KT / Rose Gold,18K,1.8,0.544,40738.0,49845768290592,https://cdn.shopify.com/s/files/1/0805/4777/4752/files/SPN000105_R1.jpg?v=1747809004,https://cdn.shopify.com/s/files/1/0805/4777/4752/files/SPN000105_R2.jpg?v=1747809004,SPN000105_R1.jpg
Starlight Solitaire Pendant,9 KT / Yellow Gold,9K,1.73,0.53,31323.0,50738369200416,https://cdn.shopify.com/s/files/1/0805/4777/4752/files/DPN000192_Y1.jpg?v=1748340042,https://cdn.shopify.com/s/files/1/0805/4777/4752/files/DPN000192_Y2.jpg?v=1748340042,DPN000192_Y1.jpg
Starlight Solitaire Pendant,14 KT / Yellow Gold,14K,1.96,0.53,39340.0,47548335948064,https://cdn.shopify.com/s/files/1/0805/4777/4752/files/DPN000192_Y1.jpg?v=1748340042,https://cdn.shopify.com/s/files/1/0805/4777/4752/files/DPN000192_Y2.jpg?v=1748340042,DPN000192_Y1.jpg
Starlight Solitaire Pendant,18 KT / Yellow Gold,18K,2.3,0.53,48767.0,49846114189600,https://cdn.shopify.com/s/files/1/0805/4777/4752/files/DPN000192_Y1.jpg?v=1748340042,https://cdn.shopify.com/s/files/1/0805/4777/4752/files/DPN000192_Y2.jpg?v=1748340042,DPN000192_Y1.jpg
Galactic Glamour Diamond Pendant,9 KT / White Gold,9K,1.13,0.192,13705.0,50738375950624,https://cdn.shopify.com/s/files/1/0805/4777/4752/files/DPN000118_W1.jpg?v=1748340048,https://cdn.shopify.com/s/files/1/0805/4777/4752/files/Product1.jpg?v=1753700611,DPN000118_W1.jpg
Galactic Glamour Diamond Pendant,14 KT / White Gold,14K,1.28,0.192,18939.0,47548309176608,https://cdn.shopify.com/s/files/1/0805/4777/4752/files/DPN000118_W1.jpg?v=1748340048,https://cdn.shopify.com/s/files/1/0805/4777/4752/files/Product1.jpg?v=1753700611,DPN000118_W1.jpg
Galactic Glamour Diamond Pendant,18 KT / White Gold,18K,1.5,0.192,25071.0,49843123880224,https://cdn.shopify.com/s/files/1/0805/4777/4752/files/DPN000118_W1.jpg?v=1748340048,https://cdn.shopify.com/s/files/1/0805/4777/4752/files/Product1.jpg?v=1753700611,DPN000118_W1.jpg
Round Solitaire Diamond Pendant,9 KT / White Gold,9K,1.13,0.78,34307.0,50738379129120,https://cdn.shopify.com/s/files/1/0805/4777/4752/files/SPN000044_W1.jpg?v=1747905066,https://cdn.shopify.com/s/files/1/0805/4777/4752/files/Product11.png?v=1753962529,SPN000044_W1.jpg
Round Solitaire Diamond Pendant,14 KT / White Gold,14K,1.28,0.78,39541.0,47548307767584,https://cdn.shopify.com/s/files/1/0805/4777/4752/files/SPN000044_W1.jpg?v=1747905066,https://cdn.shopify.com/s/files/1/0805/4777/4752/files/Product11.png?v=1753962529,SPN000044_W1.jpg
Round Solitaire Diamond Pendant,18 KT / White Gold,18K,1.5,0.78,45673.0,49842987303200,https://cdn.shopify.com/s/files/1/0805/4777/4752/files/SPN000044_W1.jpg?v=1747905066,https://cdn.shopify.com/s/files/1/0805/4777/4752/files/Product11.png?v=1753962529,SPN000044_W1.jpg
Elegant Ember Diamond Pendant,9 KT / Yellow Gold,9K,1.5,3.279,156043.0,50738382405920,https://cdn.shopify.com/s/files/1/0805/4777/4752/files/DPN000265_Y1.jpg?v=1751883419,https://cdn.shopify.com/s/files/1/0805/4777/4752/files/DPN000265_Y2.jpg?v=1751883472,DPN000265_Y1.jpg
Elegant Ember Diamond Pendant,14 KT / Yellow Gold,14K,1.7,3.279,162999.0,47548305441056,https://cdn.shopify.com/s/files/1/0805/4777/4752/files/DPN000265_Y1.jpg?v=1751883419,https://cdn.shopify.com/s/files/1/0805/4777/4752/files/DPN000265_Y2.jpg?v=1751883472,DPN000265_Y1.jpg
Elegant Ember Diamond Pendant,18 KT / Yellow Gold,18K,2.0,3.279,171238.0,49843019743520,https://cdn.shopify.com/s/files/1/0805/4777/4752/files/DPN000265_Y1.jpg?v=1751883419,https://cdn.shopify.com/s/files/1/0805/4777/4752/files/DPN000265_Y2.jpg?v=1751883472,DPN000265_Y1.jpg
Serendipity Splendor Diamond Pendant,9 KT / White Gold,9K,1.38,4.495,250318.0,50738385813792,https://cdn.shopify.com/s/files/1/0805/4777/4752/files/DPN000270_W1.jpg?v=1751888649,https://cdn.shopify.com/s/files/1/0805/4777/4752/files/DPN000270_W2.jpg?v=1751888649,DPN000270_W1.jpg
Serendipity Splendor Diamond Pendant,14 KT / White Gold,14K,1.56,4.495,256679.0,47548303507744,https://cdn.shopify.com/s/files/1/0805/4777/4752/files/DPN000270_W1.jpg?v=1751888649,https://cdn.shopify.com/s/files/1/0805/4777/4752/files/DPN000270_W2.jpg?v=1751888649,DPN000270_W1.jpg
Serendipity Splendor Diamond Pendant,18 KT / White Gold,18K,1.84,4.495,264297.0,49849012584736,https://cdn.shopify.com/s/files/1/0805/4777/4752/files/DPN000270_W1.jpg?v=1751888649,https://cdn.shopify.com/s/files/1/0805/4777/4752/files/DPN000270_W2.jpg?v=1751888649,DPN000270_W1.jpg
Captivating Cosmos Diamond Pendant,18 KT / White Gold,18K,1.5,5.0,305774.0,49842587107616,https://cdn.shopify.com/s/files/1/0805/4777/4752/files/DPN000267_W1.jpg?v=1751888547,https://cdn.shopify.com/s/files/1/0805/4777/4752/files/DPN000267_Y1.jpg?v=1751883424,DPN000267_W1.jpg
Captivating Cosmos Diamond Pendant,14 KT / White Gold,14K,1.28,5.0,299642.0,47548302983456,https://cdn.shopify.com/s/files/1/0805/4777/4752/files/DPN000267_W1.jpg?v=1751888547,https://cdn.shopify.com/s/files/1/0805/4777/4752/files/DPN000267_Y1.jpg?v=1751883424,DPN000267_W1.jpg
Captivating Cosmos Diamond Pendant,9 KT / White Gold,9K,1.13,5.0,294408.0,50738388238624,https://cdn.shopify.com/s/files/1/0805/4777/4752/files/DPN000267_W1.jpg?v=1751888547,https://cdn.shopify.com/s/files/1/0805/4777/4752/files/DPN000267_Y1.jpg?v=1751883424,DPN000267_W1.jpg
Majestic Odyssey Diamond Pendant,9 KT / Yellow Gold,9K,1.31,3.28,154622.0,50738389614880,https://cdn.shopify.com/s/files/1/0805/4777/4752/files/DPN000272_Y1.jpg?v=1752484181,https://cdn.shopify.com/s/files/1/0805/4777/4752/files/DPN000272_Y2.jpg?v=1752484409,DPN000272_Y1.jpg
Majestic Odyssey Diamond Pendant,14 KT / Yellow Gold,14K,1.48,3.28,160653.0,47548302491936,https://cdn.shopify.com/s/files/1/0805/4777/4752/files/DPN000272_Y1.jpg?v=1752484181,https://cdn.shopify.com/s/files/1/0805/4777/4752/files/DPN000272_Y2.jpg?v=1752484409,DPN000272_Y1.jpg
Majestic Odyssey Diamond Pendant,18 KT / Yellow Gold,18K,1.74,3.28,167811.0,49845751611680,https://cdn.shopify.com/s/files/1/0805/4777/4752/files/DPN000272_Y1.jpg?v=1752484181,https://cdn.shopify.com/s/files/1/0805/4777/4752/files/DPN000272_Y2.jpg?v=1752484409,DPN000272_Y1.jpg
Whimsical Wonder Diamond Pendant,9 KT / White Gold,9K,1.78,3.877,183559.0,50738392072480,https://cdn.shopify.com/s/files/1/0805/4777/4752/files/DPN000269_W1.jpg?v=1751888596,https://cdn.shopify.com/s/files/1/0805/4777/4752/files/DPN000269_W2.jpg?v=1751888596,DPN000269_W1.jpg
Whimsical Wonder Diamond Pendant,14 KT / White Gold,14K,2.02,3.877,191838.0,47548301541664,https://cdn.shopify.com/s/files/1/0805/4777/4752/files/DPN000269_W1.jpg?v=1751888596,https://cdn.shopify.com/s/files/1/0805/4777/4752/files/DPN000269_W2.jpg?v=1751888596,DPN000269_W1.jpg
Whimsical Wonder Diamond Pendant,18 KT / White Gold,18K,2.38,3.877,201671.0,49846141321504,https://cdn.shopify.com/s/files/1/0805/4777/4752/files/DPN000269_W1.jpg?v=1751888596,https://cdn.shopify.com/s/files/1/0805/4777/4752/files/DPN000269_W2.jpg?v=1751888596,DPN000269_W1.jpg
Infinite Allure Diamond Pendant,9 KT / White Gold,9K,1.13,0.47,21128.0,50738394693920,https://cdn.shopify.com/s/files/1/0805/4777/4752/files/DPN000260_W1.jpg?v=1750223473,https://cdn.shopify.com/s/files/1/0805/4777/4752/files/DPN000260_W2.jpg?v=1750223473,DPN000260_W1.jpg
Infinite Allure Diamond Pendant,14 KT / White Gold,14K,1.28,0.47,26362.0,47425460076832,https://cdn.shopify.com/s/files/1/0805/4777/4752/files/DPN000260_W1.jpg?v=1750223473,https://cdn.shopify.com/s/files/1/0805/4777/4752/files/DPN000260_W2.jpg?v=1750223473,DPN000260_W1.jpg
Infinite Allure Diamond Pendant,18 KT / White Gold,18K,1.51,0.47,32616.0,49845714420000,https://cdn.shopify.com/s/files/1/0805/4777/4752/files/DPN000260_W1.jpg?v=1750223473,https://cdn.shopify.com/s/files/1/0805/4777/4752/files/DPN000260_W2.jpg?v=1750223473,DPN000260_W1.jpg
Eternal Radiance Diamond Pendant,9 KT / White Gold,9K,0.73,0.13,9429.0,50738395742496,https://cdn.shopify.com/s/files/1/0805/4777/4752/files/DPN000277_W1.jpg?v=1750223474,https://cdn.shopify.com/s/files/1/0805/4777/4752/files/DPN000277_W2.jpg?v=1750223474,DPN000277_W1.jpg
Eternal Radiance Diamond Pendant,14 KT / White Gold,14K,0.83,0.13,12840.0,47425459257632,https://cdn.shopify.com/s/files/1/0805/4777/4752/files/DPN000277_W1.jpg?v=1750223474,https://cdn.shopify.com/s/files/1/0805/4777/4752/files/DPN000277_W2.jpg?v=1750223474,DPN000277_W1.jpg
Eternal Radiance Diamond Pendant,18 KT / White Gold,18K,0.97,0.13,16784.0,49843083182368,https://cdn.shopify.com/s/files/1/0805/4777/4752/files/DPN000277_W1.jpg?v=1750223474,https://cdn.shopify.com/s/files/1/0805/4777/4752/files/DPN000277_W2.jpg?v=1750223474,DPN000277_W1.jpg
Moonbeam Jewel Diamond Pendant,9 KT / Rose Gold,9K,1.43,0.46,23144.0,50738396758304,https://cdn.shopify.com/s/files/1/0805/4777/4752/files/DPN000262_R1.jpg?v=1750223476,https://cdn.shopify.com/s/files/1/0805/4777/4752/files/DPN000262_R2.jpg?v=1750223476,DPN000262_R1.jpg
Moonbeam Jewel Diamond Pendant,14 KT / Rose Gold,14K,1.62,0.46,29770.0,47425451589920,https://cdn.shopify.com/s/files/1/0805/4777/4752/files/DPN000262_R1.jpg?v=1750223476,https://cdn.shopify.com/s/files/1/0805/4777/4752/files/DPN000262_R2.jpg?v=1750223476,DPN000262_R1.jpg
Moonbeam Jewel Diamond Pendant,18 KT / Rose Gold,18K,1.91,0.46,37671.0,49845759377696,https://cdn.shopify.com/s/files/1/0805/4777/4752/files/DPN000262_R1.jpg?v=1750223476,https://cdn.shopify.com/s/files/1/0805/4777/4752/files/DPN000262_R2.jpg?v=1750223476,DPN000262_R1.jpg
Enticing Daisy Diamond Pendant,9 KT / Yellow Gold,9K,0.78,0.277,13655.0,50738397905184,https://cdn.shopify.com/s/files/1/0805/4777/4752/files/DPN000243_Y1.jpg?v=1752219485,https://cdn.shopify.com/s/files/1/0805/4777/4752/files/DPN000243_Y2.jpg?v=1752219568,DPN000243_Y1.jpg
Enticing Daisy Diamond Pendant,14 KT / Yellow Gold,14K,0.89,0.277,17329.0,47425448476960,https://cdn.shopify.com/s/files/1/0805/4777/4752/files/DPN000243_Y1.jpg?v=1752219485,https://cdn.shopify.com/s/files/1/0805/4777/4752/files/DPN000243_Y2.jpg?v=1752219568,DPN000243_Y1.jpg
Enticing Daisy Diamond Pendant,18 KT / Yellow Gold,18K,1.05,0.277,21678.0,49843070796064,https://cdn.shopify.com/s/files/1/0805/4777/4752/files/DPN000243_Y1.jpg?v=1752219485,https://cdn.shopify.com/s/files/1/0805/4777/4752/files/DPN000243_Y2.jpg?v=1752219568,DPN000243_Y1.jpg
Dazzling Heart Diamond Pendant,14 KT / Rose Gold,14K,0.8,0.313,17438.0,47425448149280,https://cdn.shopify.com/s/files/1/0805/4777/4752/files/DPN000242_R1.jpg?v=1752225807,https://cdn.shopify.com/s/files/1/0805/4777/4752/files/DPN000242_R2.jpg?v=1752225807,DPN000242_R1.jpg
Dazzling Heart Diamond Pendant,18 KT / Rose Gold,18K,0.94,0.313,21301.0,49842683674912,https://cdn.shopify.com/s/files/1/0805/4777/4752/files/DPN000242_R1.jpg?v=1752225807,https://cdn.shopify.com/s/files/1/0805/4777/4752/files/DPN000242_R2.jpg?v=1752225807,DPN000242_R1.jpg
Dazzling Heart Diamond Pendant,9 KT / Rose Gold,9K,0.7,0.313,14129.0,50738399150368,https://cdn.shopify.com/s/files/1/0805/4777/4752/files/DPN000242_R1.jpg?v=1752225807,https://cdn.shopify.com/s/files/1/0805/4777/4752/files/DPN000242_R2.jpg?v=1752225807,DPN000242_R1.jpg
Mystic Stellar Diamond Pendant,9 KT / Rose Gold,9K,0.65,0.2,10811.0,50738402296096,https://cdn.shopify.com/s/files/1/0805/4777/4752/files/DPN000258_R1_be77fcb0-da4f-4576-8ab6-b8df6233c433.jpg?v=1748340064,https://cdn.shopify.com/s/files/1/0805/4777/4752/files/DPN000258_R2_ec1fdf33-9745-452a-8d80-b324ac94e202.jpg?v=1748340064,DPN000258_R1_be77fcb0-da4f-4576-8ab6-b8df6233c433.jpg
Mystic Stellar Diamond Pendant,14 KT / Rose Gold,14K,0.73,0.2,13762.0,47425447854368,https://cdn.shopify.com/s/files/1/0805/4777/4752/files/DPN000258_R1_be77fcb0-da4f-4576-8ab6-b8df6233c433.jpg?v=1748340064,https://cdn.shopify.com/s/files/1/0805/4777/4752/files/DPN000258_R2_ec1fdf33-9745-452a-8d80-b324ac94e202.jpg?v=1748340064,DPN000258_R1_be77fcb0-da4f-4576-8ab6-b8df6233c433.jpg
Mystic Stellar Diamond Pendant,18 KT / Rose Gold,18K,0.86,0.2,17314.0,49845806760224,https://cdn.shopify.com/s/files/1/0805/4777/4752/files/DPN000258_R1_be77fcb0-da4f-4576-8ab6-b8df6233c433.jpg?v=1748340064,https://cdn.shopify.com/s/files/1/0805/4777/4752/files/DPN000258_R2_ec1fdf33-9745-452a-8d80-b324ac94e202.jpg?v=1748340064,DPN000258_R1_be77fcb0-da4f-4576-8ab6-b8df6233c433.jpg
Sparkling Elsa Diamond Pendant,9 KT / Rose Gold,9K,0.64,0.264,12457.0,50738403639584,https://cdn.shopify.com/s/files/1/0805/4777/4752/files/DPN000255_R1.jpg?v=1748340066,https://cdn.shopify.com/s/files/1/0805/4777/4752/files/DPN000255_R2.jpg?v=1748340066,DPN000255_R1.jpg
Sparkling Elsa Diamond Pendant,14 KT / Rose Gold,14K,0.72,0.264,15375.0,47425447559456,https://cdn.shopify.com/s/files/1/0805/4777/4752/files/DPN000255_R1.jpg?v=1748340066,https://cdn.shopify.com/s/files/1/0805/4777/4752/files/DPN000255_R2.jpg?v=1748340066,DPN000255_R1.jpg
Sparkling Elsa Diamond Pendant,18 KT / Rose Gold,18K,0.85,0.264,18900.0,49846103867680,https://cdn.shopify.com/s/files/1/0805/4777/4752/files/DPN000255_R1.jpg?v=1748340066,https://cdn.shopify.com/s/files/1/0805/4777/4752/files/DPN000255_R2.jpg?v=1748340066,DPN000255_R1.jpg
Contemporary Blossom Diamond Pendant,9 KT / Rose Gold,9K,0.62,0.361,17553.0,50738404917536,https://cdn.shopify.com/s/files/1/0805/4777/4752/files/DPN000244_R1_e5488ab0-94b0-4938-8c56-fa0e2b1307c3.jpg?v=1748340068,https://cdn.shopify.com/s/files/1/0805/4777/4752/files/DPN000244_R2_acc37337-0a8c-4ff0-bb50-54607af3f5c1.jpg?v=1748340068,DPN000244_R1_e5488ab0-94b0-4938-8c56-fa0e2b1307c3.jpg
Contemporary Blossom Diamond Pendant,14 KT / Rose Gold,14K,0.7,0.361,20403.0,47425447133472,https://cdn.shopify.com/s/files/1/0805/4777/4752/files/DPN000244_R1_e5488ab0-94b0-4938-8c56-fa0e2b1307c3.jpg?v=1748340068,https://cdn.shopify.com/s/files/1/0805/4777/4752/files/DPN000244_R2_acc37337-0a8c-4ff0-bb50-54607af3f5c1.jpg?v=1748340068,DPN000244_R1_e5488ab0-94b0-4938-8c56-fa0e2b1307c3.jpg
Contemporary Blossom Diamond Pendant,18 KT / Rose Gold,18K,0.83,0.361,23874.0,49842624856352,https://cdn.shopify.com/s/files/1/0805/4777/4752/files/DPN000244_R1_e5488ab0-94b0-4938-8c56-fa0e2b1307c3.jpg?v=1748340068,https://cdn.shopify.com/s/files/1/0805/4777/4752/files/DPN000244_R2_acc37337-0a8c-4ff0-bb50-54607af3f5c1.jpg?v=1748340068,DPN000244_R1_e5488ab0-94b0-4938-8c56-fa0e2b1307c3.jpg
Celestial Grace Diamond Pendant,9 KT / Yellow Gold,9K,0.64,0.204,10856.0,50738406588704,https://cdn.shopify.com/s/files/1/0805/4777/4752/files/DPN000241_Y1.jpg?v=1748340070,https://cdn.shopify.com/s/files/1/0805/4777/4752/files/DPN000241_Y2.jpg?v=1748340070,DPN000241_Y1.jpg
Celestial Grace Diamond Pendant,14 KT / Yellow Gold,14K,0.73,0.204,13869.0,47425446969632,https://cdn.shopify.com/s/files/1/0805/4777/4752/files/DPN000241_Y1.jpg?v=1748340070,https://cdn.shopify.com/s/files/1/0805/4777/4752/files/DPN000241_Y2.jpg?v=1748340070,DPN000241_Y1.jpg
Celestial Grace Diamond Pendant,18 KT / Yellow Gold,18K,0.86,0.204,17421.0,49842608341280,https://cdn.shopify.com/s/files/1/0805/4777/4752/files/DPN000241_Y1.jpg?v=1748340070,https://cdn.shopify.com/s/files/1/0805/4777/4752/files/DPN000241_Y2.jpg?v=1748340070,DPN000241_Y1.jpg
Diamond Symphony Pendant,9 KT / Rose Gold,9K,0.6,0.473,21181.0,50738415304992,https://cdn.shopify.com/s/files/1/0805/4777/4752/files/DPN000246_R1.jpg?v=1750223478,https://cdn.shopify.com/s/files/1/0805/4777/4752/files/DPN000246_R2.jpg?v=1750223478,DPN000246_R1.jpg
Diamond Symphony Pendant,14 KT / Rose Gold,14K,0.68,0.473,23964.0,47425445134624,https://cdn.shopify.com/s/files/1/0805/4777/4752/files/DPN000246_R1.jpg?v=1750223478,https://cdn.shopify.com/s/files/1/0805/4777/4752/files/DPN000246_R2.jpg?v=1750223478,DPN000246_R1.jpg
Diamond Symphony Pendant,18 KT / Rose Gold,18K,0.81,0.473,27381.0,49842928550176,https://cdn.shopify.com/s/files/1/0805/4777/4752/files/DPN000246_R1.jpg?v=1750223478,https://cdn.shopify.com/s/files/1/0805/4777/4752/files/DPN000246_R2.jpg?v=1750223478,DPN000246_R1.jpg
Pristine Bliss Diamond Pendant,9 KT / Rose Gold,9K,0.56,0.262,11917.0,50738415436064,https://cdn.shopify.com/s/files/1/0805/4777/4752/files/DPN000252_R1_2e3403a3-9545-48ba-81dc-405907003045.jpg?v=1748340075,https://cdn.shopify.com/s/files/1/0805/4777/4752/files/DPN000252_R2_5be590b0-457f-40f0-95e1-86c4553e51ac.jpg?v=1748340075,DPN000252_R1_2e3403a3-9545-48ba-81dc-405907003045.jpg
Pristine Bliss Diamond Pendant,14 KT / Rose Gold,14K,0.64,0.262,14565.0,47425444774176,https://cdn.shopify.com/s/files/1/0805/4777/4752/files/DPN000252_R1_2e3403a3-9545-48ba-81dc-405907003045.jpg?v=1748340075,https://cdn.shopify.com/s/files/1/0805/4777/4752/files/DPN000252_R2_5be590b0-457f-40f0-95e1-86c4553e51ac.jpg?v=1748340075,DPN000252_R1_2e3403a3-9545-48ba-81dc-405907003045.jpg
Pristine Bliss Diamond Pendant,18 KT / Rose Gold,18K,0.75,0.262,17631.0,49845948121376,https://cdn.shopify.com/s/files/1/0805/4777/4752/files/DPN000252_R1_2e3403a3-9545-48ba-81dc-405907003045.jpg?v=1748340075,https://cdn.shopify.com/s/files/1/0805/4777/4752/files/DPN000252_R2_5be590b0-457f-40f0-95e1-86c4553e51ac.jpg?v=1748340075,DPN000252_R1_2e3403a3-9545-48ba-81dc-405907003045.jpg
Dazzling Drop Diamond Pendant,9 KT / Yellow Gold,9K,0.53,0.445,20009.0,50738415534368,https://cdn.shopify.com/s/files/1/0805/4777/4752/files/DPN000239_Y1.jpg?v=1752219477,https://cdn.shopify.com/s/files/1/0805/4777/4752/files/DPN000239_Y2.jpg?v=1752219564,DPN000239_Y1.jpg
Dazzling Drop Diamond Pendant,14 KT / Yellow Gold,14K,0.6,0.445,22460.0,47425444217120,https://cdn.shopify.com/s/files/1/0805/4777/4752/files/DPN000239_Y1.jpg?v=1752219477,https://cdn.shopify.com/s/files/1/0805/4777/4752/files/DPN000239_Y2.jpg?v=1752219564,DPN000239_Y1.jpg
Dazzling Drop Diamond Pendant,18 KT / Yellow Gold,18K,0.71,0.445,25418.0,49842675122464,https://cdn.shopify.com/s/files/1/0805/4777/4752/files/DPN000239_Y1.jpg?v=1752219477,https://cdn.shopify.com/s/files/1/0805/4777/4752/files/DPN000239_Y2.jpg?v=1752219564,DPN000239_Y1.jpg
Shining Fiore Diamond Pendant,9 KT / Rose Gold,9K,0.54,0.375,17440.0,50738416255264,https://cdn.shopify.com/s/files/1/0805/4777/4752/files/DPN000247_R1.jpg?v=1752223046,https://cdn.shopify.com/s/files/1/0805/4777/4752/files/DPN000247_R2.jpg?v=1752223046,DPN000247_R1.jpg
Shining Fiore Diamond Pendant,14 KT / Rose Gold,14K,0.62,0.375,20020.0,47425443725600,https://cdn.shopify.com/s/files/1/0805/4777/4752/files/DPN000247_R1.jpg?v=1752223046,https://cdn.shopify.com/s/files/1/0805/4777/4752/files/DPN000247_R2.jpg?v=1752223046,DPN000247_R1.jpg
Shining Fiore Diamond Pendant,18 KT / Rose Gold,18K,0.73,0.375,23032.0,49846101672224,https://cdn.shopify.com/s/files/1/0805/4777/4752/files/DPN000247_R1.jpg?v=1752223046,https://cdn.shopify.com/s/files/1/0805/4777/4752/files/DPN000247_R2.jpg?v=1752223046,DPN000247_R1.jpg
Glistening Lariat Diamond Pendant,9 KT / Yellow Gold,9K,0.79,0.215,12062.0,50738416353568,https://cdn.shopify.com/s/files/1/0805/4777/4752/files/DPN000249_Y1.jpg?v=1752219493,https://cdn.shopify.com/s/files/1/0805/4777/4752/files/DPN000249_Y2.jpg?v=1771240165,DPN000249_Y1.jpg
Glistening Lariat Diamond Pendant,14 KT / Yellow Gold,14K,0.9,0.215,15769.0,47425442742560,https://cdn.shopify.com/s/files/1/0805/4777/4752/files/DPN000249_Y1.jpg?v=1752219493,https://cdn.shopify.com/s/files/1/0805/4777/4752/files/DPN000249_Y2.jpg?v=1771240165,DPN000249_Y1.jpg
Glistening Lariat Diamond Pendant,18 KT / Yellow Gold,18K,1.06,0.215,20145.0,49843133776160,https://cdn.shopify.com/s/files/1/0805/4777/4752/files/DPN000249_Y1.jpg?v=1752219493,https://cdn.shopify.com/s/files/1/0805/4777/4752/files/DPN000249_Y2.jpg?v=1771240165,DPN000249_Y1.jpg
Royal Serenity Diamond Pendant,9 KT / Rose Gold,9K,0.68,0.481,21881.0,50738416484640,https://cdn.shopify.com/s/files/1/0805/4777/4752/files/DPN000251_R1.jpg?v=1750223479,https://cdn.shopify.com/s/files/1/0805/4777/4752/files/DPN000251_R2.jpg?v=1771240173,DPN000251_R1.jpg
Royal Serenity Diamond Pendant,14 KT / Rose Gold,14K,0.77,0.481,25028.0,47425442185504,https://cdn.shopify.com/s/files/1/0805/4777/4752/files/DPN000251_R1.jpg?v=1750223479,https://cdn.shopify.com/s/files/1/0805/4777/4752/files/DPN000251_R2.jpg?v=1771240173,DPN000251_R1.jpg
Royal Serenity Diamond Pendant,18 KT / Rose Gold,18K,0.9,0.481,28688.0,49845981774112,https://cdn.shopify.com/s/files/1/0805/4777/4752/files/DPN000251_R1.jpg?v=1750223479,https://cdn.shopify.com/s/files/1/0805/4777/4752/files/DPN000251_R2.jpg?v=1771240173,DPN000251_R1.jpg
Pointed Pear Solitaire Diamond Chain Necklace,9 KT / Rose Gold,9K,3.02,0.92,54402.0,51116375310624,https://cdn.shopify.com/s/files/1/0805/4777/4752/files/MJ-ELMEPT65912_R1.jpg?v=1769505441,https://cdn.shopify.com/s/files/1/0805/4777/4752/files/MJ-ELMEPT65912_R2.jpg?v=1769505441,MJ-ELMEPT65912_R1.jpg
Pointed Pear Solitaire Diamond Chain Necklace,14 KT / Rose Gold,14K,3.34,0.92,67625.0,51116375408928,https://cdn.shopify.com/s/files/1/0805/4777/4752/files/MJ-ELMEPT65912_R1.jpg?v=1769505441,https://cdn.shopify.com/s/files/1/0805/4777/4752/files/MJ-ELMEPT65912_R2.jpg?v=1769505441,MJ-ELMEPT65912_R1.jpg
Pointed Pear Solitaire Diamond Chain Necklace,18 KT / Rose Gold,18K,3.93,0.92,83819.0,51116375507232,https://cdn.shopify.com/s/files/1/0805/4777/4752/files/MJ-ELMEPT65912_R1.jpg?v=1769505441,https://cdn.shopify.com/s/files/1/0805/4777/4752/files/MJ-ELMEPT65912_R2.jpg?v=1769505441,MJ-ELMEPT65912_R1.jpg
Two Petal Pear Solitaire Diamond Chain Necklace,9 KT / Rose Gold,9K,2.96,0.66,45019.0,51116374950176,https://cdn.shopify.com/s/files/1/0805/4777/4752/files/MJ-ELMEPT65913_R1.jpg?v=1769060152,https://cdn.shopify.com/s/files/1/0805/4777/4752/files/MJ-ELMEPT65913_R1_201a03bb-2f74-4e0f-9e47-5f476bdf8c9e.jpg?v=1769060152,MJ-ELMEPT65913_R1.jpg
Two Petal Pear Solitaire Diamond Chain Necklace,14 KT / Rose Gold,14K,3.26,0.66,57850.0,51116375048480,https://cdn.shopify.com/s/files/1/0805/4777/4752/files/MJ-ELMEPT65913_R1.jpg?v=1769060152,https://cdn.shopify.com/s/files/1/0805/4777/4752/files/MJ-ELMEPT65913_R1_201a03bb-2f74-4e0f-9e47-5f476bdf8c9e.jpg?v=1769060152,MJ-ELMEPT65913_R1.jpg
Two Petal Pear Solitaire Diamond Chain Necklace,18 KT / Rose Gold,18K,3.84,0.66,73707.0,51116375146784,https://cdn.shopify.com/s/files/1/0805/4777/4752/files/MJ-ELMEPT65913_R1.jpg?v=1769060152,https://cdn.shopify.com/s/files/1/0805/4777/4752/files/MJ-ELMEPT65913_R1_201a03bb-2f74-4e0f-9e47-5f476bdf8c9e.jpg?v=1769060152,MJ-ELMEPT65913_R1.jpg
Toi et Moi Heart Solitaire Diamond Chain Necklace,9 KT / Rose Gold,9K,2.88,0.64,43072.0,51116374589728,https://cdn.shopify.com/s/files/1/0805/4777/4752/files/MJ-PT65278_R1.jpg?v=1769506517,https://cdn.shopify.com/s/files/1/0805/4777/4752/files/MJ-PT65278_R2.jpg?v=1769506517,MJ-PT65278_R1.jpg
Toi et Moi Heart Solitaire Diamond Chain Necklace,14 KT / Rose Gold,14K,3.16,0.64,55445.0,51116374688032,https://cdn.shopify.com/s/files/1/0805/4777/4752/files/MJ-PT65278_R1.jpg?v=1769506517,https://cdn.shopify.com/s/files/1/0805/4777/4752/files/MJ-PT65278_R2.jpg?v=1769506517,MJ-PT65278_R1.jpg
Toi et Moi Heart Solitaire Diamond Chain Necklace,18 KT / Rose Gold,18K,3.8,0.64,71761.0,51116374786336,https://cdn.shopify.com/s/files/1/0805/4777/4752/files/MJ-PT65278_R1.jpg?v=1769506517,https://cdn.shopify.com/s/files/1/0805/4777/4752/files/MJ-PT65278_R2.jpg?v=1769506517,MJ-PT65278_R1.jpg
Toi et Moi Solitaire Diamond Chain Necklace,9 KT / Rose Gold,9K,2.65,0.602,37860.0,51116374229280,https://cdn.shopify.com/s/files/1/0805/4777/4752/files/PT65276_R1.jpg?v=1770892039,https://cdn.shopify.com/s/files/1/0805/4777/4752/files/PT65276_R2.jpg?v=1770892039,PT65276_R1.jpg
Toi et Moi Solitaire Diamond Chain Necklace,14 KT / Rose Gold,14K,2.91,0.602,49266.0,51116374327584,https://cdn.shopify.com/s/files/1/0805/4777/4752/files/PT65276_R1.jpg?v=1770892039,https://cdn.shopify.com/s/files/1/0805/4777/4752/files/PT65276_R2.jpg?v=1770892039,PT65276_R1.jpg
Toi et Moi Solitaire Diamond Chain Necklace,18 KT / Rose Gold,18K,3.5,0.602,64299.0,51116374425888,https://cdn.shopify.com/s/files/1/0805/4777/4752/files/PT65276_R1.jpg?v=1770892039,https://cdn.shopify.com/s/files/1/0805/4777/4752/files/PT65276_R2.jpg?v=1770892039,PT65276_R1.jpg
Heartwave Pear Diamond Chain Necklace,9 KT / Yellow Gold,9K,3.24,0.24,29802.0,51017792160032,https://cdn.shopify.com/s/files/1/0805/4777/4752/files/KI-PD00503-PE-025_Y1.jpg?v=1765200416,https://cdn.shopify.com/s/files/1/0805/4777/4752/files/KI-PD00503-PE-025_Y2.jpg?v=1765200461,KI-PD00503-PE-025_Y1.jpg
Heartwave Pear Diamond Chain Necklace,14 KT / Yellow Gold,14K,3.53,0.24,43485.0,51017792258336,https://cdn.shopify.com/s/files/1/0805/4777/4752/files/KI-PD00503-PE-025_Y1.jpg?v=1765200416,https://cdn.shopify.com/s/files/1/0805/4777/4752/files/KI-PD00503-PE-025_Y2.jpg?v=1765200461,KI-PD00503-PE-025_Y1.jpg
Heartwave Pear Diamond Chain Necklace,18 KT / Yellow Gold,18K,4.18,0.24,60921.0,51017792356640,https://cdn.shopify.com/s/files/1/0805/4777/4752/files/KI-PD00503-PE-025_Y1.jpg?v=1765200416,https://cdn.shopify.com/s/files/1/0805/4777/4752/files/KI-PD00503-PE-025_Y2.jpg?v=1765200461,KI-PD00503-PE-025_Y1.jpg
The Heartbeat Round Diamond Chain Necklace,9 KT / Rose Gold,9K,3.14,0.28,30149.0,51017791635744,https://cdn.shopify.com/s/files/1/0805/4777/4752/files/KI-PD00508-RB-025_R1.jpg?v=1765257254,https://cdn.shopify.com/s/files/1/0805/4777/4752/files/KI-PD00508-RB-025_R2.jpg?v=1765257254,KI-PD00508-RB-025_R1.jpg
The Heartbeat Round Diamond Chain Necklace,14 KT / Rose Gold,14K,3.43,0.28,43494.0,51017791734048,https://cdn.shopify.com/s/files/1/0805/4777/4752/files/KI-PD00508-RB-025_R1.jpg?v=1765257254,https://cdn.shopify.com/s/files/1/0805/4777/4752/files/KI-PD00508-RB-025_R2.jpg?v=1765257254,KI-PD00508-RB-025_R1.jpg
The Heartbeat Round Diamond Chain Necklace,18 KT / Rose Gold,18K,4.06,0.28,60418.0,51017791832352,https://cdn.shopify.com/s/files/1/0805/4777/4752/files/KI-PD00508-RB-025_R1.jpg?v=1765257254,https://cdn.shopify.com/s/files/1/0805/4777/4752/files/KI-PD00508-RB-025_R2.jpg?v=1765257254,KI-PD00508-RB-025_R1.jpg
Sleek & Cheek Round Diamond Chain Necklace,9 KT / Yellow Gold,9K,2.94,0.29,28969.0,51017791209760,https://cdn.shopify.com/s/files/1/0805/4777/4752/files/KI-PD00498-RB-025_Y1.jpg?v=1765200399,https://cdn.shopify.com/s/files/1/0805/4777/4752/files/KI-PD00498-RB-025_Y2.jpg?v=1765200451,KI-PD00498-RB-025_Y1.jpg
Sleek & Cheek Round Diamond Chain Necklace,14 KT / Yellow Gold,14K,3.21,0.29,41450.0,51017791308064,https://cdn.shopify.com/s/files/1/0805/4777/4752/files/KI-PD00498-RB-025_Y1.jpg?v=1765200399,https://cdn.shopify.com/s/files/1/0805/4777/4752/files/KI-PD00498-RB-025_Y2.jpg?v=1765200451,KI-PD00498-RB-025_Y1.jpg
Sleek & Cheek Round Diamond Chain Necklace,18 KT / Yellow Gold,18K,3.8,0.29,57293.0,51017791406368,https://cdn.shopify.com/s/files/1/0805/4777/4752/files/KI-PD00498-RB-025_Y1.jpg?v=1765200399,https://cdn.shopify.com/s/files/1/0805/4777/4752/files/KI-PD00498-RB-025_Y2.jpg?v=1765200451,KI-PD00498-RB-025_Y1.jpg
Circle of Light Diamond Chain Necklace,9 KT / Rose Gold,9K,2.89,0.24,27274.0,51017790685472,https://cdn.shopify.com/s/files/1/0805/4777/4752/files/KI-PD00497-PE-025_R1.jpg?v=1765257381,https://cdn.shopify.com/s/files/1/0805/4777/4752/files/KI-PD00497-PE-025_R2.jpg?v=1765257381,KI-PD00497-PE-025_R1.jpg
Circle of Light Diamond Chain Necklace,14 KT / Rose Gold,14K,3.15,0.24,39492.0,51017790783776,https://cdn.shopify.com/s/files/1/0805/4777/4752/files/KI-PD00497-PE-025_R1.jpg?v=1765257381,https://cdn.shopify.com/s/files/1/0805/4777/4752/files/KI-PD00497-PE-025_R2.jpg?v=1765257381,KI-PD00497-PE-025_R1.jpg
Circle of Light Diamond Chain Necklace,18 KT / Rose Gold,18K,3.73,0.24,55051.0,51017790882080,https://cdn.shopify.com/s/files/1/0805/4777/4752/files/KI-PD00497-PE-025_R1.jpg?v=1765257381,https://cdn.shopify.com/s/files/1/0805/4777/4752/files/KI-PD00497-PE-025_R2.jpg?v=1765257381,KI-PD00497-PE-025_R1.jpg
55 Cents Tennis Diamond Men's Neck Chain,9 KT / White Gold,9K,37.07,51.0,2031063.0,50962292343072,https://cdn.shopify.com/s/files/1/0805/4777/4752/files/DNK000475_8b5f3e49-0054-4052-8cf0-aed6ca6d5d21.jpg?v=1763966241,https://cdn.shopify.com/s/files/1/0805/4777/4752/files/01-08_30b68ba2-24ef-417a-9380-0add05f05e85.jpg?v=1763966241,DNK000475_8b5f3e49-0054-4052-8cf0-aed6ca6d5d21.jpg
55 Cents Tennis Diamond Men's Neck Chain,14 KT / White Gold,14K,42.01,51.0,2202948.0,50962292441376,https://cdn.shopify.com/s/files/1/0805/4777/4752/files/DNK000475_8b5f3e49-0054-4052-8cf0-aed6ca6d5d21.jpg?v=1763966241,https://cdn.shopify.com/s/files/1/0805/4777/4752/files/01-08_30b68ba2-24ef-417a-9380-0add05f05e85.jpg?v=1763966241,DNK000475_8b5f3e49-0054-4052-8cf0-aed6ca6d5d21.jpg
55 Cents Tennis Diamond Men's Neck Chain,18 KT / White Gold,18K,49.42,51.0,2406503.0,50962292539680,https://cdn.shopify.com/s/files/1/0805/4777/4752/files/DNK000475_8b5f3e49-0054-4052-8cf0-aed6ca6d5d21.jpg?v=1763966241,https://cdn.shopify.com/s/files/1/0805/4777/4752/files/01-08_30b68ba2-24ef-417a-9380-0add05f05e85.jpg?v=1763966241,DNK000475_8b5f3e49-0054-4052-8cf0-aed6ca6d5d21.jpg
33 Cents Tennis Diamond Men's Neck Chain,9 KT / White Gold,9K,32.51,35.4,1461343.0,50962292048160,https://cdn.shopify.com/s/files/1/0805/4777/4752/files/DNK000475_d51a65c8-afb6-4df8-af89-b8926b6795b7.jpg?v=1763966243,https://cdn.shopify.com/s/files/1/0805/4777/4752/files/01-08_9b2430b5-e356-42a7-a9aa-e6dceeb9c6b4.jpg?v=1763966243,DNK000475_d51a65c8-afb6-4df8-af89-b8926b6795b7.jpg
33 Cents Tennis Diamond Men's Neck Chain,14 KT / White Gold,14K,36.85,35.4,1612157.0,50962292146464,https://cdn.shopify.com/s/files/1/0805/4777/4752/files/DNK000475_d51a65c8-afb6-4df8-af89-b8926b6795b7.jpg?v=1763966243,https://cdn.shopify.com/s/files/1/0805/4777/4752/files/01-08_9b2430b5-e356-42a7-a9aa-e6dceeb9c6b4.jpg?v=1763966243,DNK000475_d51a65c8-afb6-4df8-af89-b8926b6795b7.jpg
33 Cents Tennis Diamond Men's Neck Chain,18 KT / White Gold,18K,43.35,35.4,1790712.0,50962292244768,https://cdn.shopify.com/s/files/1/0805/4777/4752/files/DNK000475_d51a65c8-afb6-4df8-af89-b8926b6795b7.jpg?v=1763966243,https://cdn.shopify.com/s/files/1/0805/4777/4752/files/01-08_9b2430b5-e356-42a7-a9aa-e6dceeb9c6b4.jpg?v=1763966243,DNK000475_d51a65c8-afb6-4df8-af89-b8926b6795b7.jpg
15 Cents Tennis Diamond Men's Neck Chain,9 KT / White Gold,9K,22.94,22.419,772464.0,50962291753248,https://cdn.shopify.com/s/files/1/0805/4777/4752/files/DNK000475_3cffc6a6-5efe-40c8-b23f-96b7d7a20232.jpg?v=1763966245,https://cdn.shopify.com/s/files/1/0805/4777/4752/files/01-08_149d66f4-277e-4aad-b802-3942421d8b6f.jpg?v=1763966245,DNK000475_3cffc6a6-5efe-40c8-b23f-96b7d7a20232.jpg
15 Cents Tennis Diamond Men's Neck Chain,14 KT / White Gold,14K,25.99,22.419,878765.0,50962291851552,https://cdn.shopify.com/s/files/1/0805/4777/4752/files/DNK000475_3cffc6a6-5efe-40c8-b23f-96b7d7a20232.jpg?v=1763966245,https://cdn.shopify.com/s/files/1/0805/4777/4752/files/01-08_149d66f4-277e-4aad-b802-3942421d8b6f.jpg?v=1763966245,DNK000475_3cffc6a6-5efe-40c8-b23f-96b7d7a20232.jpg
15 Cents Tennis Diamond Men's Neck Chain,18 KT / White Gold,18K,30.58,22.419,1004766.0,50962291949856,https://cdn.shopify.com/s/files/1/0805/4777/4752/files/DNK000475_3cffc6a6-5efe-40c8-b23f-96b7d7a20232.jpg?v=1763966245,https://cdn.shopify.com/s/files/1/0805/4777/4752/files/01-08_149d66f4-277e-4aad-b802-3942421d8b6f.jpg?v=1763966245,DNK000475_3cffc6a6-5efe-40c8-b23f-96b7d7a20232.jpg
95 Cents Tennis Diamond Men's Neck Chain,9 KT / White Gold,9K,34.8,63.9,2699794.0,50943898714400,https://cdn.shopify.com/s/files/1/0805/4777/4752/files/DNK000475.jpg?v=1763531300,https://cdn.shopify.com/s/files/1/0805/4777/4752/files/01-08.jpg?v=1763618673,DNK000475.jpg
95 Cents Tennis Diamond Men's Neck Chain,14 KT / White Gold,14K,39.44,63.9,2861176.0,50943898812704,https://cdn.shopify.com/s/files/1/0805/4777/4752/files/DNK000475.jpg?v=1763531300,https://cdn.shopify.com/s/files/1/0805/4777/4752/files/01-08.jpg?v=1763618673,DNK000475.jpg
95 Cents Tennis Diamond Men's Neck Chain,18 KT / White Gold,18K,46.4,63.9,3052319.0,50943898911008,https://cdn.shopify.com/s/files/1/0805/4777/4752/files/DNK000475.jpg?v=1763531300,https://cdn.shopify.com/s/files/1/0805/4777/4752/files/01-08.jpg?v=1763618673,DNK000475.jpg
V Shaped Round Diamond Chain Necklace,9 KT / Rose Gold,9K,2.66,3.0,157422.0,50738136580384,https://cdn.shopify.com/s/files/1/0805/4777/4752/files/SPN001012-00-3.00_R1.jpg?v=1758093884,https://cdn.shopify.com/s/files/1/0805/4777/4752/files/SPN001012-00-3.00_R2.jpg?v=1771240689,SPN001012-00-3.00_R1.jpg
V Shaped Round Diamond Chain Necklace,14 KT / Rose Gold,14K,3.02,3.0,169808.0,50702585528608,https://cdn.shopify.com/s/files/1/0805/4777/4752/files/SPN001012-00-3.00_R1.jpg?v=1758093884,https://cdn.shopify.com/s/files/1/0805/4777/4752/files/SPN001012-00-3.00_R2.jpg?v=1771240689,SPN001012-00-3.00_R1.jpg
V Shaped Round Diamond Chain Necklace,18 KT / Rose Gold,18K,3.55,3.0,184409.0,50702585626912,https://cdn.shopify.com/s/files/1/0805/4777/4752/files/SPN001012-00-3.00_R1.jpg?v=1758093884,https://cdn.shopify.com/s/files/1/0805/4777/4752/files/SPN001012-00-3.00_R2.jpg?v=1771240689,SPN001012-00-3.00_R1.jpg
Luminous One Liner Y Diamond Chain Necklace,9 KT / Yellow Gold,9K,4.0,2.054,85211.0,50738139169056,https://cdn.shopify.com/s/files/1/0805/4777/4752/files/DPN000301_Y2.jpg?v=1762854178,https://cdn.shopify.com/s/files/1/0805/4777/4752/files/DPN000301_Y1.jpg?v=1771240632,DPN000301_Y2.jpg
Luminous One Liner Y Diamond Chain Necklace,14 KT / Yellow Gold,14K,4.54,2.054,103824.0,50702585168160,https://cdn.shopify.com/s/files/1/0805/4777/4752/files/DPN000301_Y2.jpg?v=1762854178,https://cdn.shopify.com/s/files/1/0805/4777/4752/files/DPN000301_Y1.jpg?v=1771240632,DPN000301_Y2.jpg
Luminous One Liner Y Diamond Chain Necklace,18 KT / Yellow Gold,18K,5.34,2.054,125812.0,50702585266464,https://cdn.shopify.com/s/files/1/0805/4777/4752/files/DPN000301_Y2.jpg?v=1762854178,https://cdn.shopify.com/s/files/1/0805/4777/4752/files/DPN000301_Y1.jpg?v=1771240632,DPN000301_Y2.jpg
Regal Radiance Diamond Chain Necklace,9 KT / Rose Gold,9K,2.75,1.0,62820.0,50738142642464,https://cdn.shopify.com/s/files/1/0805/4777/4752/files/DPN000205_R1.jpg?v=1758099826,https://cdn.shopify.com/s/files/1/0805/4777/4752/files/DPN000205_R2.jpg?v=1758099826,DPN000205_R1.jpg
Regal Radiance Diamond Chain Necklace,14 KT / Rose Gold,14K,3.11,1.0,75510.0,50702584348960,https://cdn.shopify.com/s/files/1/0805/4777/4752/files/DPN000205_R1.jpg?v=1758099826,https://cdn.shopify.com/s/files/1/0805/4777/4752/files/DPN000205_R2.jpg?v=1758099826,DPN000205_R1.jpg
Regal Radiance Diamond Chain Necklace,18 KT / Rose Gold,18K,3.66,1.0,90597.0,50702584447264,https://cdn.shopify.com/s/files/1/0805/4777/4752/files/DPN000205_R1.jpg?v=1758099826,https://cdn.shopify.com/s/files/1/0805/4777/4752/files/DPN000205_R2.jpg?v=1758099826,DPN000205_R1.jpg
Prism Princess Solitaire Diamond Chain Necklace,9 KT / Yellow Gold,9K,2.24,0.84,49034.0,50738144084256,https://cdn.shopify.com/s/files/1/0805/4777/4752/files/DPN000204_Y1.jpg?v=1758087506,https://cdn.shopify.com/s/files/1/0805/4777/4752/files/DPN000204_Y2.jpg?v=1758087689,DPN000204_Y1.jpg
Prism Princess Solitaire Diamond Chain Necklace,14 KT / Yellow Gold,14K,2.53,0.84,59340.0,50702584185120,https://cdn.shopify.com/s/files/1/0805/4777/4752/files/DPN000204_Y1.jpg?v=1758087506,https://cdn.shopify.com/s/files/1/0805/4777/4752/files/DPN000204_Y2.jpg?v=1758087689,DPN000204_Y1.jpg
Prism Princess Solitaire Diamond Chain Necklace,18 KT / Yellow Gold,18K,2.98,0.84,71644.0,50702584283424,https://cdn.shopify.com/s/files/1/0805/4777/4752/files/DPN000204_Y1.jpg?v=1758087506,https://cdn.shopify.com/s/files/1/0805/4777/4752/files/DPN000204_Y2.jpg?v=1758087689,DPN000204_Y1.jpg
Aurora Diamond Chain Necklace,9 KT / Rose Gold,9K,4.88,0.72,55003.0,50738021761312,https://cdn.shopify.com/s/files/1/0805/4777/4752/files/NJ-CNL0229_R1.jpg?v=1756725221,https://cdn.shopify.com/s/files/1/0805/4777/4752/files/NJ-CNL0229_R2.jpg?v=1767698164,NJ-CNL0229_R1.jpg
Aurora Diamond Chain Necklace,14 KT / Rose Gold,14K,5.37,0.72,76115.0,50617533563168,https://cdn.shopify.com/s/files/1/0805/4777/4752/files/NJ-CNL0229_R1.jpg?v=1756725221,https://cdn.shopify.com/s/files/1/0805/4777/4752/files/NJ-CNL0229_R2.jpg?v=1767698164,NJ-CNL0229_R1.jpg
Aurora Diamond Chain Necklace,18 KT / Rose Gold,18K,6.44,0.72,103627.0,50617533661472,https://cdn.shopify.com/s/files/1/0805/4777/4752/files/NJ-CNL0229_R1.jpg?v=1756725221,https://cdn.shopify.com/s/files/1/0805/4777/4752/files/NJ-CNL0229_R2.jpg?v=1767698164,NJ-CNL0229_R1.jpg
Keepers of Light Diamond Chain Necklace,9 KT / Yellow Gold,9K,5.02,0.57,52024.0,50738023268640,https://cdn.shopify.com/s/files/1/0805/4777/4752/files/NJ-CNL0231_Y1.jpg?v=1756105145,https://cdn.shopify.com/s/files/1/0805/4777/4752/files/NJ-CNL0231_Y2.jpg?v=1767698169,NJ-CNL0231_Y1.jpg
Keepers of Light Diamond Chain Necklace,14 KT / Yellow Gold,14K,5.52,0.57,73703.0,50617533432096,https://cdn.shopify.com/s/files/1/0805/4777/4752/files/NJ-CNL0231_Y1.jpg?v=1756105145,https://cdn.shopify.com/s/files/1/0805/4777/4752/files/NJ-CNL0231_Y2.jpg?v=1767698169,NJ-CNL0231_Y1.jpg
Keepers of Light Diamond Chain Necklace,18 KT / Yellow Gold,18K,6.62,0.57,101985.0,50617533530400,https://cdn.shopify.com/s/files/1/0805/4777/4752/files/NJ-CNL0231_Y1.jpg?v=1756105145,https://cdn.shopify.com/s/files/1/0805/4777/4752/files/NJ-CNL0231_Y2.jpg?v=1767698169,NJ-CNL0231_Y1.jpg
Lily Luck Diamond Chain Necklace,9 KT / Yellow Gold,9K,4.74,0.79,55844.0,50738025955616,https://cdn.shopify.com/s/files/1/0805/4777/4752/files/NJ-CNL0086_Y1.jpg?v=1756124082,https://cdn.shopify.com/s/files/1/0805/4777/4752/files/NJ-CNL0086_Y2.jpg?v=1756124119,NJ-CNL0086_Y1.jpg
Lily Luck Diamond Chain Necklace,14 KT / Yellow Gold,14K,5.21,0.79,76293.0,50617532973344,https://cdn.shopify.com/s/files/1/0805/4777/4752/files/NJ-CNL0086_Y1.jpg?v=1756124082,https://cdn.shopify.com/s/files/1/0805/4777/4752/files/NJ-CNL0086_Y2.jpg?v=1756124119,NJ-CNL0086_Y1.jpg
Lily Luck Diamond Chain Necklace,18 KT / Yellow Gold,18K,6.25,0.79,103009.0,50617533071648,https://cdn.shopify.com/s/files/1/0805/4777/4752/files/NJ-CNL0086_Y1.jpg?v=1756124082,https://cdn.shopify.com/s/files/1/0805/4777/4752/files/NJ-CNL0086_Y2.jpg?v=1756124119,NJ-CNL0086_Y1.jpg
Sleek Ridge Diamond Chain Necklace,9 KT / White Gold,9K,4.64,0.54,48441.0,50738031198496,https://cdn.shopify.com/s/files/1/0805/4777/4752/files/NJ-CNL0244_W1.jpg?v=1756724571,https://cdn.shopify.com/s/files/1/0805/4777/4752/files/NJ-CNL0244_W2.jpg?v=1756724571,NJ-CNL0244_W1.jpg
Sleek Ridge Diamond Chain Necklace,14 KT / White Gold,14K,5.1,0.54,68458.0,50617531924768,https://cdn.shopify.com/s/files/1/0805/4777/4752/files/NJ-CNL0244_W1.jpg?v=1756724571,https://cdn.shopify.com/s/files/1/0805/4777/4752/files/NJ-CNL0244_W2.jpg?v=1756724571,NJ-CNL0244_W1.jpg
Sleek Ridge Diamond Chain Necklace,18 KT / White Gold,18K,6.12,0.54,94634.0,50617532023072,https://cdn.shopify.com/s/files/1/0805/4777/4752/files/NJ-CNL0244_W1.jpg?v=1756724571,https://cdn.shopify.com/s/files/1/0805/4777/4752/files/NJ-CNL0244_W2.jpg?v=1756724571,NJ-CNL0244_W1.jpg
Floral Orbit Diamond Chain Necklace,9 KT / Yellow Gold,9K,4.46,0.68,50855.0,50738058756384,https://cdn.shopify.com/s/files/1/0805/4777/4752/files/NJ-CNL0164_Y1.jpg?v=1756124085,https://cdn.shopify.com/s/files/1/0805/4777/4752/files/NJ-CNL0164_Y2.jpg?v=1767698156,NJ-CNL0164_Y1.jpg
Floral Orbit Diamond Chain Necklace,14 KT / Yellow Gold,14K,4.9,0.68,70076.0,50617531760928,https://cdn.shopify.com/s/files/1/0805/4777/4752/files/NJ-CNL0164_Y1.jpg?v=1756124085,https://cdn.shopify.com/s/files/1/0805/4777/4752/files/NJ-CNL0164_Y2.jpg?v=1767698156,NJ-CNL0164_Y1.jpg
Floral Orbit Diamond Chain Necklace,18 KT / Yellow Gold,18K,5.88,0.68,95225.0,50617531859232,https://cdn.shopify.com/s/files/1/0805/4777/4752/files/NJ-CNL0164_Y1.jpg?v=1756124085,https://cdn.shopify.com/s/files/1/0805/4777/4752/files/NJ-CNL0164_Y2.jpg?v=1767698156,NJ-CNL0164_Y1.jpg
Gala Starburst Diamond Chain Necklace,9 KT / Yellow Gold,9K,4.07,0.6,45854.0,50738059641120,https://cdn.shopify.com/s/files/1/0805/4777/4752/files/NJ-CNL0253_Y1.jpg?v=1756124092,https://cdn.shopify.com/s/files/1/0805/4777/4752/files/NJ-CNL0253_Y2.jpg?v=1767698174,NJ-CNL0253_Y1.jpg
Gala Starburst Diamond Chain Necklace,14 KT / Yellow Gold,14K,4.47,0.6,63380.0,50617531269408,https://cdn.shopify.com/s/files/1/0805/4777/4752/files/NJ-CNL0253_Y1.jpg?v=1756124092,https://cdn.shopify.com/s/files/1/0805/4777/4752/files/NJ-CNL0253_Y2.jpg?v=1767698174,NJ-CNL0253_Y1.jpg
Gala Starburst Diamond Chain Necklace,18 KT / Yellow Gold,18K,5.36,0.6,86273.0,50617531367712,https://cdn.shopify.com/s/files/1/0805/4777/4752/files/NJ-CNL0253_Y1.jpg?v=1756124092,https://cdn.shopify.com/s/files/1/0805/4777/4752/files/NJ-CNL0253_Y2.jpg?v=1767698174,NJ-CNL0253_Y1.jpg
Shimmering Pear Diamond Chain Necklace,9 KT / Rose Gold,9K,3.88,0.32,36997.0,50738060460320,https://cdn.shopify.com/s/files/1/0805/4777/4752/files/NJ-CNL0146_R1.jpg?v=1756724338,https://cdn.shopify.com/s/files/1/0805/4777/4752/files/NJ-CNL0146_R2.jpg?v=1767698148,NJ-CNL0146_R1.jpg
Shimmering Pear Diamond Chain Necklace,14 KT / Rose Gold,14K,4.27,0.32,53786.0,50617530581280,https://cdn.shopify.com/s/files/1/0805/4777/4752/files/NJ-CNL0146_R1.jpg?v=1756724338,https://cdn.shopify.com/s/files/1/0805/4777/4752/files/NJ-CNL0146_R2.jpg?v=1767698148,NJ-CNL0146_R1.jpg
Shimmering Pear Diamond Chain Necklace,18 KT / Rose Gold,18K,5.12,0.32,75653.0,50617530679584,https://cdn.shopify.com/s/files/1/0805/4777/4752/files/NJ-CNL0146_R1.jpg?v=1756724338,https://cdn.shopify.com/s/files/1/0805/4777/4752/files/NJ-CNL0146_R2.jpg?v=1767698148,NJ-CNL0146_R1.jpg
Twilight Heart Diamond Chain Necklace,9 KT / Rose Gold,9K,3.75,0.37,37369.0,50738061017376,https://cdn.shopify.com/s/files/1/0805/4777/4752/files/NJ-CNL0281_R1.jpg?v=1756725329,https://cdn.shopify.com/s/files/1/0805/4777/4752/files/NJ-CNL0281_R2.jpg?v=1767698179,NJ-CNL0281_R1.jpg
Twilight Heart Diamond Chain Necklace,14 KT / Rose Gold,14K,4.12,0.37,53530.0,50617530122528,https://cdn.shopify.com/s/files/1/0805/4777/4752/files/NJ-CNL0281_R1.jpg?v=1756725329,https://cdn.shopify.com/s/files/1/0805/4777/4752/files/NJ-CNL0281_R2.jpg?v=1767698179,NJ-CNL0281_R1.jpg
Twilight Heart Diamond Chain Necklace,18 KT / Rose Gold,18K,4.94,0.37,74627.0,50617530220832,https://cdn.shopify.com/s/files/1/0805/4777/4752/files/NJ-CNL0281_R1.jpg?v=1756725329,https://cdn.shopify.com/s/files/1/0805/4777/4752/files/NJ-CNL0281_R2.jpg?v=1767698179,NJ-CNL0281_R1.jpg
The Love Pulse Diamond Chain Necklace,9 KT / Yellow Gold,9K,3.53,0.19,30962.0,50738061869344,https://cdn.shopify.com/s/files/1/0805/4777/4752/files/NJ-CNL0032_Y1.jpg?v=1756124075,https://cdn.shopify.com/s/files/1/0805/4777/4752/files/NJ-CNL0032_Y2.jpg?v=1767698130,NJ-CNL0032_Y1.jpg
The Love Pulse Diamond Chain Necklace,14 KT / Yellow Gold,14K,3.88,0.19,46192.0,50617529925920,https://cdn.shopify.com/s/files/1/0805/4777/4752/files/NJ-CNL0032_Y1.jpg?v=1756124075,https://cdn.shopify.com/s/files/1/0805/4777/4752/files/NJ-CNL0032_Y2.jpg?v=1767698130,NJ-CNL0032_Y1.jpg
The Love Pulse Diamond Chain Necklace,18 KT / Yellow Gold,18K,4.66,0.19,66154.0,50617530024224,https://cdn.shopify.com/s/files/1/0805/4777/4752/files/NJ-CNL0032_Y1.jpg?v=1756124075,https://cdn.shopify.com/s/files/1/0805/4777/4752/files/NJ-CNL0032_Y2.jpg?v=1767698130,NJ-CNL0032_Y1.jpg
All Day Pear Shine Diamond Chain Necklace,9 KT / Yellow Gold,9K,3.27,0.19,29051.0,50738063180064,https://cdn.shopify.com/s/files/1/0805/4777/4752/files/NJ-CNL0084_Y1.jpg?v=1756105139,https://cdn.shopify.com/s/files/1/0805/4777/4752/files/NJ-CNL0084_Y2.jpg?v=1756105336,NJ-CNL0084_Y1.jpg
All Day Pear Shine Diamond Chain Necklace,14 KT / Yellow Gold,14K,3.59,0.19,43118.0,50617528189216,https://cdn.shopify.com/s/files/1/0805/4777/4752/files/NJ-CNL0084_Y1.jpg?v=1756105139,https://cdn.shopify.com/s/files/1/0805/4777/4752/files/NJ-CNL0084_Y2.jpg?v=1756105336,NJ-CNL0084_Y1.jpg
All Day Pear Shine Diamond Chain Necklace,18 KT / Yellow Gold,18K,4.31,0.19,61568.0,50617528287520,https://cdn.shopify.com/s/files/1/0805/4777/4752/files/NJ-CNL0084_Y1.jpg?v=1756105139,https://cdn.shopify.com/s/files/1/0805/4777/4752/files/NJ-CNL0084_Y2.jpg?v=1756105336,NJ-CNL0084_Y1.jpg
Classic Round Halo Diamond Chain Necklace,9 KT / Rose Gold,9K,2.59,1.38,74794.0,50738064556320,https://cdn.shopify.com/s/files/1/0805/4777/4752/files/DPN000577_R1.jpg?v=1756721191,https://cdn.shopify.com/s/files/1/0805/4777/4752/files/DPN000577_R2.jpg?v=1767698122,DPN000577_R1.jpg
Classic Round Halo Diamond Chain Necklace,14 KT / Rose Gold,14K,2.93,1.38,86754.0,50617526845728,https://cdn.shopify.com/s/files/1/0805/4777/4752/files/DPN000577_R1.jpg?v=1756721191,https://cdn.shopify.com/s/files/1/0805/4777/4752/files/DPN000577_R2.jpg?v=1767698122,DPN000577_R1.jpg
Classic Round Halo Diamond Chain Necklace,18 KT / Rose Gold,18K,3.45,1.38,100990.0,50617526944032,https://cdn.shopify.com/s/files/1/0805/4777/4752/files/DPN000577_R1.jpg?v=1756721191,https://cdn.shopify.com/s/files/1/0805/4777/4752/files/DPN000577_R2.jpg?v=1767698122,DPN000577_R1.jpg
Sceptor of Love Diamond Necklace,9 KT / White Gold,9K,46.7,11.511,662441.0,50751785533728,https://cdn.shopify.com/s/files/1/0805/4777/4752/files/LRN00603_W1_7bdd8bd5-b8ce-44a9-a7c7-d99c7c589e36.jpg?v=1756962105,https://cdn.shopify.com/s/files/1/0805/4777/4752/files/LRN00603_W2_c2172b4e-3d7f-49b2-87b9-b07758742147.jpg?v=1756962105,LRN00603_W1_7bdd8bd5-b8ce-44a9-a7c7-d99c7c589e36.jpg
Sceptor of Love Diamond Necklace,14 KT / White Gold,14K,51.32,11.511,863819.0,50560082215200,https://cdn.shopify.com/s/files/1/0805/4777/4752/files/LRN00603_W1_7bdd8bd5-b8ce-44a9-a7c7-d99c7c589e36.jpg?v=1756962105,https://cdn.shopify.com/s/files/1/0805/4777/4752/files/LRN00603_W2_c2172b4e-3d7f-49b2-87b9-b07758742147.jpg?v=1756962105,LRN00603_W1_7bdd8bd5-b8ce-44a9-a7c7-d99c7c589e36.jpg
Sceptor of Love Diamond Necklace,18 KT / White Gold,18K,61.58,11.511,1127167.0,50560082313504,https://cdn.shopify.com/s/files/1/0805/4777/4752/files/LRN00603_W1_7bdd8bd5-b8ce-44a9-a7c7-d99c7c589e36.jpg?v=1756962105,https://cdn.shopify.com/s/files/1/0805/4777/4752/files/LRN00603_W2_c2172b4e-3d7f-49b2-87b9-b07758742147.jpg?v=1756962105,LRN00603_W1_7bdd8bd5-b8ce-44a9-a7c7-d99c7c589e36.jpg
Moon's Phasefall Diamond Necklace,9 KT / White Gold,9K,52.1,32.81,1257401.0,50751785894176,https://cdn.shopify.com/s/files/1/0805/4777/4752/files/LRN00575_W1_d411e3e0-0db8-4c9f-b594-2599acf3e316.jpg?v=1757054570,https://cdn.shopify.com/s/files/1/0805/4777/4752/files/LRN00575_W2.jpg?v=1757054571,LRN00575_W1_d411e3e0-0db8-4c9f-b594-2599acf3e316.jpg
Moon's Phasefall Diamond Necklace,14 KT / White Gold,14K,57.26,32.81,1482119.0,50560082018592,https://cdn.shopify.com/s/files/1/0805/4777/4752/files/LRN00575_W1_d411e3e0-0db8-4c9f-b594-2599acf3e316.jpg?v=1757054570,https://cdn.shopify.com/s/files/1/0805/4777/4752/files/LRN00575_W2.jpg?v=1757054571,LRN00575_W1_d411e3e0-0db8-4c9f-b594-2599acf3e316.jpg
Moon's Phasefall Diamond Necklace,18 KT / White Gold,18K,68.71,32.81,1775978.0,50560082116896,https://cdn.shopify.com/s/files/1/0805/4777/4752/files/LRN00575_W1_d411e3e0-0db8-4c9f-b594-2599acf3e316.jpg?v=1757054570,https://cdn.shopify.com/s/files/1/0805/4777/4752/files/LRN00575_W2.jpg?v=1757054571,LRN00575_W1_d411e3e0-0db8-4c9f-b594-2599acf3e316.jpg
Layered Starfall Diamond Necklace,9 KT / Yellow Gold,9K,50.58,36.802,1633249.0,50751786287392,https://cdn.shopify.com/s/files/1/0805/4777/4752/files/NK67355_Y1.jpg?v=1757074459,https://cdn.shopify.com/s/files/1/0805/4777/4752/files/NK67355_Y2.jpg?v=1757074459,NK67355_Y1.jpg
Layered Starfall Diamond Necklace,14 KT / Yellow Gold,14K,55.59,36.802,1851416.0,50560081854752,https://cdn.shopify.com/s/files/1/0805/4777/4752/files/NK67355_Y1.jpg?v=1757074459,https://cdn.shopify.com/s/files/1/0805/4777/4752/files/NK67355_Y2.jpg?v=1757074459,NK67355_Y1.jpg
Layered Starfall Diamond Necklace,18 KT / Yellow Gold,18K,66.7,36.802,2136631.0,50560081953056,https://cdn.shopify.com/s/files/1/0805/4777/4752/files/NK67355_Y1.jpg?v=1757074459,https://cdn.shopify.com/s/files/1/0805/4777/4752/files/NK67355_Y2.jpg?v=1757074459,NK67355_Y1.jpg
Stellar Strands Diamond Necklace,9 KT / Yellow Gold,9K,16.52,19.52,790675.0,50751786746144,https://cdn.shopify.com/s/files/1/0805/4777/4752/files/NK67364_Y1.jpg?v=1757049744,https://cdn.shopify.com/s/files/1/0805/4777/4752/files/NK67364_Y2.jpg?v=1757049744,NK67364_Y1.jpg
Stellar Strands Diamond Necklace,14 KT / Yellow Gold,14K,18.15,19.52,861871.0,50560081625376,https://cdn.shopify.com/s/files/1/0805/4777/4752/files/NK67364_Y1.jpg?v=1757049744,https://cdn.shopify.com/s/files/1/0805/4777/4752/files/NK67364_Y2.jpg?v=1757049744,NK67364_Y1.jpg
Stellar Strands Diamond Necklace,18 KT / Yellow Gold,18K,21.78,19.52,955025.0,50560081723680,https://cdn.shopify.com/s/files/1/0805/4777/4752/files/NK67364_Y1.jpg?v=1757049744,https://cdn.shopify.com/s/files/1/0805/4777/4752/files/NK67364_Y2.jpg?v=1757049744,NK67364_Y1.jpg
Crimson Frost Diamond Necklace,9 KT / Rose Gold,9K,46.74,13.345,701720.0,50751787467040,https://cdn.shopify.com/s/files/1/0805/4777/4752/files/ANS00036-NS0372_R3.jpg?v=1757050138,https://cdn.shopify.com/s/files/1/0805/4777/4752/files/ANS00036-NS0372_A_R2.png?v=1757050138,ANS00036-NS0372_R3.jpg
Crimson Frost Diamond Necklace,14 KT / Rose Gold,14K,51.36,13.345,903233.0,50560081297696,https://cdn.shopify.com/s/files/1/0805/4777/4752/files/ANS00036-NS0372_R3.jpg?v=1757050138,https://cdn.shopify.com/s/files/1/0805/4777/4752/files/ANS00036-NS0372_A_R2.png?v=1757050138,ANS00036-NS0372_R3.jpg
Crimson Frost Diamond Necklace,18 KT / Rose Gold,18K,61.63,13.345,1166811.0,50560081396000,https://cdn.shopify.com/s/files/1/0805/4777/4752/files/ANS00036-NS0372_R3.jpg?v=1757050138,https://cdn.shopify.com/s/files/1/0805/4777/4752/files/ANS00036-NS0372_A_R2.png?v=1757050138,ANS00036-NS0372_R3.jpg
Final Draft Diamond Necklace,9 KT / Yellow Gold,9K,39.7,14.016,675717.0,50751787991328,https://cdn.shopify.com/s/files/1/0805/4777/4752/files/DNK000136_Y2_cedf2ddc-3d9d-40be-9077-e664b78755be.jpg?v=1757050548,https://cdn.shopify.com/s/files/1/0805/4777/4752/files/DNK000136_Y1_a5c15074-a800-4b81-bcba-d733d9c99d54.jpg?v=1757050548,DNK000136_Y2_cedf2ddc-3d9d-40be-9077-e664b78755be.jpg
Final Draft Diamond Necklace,14 KT / Yellow Gold,14K,44.99,14.016,859792.0,50532191830304,https://cdn.shopify.com/s/files/1/0805/4777/4752/files/DNK000136_Y2_cedf2ddc-3d9d-40be-9077-e664b78755be.jpg?v=1757050548,https://cdn.shopify.com/s/files/1/0805/4777/4752/files/DNK000136_Y1_a5c15074-a800-4b81-bcba-d733d9c99d54.jpg?v=1757050548,DNK000136_Y2_cedf2ddc-3d9d-40be-9077-e664b78755be.jpg
Final Draft Diamond Necklace,18 KT / Yellow Gold,18K,52.93,14.016,1077840.0,50532191928608,https://cdn.shopify.com/s/files/1/0805/4777/4752/files/DNK000136_Y2_cedf2ddc-3d9d-40be-9077-e664b78755be.jpg?v=1757050548,https://cdn.shopify.com/s/files/1/0805/4777/4752/files/DNK000136_Y1_a5c15074-a800-4b81-bcba-d733d9c99d54.jpg?v=1757050548,DNK000136_Y2_cedf2ddc-3d9d-40be-9077-e664b78755be.jpg
Soft Accent Diamond Necklace,9 KT / Rose Gold,9K,29.72,37.2,1218321.0,50751788220704,https://cdn.shopify.com/s/files/1/0805/4777/4752/files/DNK000135_R2_373d377d-5bbc-45ad-953c-b07cde288317.jpg?v=1757054848,https://cdn.shopify.com/s/files/1/0805/4777/4752/files/DNK000135_R1_88b42e3f-48b9-48ef-ac0b-8a9becf918eb.jpg?v=1757054848,DNK000135_R2_373d377d-5bbc-45ad-953c-b07cde288317.jpg
Soft Accent Diamond Necklace,14 KT / Rose Gold,14K,33.68,37.2,1356120.0,50532191404320,https://cdn.shopify.com/s/files/1/0805/4777/4752/files/DNK000135_R2_373d377d-5bbc-45ad-953c-b07cde288317.jpg?v=1757054848,https://cdn.shopify.com/s/files/1/0805/4777/4752/files/DNK000135_R1_88b42e3f-48b9-48ef-ac0b-8a9becf918eb.jpg?v=1757054848,DNK000135_R2_373d377d-5bbc-45ad-953c-b07cde288317.jpg
Soft Accent Diamond Necklace,18 KT / Rose Gold,18K,39.62,37.2,1519305.0,50532191502624,https://cdn.shopify.com/s/files/1/0805/4777/4752/files/DNK000135_R2_373d377d-5bbc-45ad-953c-b07cde288317.jpg?v=1757054848,https://cdn.shopify.com/s/files/1/0805/4777/4752/files/DNK000135_R1_88b42e3f-48b9-48ef-ac0b-8a9becf918eb.jpg?v=1757054848,DNK000135_R2_373d377d-5bbc-45ad-953c-b07cde288317.jpg
Continuum Diamond Necklace,9 KT / White Gold,9K,20.87,17.53,634775.0,50751788646688,https://cdn.shopify.com/s/files/1/0805/4777/4752/files/DNK000123_W2_735ed026-9eff-4a57-9e0e-4bcd59c75564.jpg?v=1757055116,https://cdn.shopify.com/s/files/1/0805/4777/4752/files/DNK000123_W1_e0af8c0a-4f3e-4458-8381-f4c066781707.jpg?v=1757055116,DNK000123_W2_735ed026-9eff-4a57-9e0e-4bcd59c75564.jpg
Continuum Diamond Necklace,14 KT / White Gold,14K,23.66,17.53,731627.0,50532191076640,https://cdn.shopify.com/s/files/1/0805/4777/4752/files/DNK000123_W2_735ed026-9eff-4a57-9e0e-4bcd59c75564.jpg?v=1757055116,https://cdn.shopify.com/s/files/1/0805/4777/4752/files/DNK000123_W1_e0af8c0a-4f3e-4458-8381-f4c066781707.jpg?v=1757055116,DNK000123_W2_735ed026-9eff-4a57-9e0e-4bcd59c75564.jpg
Continuum Diamond Necklace,18 KT / White Gold,18K,27.83,17.53,846229.0,50532191174944,https://cdn.shopify.com/s/files/1/0805/4777/4752/files/DNK000123_W2_735ed026-9eff-4a57-9e0e-4bcd59c75564.jpg?v=1757055116,https://cdn.shopify.com/s/files/1/0805/4777/4752/files/DNK000123_W1_e0af8c0a-4f3e-4458-8381-f4c066781707.jpg?v=1757055116,DNK000123_W2_735ed026-9eff-4a57-9e0e-4bcd59c75564.jpg
The Closing Sparkle Diamond Necklace,9 KT / Yellow Gold,9K,24.24,7.884,394604.0,50751789170976,https://cdn.shopify.com/s/files/1/0805/4777/4752/files/DNK000137_Y2_b2142ae1-43b2-494c-af7e-5b8ac63341de.jpg?v=1757055325,https://cdn.shopify.com/s/files/1/0805/4777/4752/files/DNK000137_Y1_dc9daf10-5033-47ae-b468-ce5c6b9b7a5c.jpg?v=1757055325,DNK000137_Y2_b2142ae1-43b2-494c-af7e-5b8ac63341de.jpg
The Closing Sparkle Diamond Necklace,14 KT / Yellow Gold,14K,27.47,7.884,506997.0,50532190748960,https://cdn.shopify.com/s/files/1/0805/4777/4752/files/DNK000137_Y2_b2142ae1-43b2-494c-af7e-5b8ac63341de.jpg?v=1757055325,https://cdn.shopify.com/s/files/1/0805/4777/4752/files/DNK000137_Y1_dc9daf10-5033-47ae-b468-ce5c6b9b7a5c.jpg?v=1757055325,DNK000137_Y2_b2142ae1-43b2-494c-af7e-5b8ac63341de.jpg
The Closing Sparkle Diamond Necklace,18 KT / Yellow Gold,18K,32.32,7.884,640157.0,50532190847264,https://cdn.shopify.com/s/files/1/0805/4777/4752/files/DNK000137_Y2_b2142ae1-43b2-494c-af7e-5b8ac63341de.jpg?v=1757055325,https://cdn.shopify.com/s/files/1/0805/4777/4752/files/DNK000137_Y1_dc9daf10-5033-47ae-b468-ce5c6b9b7a5c.jpg?v=1757055325,DNK000137_Y2_b2142ae1-43b2-494c-af7e-5b8ac63341de.jpg
Edged In Shimmer Diamond Necklace,9 KT / Rose Gold,9K,15.77,4.51,240207.0,50751789662496,https://cdn.shopify.com/s/files/1/0805/4777/4752/files/DNK000108_R2_a3257fd2-4da4-4ffb-a65a-2fe2184dbe3e.jpg?v=1757056453,https://cdn.shopify.com/s/files/1/0805/4777/4752/files/DNK000108_R1.jpg?v=1757056453,DNK000108_R2_a3257fd2-4da4-4ffb-a65a-2fe2184dbe3e.jpg
Edged In Shimmer Diamond Necklace,14 KT / Rose Gold,14K,17.88,4.51,313409.0,50532190421280,https://cdn.shopify.com/s/files/1/0805/4777/4752/files/DNK000108_R2_a3257fd2-4da4-4ffb-a65a-2fe2184dbe3e.jpg?v=1757056453,https://cdn.shopify.com/s/files/1/0805/4777/4752/files/DNK000108_R1.jpg?v=1757056453,DNK000108_R2_a3257fd2-4da4-4ffb-a65a-2fe2184dbe3e.jpg
Edged In Shimmer Diamond Necklace,18 KT / Rose Gold,18K,21.03,4.51,399999.0,50532190519584,https://cdn.shopify.com/s/files/1/0805/4777/4752/files/DNK000108_R2_a3257fd2-4da4-4ffb-a65a-2fe2184dbe3e.jpg?v=1757056453,https://cdn.shopify.com/s/files/1/0805/4777/4752/files/DNK000108_R1.jpg?v=1757056453,DNK000108_R2_a3257fd2-4da4-4ffb-a65a-2fe2184dbe3e.jpg
Luxe Epilogue Y Diamond Necklace,9 KT / Yellow Gold,9K,22.05,19.438,977456.0,50751789891872,https://cdn.shopify.com/s/files/1/0805/4777/4752/files/DNK000133_Y2_f82a0994-2f91-4422-ab02-ba3cc1bc8e08.jpg?v=1757061376,https://cdn.shopify.com/s/files/1/0805/4777/4752/files/DNK000133_Y1.jpg?v=1757061376,DNK000133_Y2_f82a0994-2f91-4422-ab02-ba3cc1bc8e08.jpg
Luxe Epilogue Y Diamond Necklace,14 KT / Yellow Gold,14K,24.99,19.438,1079711.0,50532190126368,https://cdn.shopify.com/s/files/1/0805/4777/4752/files/DNK000133_Y2_f82a0994-2f91-4422-ab02-ba3cc1bc8e08.jpg?v=1757061376,https://cdn.shopify.com/s/files/1/0805/4777/4752/files/DNK000133_Y1.jpg?v=1757061376,DNK000133_Y2_f82a0994-2f91-4422-ab02-ba3cc1bc8e08.jpg
Luxe Epilogue Y Diamond Necklace,18 KT / Yellow Gold,18K,29.4,19.438,1200823.0,50532190224672,https://cdn.shopify.com/s/files/1/0805/4777/4752/files/DNK000133_Y2_f82a0994-2f91-4422-ab02-ba3cc1bc8e08.jpg?v=1757061376,https://cdn.shopify.com/s/files/1/0805/4777/4752/files/DNK000133_Y1.jpg?v=1757061376,DNK000133_Y2_f82a0994-2f91-4422-ab02-ba3cc1bc8e08.jpg
Descending Silhouette Diamond Necklace,9 KT / White Gold,9K,20.36,14.27,604449.0,50751790154016,https://cdn.shopify.com/s/files/1/0805/4777/4752/files/DNK000134_W2_d12e06f0-7ec5-4cc3-ab3d-e9cec1932296.jpg?v=1757074742,https://cdn.shopify.com/s/files/1/0805/4777/4752/files/DNK000134_W1_1bbc5f29-b7dd-4026-b921-ed41e8c39d49.jpg?v=1757074742,DNK000134_W2_d12e06f0-7ec5-4cc3-ab3d-e9cec1932296.jpg
Descending Silhouette Diamond Necklace,14 KT / White Gold,14K,23.08,14.27,698918.0,50532189896992,https://cdn.shopify.com/s/files/1/0805/4777/4752/files/DNK000134_W2_d12e06f0-7ec5-4cc3-ab3d-e9cec1932296.jpg?v=1757074742,https://cdn.shopify.com/s/files/1/0805/4777/4752/files/DNK000134_W1_1bbc5f29-b7dd-4026-b921-ed41e8c39d49.jpg?v=1757074742,DNK000134_W2_d12e06f0-7ec5-4cc3-ab3d-e9cec1932296.jpg
Descending Silhouette Diamond Necklace,18 KT / White Gold,18K,27.15,14.27,810738.0,50532189995296,https://cdn.shopify.com/s/files/1/0805/4777/4752/files/DNK000134_W2_d12e06f0-7ec5-4cc3-ab3d-e9cec1932296.jpg?v=1757074742,https://cdn.shopify.com/s/files/1/0805/4777/4752/files/DNK000134_W1_1bbc5f29-b7dd-4026-b921-ed41e8c39d49.jpg?v=1757074742,DNK000134_W2_d12e06f0-7ec5-4cc3-ab3d-e9cec1932296.jpg
Stellar Drift Diamond Necklace,9 KT / Rose Gold,9K,15.38,4.83,245768.0,50751790547232,https://cdn.shopify.com/s/files/1/0805/4777/4752/files/DNK000107_R2_80e741b4-9a1b-4edb-90e0-c6b92072d82a.jpg?v=1757062416,https://cdn.shopify.com/s/files/1/0805/4777/4752/files/DNK000107_R1_dca8d843-e39b-4c3d-a5dc-b603e247c9f8.jpg?v=1757062416,DNK000107_R2_80e741b4-9a1b-4edb-90e0-c6b92072d82a.jpg
Stellar Drift Diamond Necklace,14 KT / Rose Gold,14K,17.43,4.83,317085.0,50532189503776,https://cdn.shopify.com/s/files/1/0805/4777/4752/files/DNK000107_R2_80e741b4-9a1b-4edb-90e0-c6b92072d82a.jpg?v=1757062416,https://cdn.shopify.com/s/files/1/0805/4777/4752/files/DNK000107_R1_dca8d843-e39b-4c3d-a5dc-b603e247c9f8.jpg?v=1757062416,DNK000107_R2_80e741b4-9a1b-4edb-90e0-c6b92072d82a.jpg
Stellar Drift Diamond Necklace,18 KT / Rose Gold,18K,20.5,4.83,401487.0,50532189602080,https://cdn.shopify.com/s/files/1/0805/4777/4752/files/DNK000107_R2_80e741b4-9a1b-4edb-90e0-c6b92072d82a.jpg?v=1757062416,https://cdn.shopify.com/s/files/1/0805/4777/4752/files/DNK000107_R1_dca8d843-e39b-4c3d-a5dc-b603e247c9f8.jpg?v=1757062416,DNK000107_R2_80e741b4-9a1b-4edb-90e0-c6b92072d82a.jpg
Primeline Diamond Necklace,9 KT / Rose Gold,9K,18.23,11.002,441079.0,50751790809376,https://cdn.shopify.com/s/files/1/0805/4777/4752/files/DNK000138_R2_689a9cab-5c83-45bd-ab5d-a026b8c5fdc1.jpg?v=1757063252,https://cdn.shopify.com/s/files/1/0805/4777/4752/files/DNK000138_R1_312f3f6a-2ec4-4b73-9b8a-6f4479b23afb.jpg?v=1757063252,DNK000138_R2_689a9cab-5c83-45bd-ab5d-a026b8c5fdc1.jpg
Primeline Diamond Necklace,14 KT / Rose Gold,14K,20.66,11.002,525613.0,50532189143328,https://cdn.shopify.com/s/files/1/0805/4777/4752/files/DNK000138_R2_689a9cab-5c83-45bd-ab5d-a026b8c5fdc1.jpg?v=1757063252,https://cdn.shopify.com/s/files/1/0805/4777/4752/files/DNK000138_R1_312f3f6a-2ec4-4b73-9b8a-6f4479b23afb.jpg?v=1757063252,DNK000138_R2_689a9cab-5c83-45bd-ab5d-a026b8c5fdc1.jpg
Primeline Diamond Necklace,18 KT / Rose Gold,18K,24.3,11.002,625669.0,50532189241632,https://cdn.shopify.com/s/files/1/0805/4777/4752/files/DNK000138_R2_689a9cab-5c83-45bd-ab5d-a026b8c5fdc1.jpg?v=1757063252,https://cdn.shopify.com/s/files/1/0805/4777/4752/files/DNK000138_R1_312f3f6a-2ec4-4b73-9b8a-6f4479b23afb.jpg?v=1757063252,DNK000138_R2_689a9cab-5c83-45bd-ab5d-a026b8c5fdc1.jpg
Closing Note of Brilliance Diamond Necklace,9 KT / Rose Gold,9K,18.38,4.53,260572.0,50751791202592,https://cdn.shopify.com/s/files/1/0805/4777/4752/files/DNK000130_R2_7c78e6ce-20e7-4e42-abd7-4e36b86ec5eb.jpg?v=1757063917,https://cdn.shopify.com/s/files/1/0805/4777/4752/files/DNK000130_R1_e13383ac-068d-4296-b733-74b5eb930245.jpg?v=1757063917,DNK000130_R2_7c78e6ce-20e7-4e42-abd7-4e36b86ec5eb.jpg
Closing Note of Brilliance Diamond Necklace,14 KT / Rose Gold,14K,20.83,4.53,345802.0,50532188782880,https://cdn.shopify.com/s/files/1/0805/4777/4752/files/DNK000130_R2_7c78e6ce-20e7-4e42-abd7-4e36b86ec5eb.jpg?v=1757063917,https://cdn.shopify.com/s/files/1/0805/4777/4752/files/DNK000130_R1_e13383ac-068d-4296-b733-74b5eb930245.jpg?v=1757063917,DNK000130_R2_7c78e6ce-20e7-4e42-abd7-4e36b86ec5eb.jpg
Closing Note of Brilliance Diamond Necklace,18 KT / Rose Gold,18K,24.5,4.53,446681.0,50532188881184,https://cdn.shopify.com/s/files/1/0805/4777/4752/files/DNK000130_R2_7c78e6ce-20e7-4e42-abd7-4e36b86ec5eb.jpg?v=1757063917,https://cdn.shopify.com/s/files/1/0805/4777/4752/files/DNK000130_R1_e13383ac-068d-4296-b733-74b5eb930245.jpg?v=1757063917,DNK000130_R2_7c78e6ce-20e7-4e42-abd7-4e36b86ec5eb.jpg
Celestial Motion Diamond Necklace,9 KT / Rose Gold,9K,7.13,10.78,341776.0,50751792382240,https://cdn.shopify.com/s/files/1/0805/4777/4752/files/DNK000121_R2_43d44dd1-1821-4beb-9f4f-5fc2d03c7888.jpg?v=1757064346,https://cdn.shopify.com/s/files/1/0805/4777/4752/files/DNK000121_R1_dfe1f074-e3f7-4f27-a5af-1b4012aa164f.jpg?v=1757064346,DNK000121_R2_43d44dd1-1821-4beb-9f4f-5fc2d03c7888.jpg
Celestial Motion Diamond Necklace,14 KT / Rose Gold,14K,8.08,10.78,374834.0,50532188422432,https://cdn.shopify.com/s/files/1/0805/4777/4752/files/DNK000121_R2_43d44dd1-1821-4beb-9f4f-5fc2d03c7888.jpg?v=1757064346,https://cdn.shopify.com/s/files/1/0805/4777/4752/files/DNK000121_R1_dfe1f074-e3f7-4f27-a5af-1b4012aa164f.jpg?v=1757064346,DNK000121_R2_43d44dd1-1821-4beb-9f4f-5fc2d03c7888.jpg
Celestial Motion Diamond Necklace,18 KT / Rose Gold,18K,9.5,10.78,413922.0,50532188520736,https://cdn.shopify.com/s/files/1/0805/4777/4752/files/DNK000121_R2_43d44dd1-1821-4beb-9f4f-5fc2d03c7888.jpg?v=1757064346,https://cdn.shopify.com/s/files/1/0805/4777/4752/files/DNK000121_R1_dfe1f074-e3f7-4f27-a5af-1b4012aa164f.jpg?v=1757064346,DNK000121_R2_43d44dd1-1821-4beb-9f4f-5fc2d03c7888.jpg
Towards Gravity Diamond Necklace,9 KT / Yellow Gold,9K,9.75,4.513,194517.0,50751792972064,https://cdn.shopify.com/s/files/1/0805/4777/4752/files/DNK000110_Y2_9247301c-03d0-408a-9a20-2bdb24a58cfc.jpg?v=1757065030,https://cdn.shopify.com/s/files/1/0805/4777/4752/files/DNK000110_Y1.jpg?v=1757065030,DNK000110_Y2_9247301c-03d0-408a-9a20-2bdb24a58cfc.jpg
Towards Gravity Diamond Necklace,14 KT / Yellow Gold,14K,11.05,4.513,239732.0,50532188061984,https://cdn.shopify.com/s/files/1/0805/4777/4752/files/DNK000110_Y2_9247301c-03d0-408a-9a20-2bdb24a58cfc.jpg?v=1757065030,https://cdn.shopify.com/s/files/1/0805/4777/4752/files/DNK000110_Y1.jpg?v=1757065030,DNK000110_Y2_9247301c-03d0-408a-9a20-2bdb24a58cfc.jpg
Towards Gravity Diamond Necklace,18 KT / Yellow Gold,18K,13.0,4.513,293285.0,50532188160288,https://cdn.shopify.com/s/files/1/0805/4777/4752/files/DNK000110_Y2_9247301c-03d0-408a-9a20-2bdb24a58cfc.jpg?v=1757065030,https://cdn.shopify.com/s/files/1/0805/4777/4752/files/DNK000110_Y1.jpg?v=1757065030,DNK000110_Y2_9247301c-03d0-408a-9a20-2bdb24a58cfc.jpg
Triangle Shaped Brilliant Diamond Necklace,9 KT / Yellow Gold,9K,5.25,2.14,97002.0,50751793266976,https://cdn.shopify.com/s/files/1/0805/4777/4752/files/DNK000101_Y2_c8cfd4d1-97bd-48aa-ba88-3593d085b74d.jpg?v=1757065462,https://cdn.shopify.com/s/files/1/0805/4777/4752/files/DNK000101_Y1_ad76b1ba-a040-47ec-80fa-a7ba40550e11.jpg?v=1757065462,DNK000101_Y2_c8cfd4d1-97bd-48aa-ba88-3593d085b74d.jpg
Triangle Shaped Brilliant Diamond Necklace,14 KT / Yellow Gold,14K,5.95,2.14,121348.0,50532187701536,https://cdn.shopify.com/s/files/1/0805/4777/4752/files/DNK000101_Y2_c8cfd4d1-97bd-48aa-ba88-3593d085b74d.jpg?v=1757065462,https://cdn.shopify.com/s/files/1/0805/4777/4752/files/DNK000101_Y1_ad76b1ba-a040-47ec-80fa-a7ba40550e11.jpg?v=1757065462,DNK000101_Y2_c8cfd4d1-97bd-48aa-ba88-3593d085b74d.jpg
Triangle Shaped Brilliant Diamond Necklace,18 KT / Yellow Gold,18K,7.0,2.14,150184.0,50532187799840,https://cdn.shopify.com/s/files/1/0805/4777/4752/files/DNK000101_Y2_c8cfd4d1-97bd-48aa-ba88-3593d085b74d.jpg?v=1757065462,https://cdn.shopify.com/s/files/1/0805/4777/4752/files/DNK000101_Y1_ad76b1ba-a040-47ec-80fa-a7ba40550e11.jpg?v=1757065462,DNK000101_Y2_c8cfd4d1-97bd-48aa-ba88-3593d085b74d.jpg
Singula Diamond Necklace,9 KT / Yellow Gold,9K,11.18,13.18,572643.0,50751793463584,https://cdn.shopify.com/s/files/1/0805/4777/4752/files/DNK000131_Y2_5df0fabc-ad90-46a6-82a0-e270412e5a53.jpg?v=1757076461,https://cdn.shopify.com/s/files/1/0805/4777/4752/files/DNK000131_Y1_52709c86-ed8e-4fe1-91a9-9e7198be6632.jpg?v=1757076461,DNK000131_Y2_5df0fabc-ad90-46a6-82a0-e270412e5a53.jpg
Singula Diamond Necklace,14 KT / Yellow Gold,14K,12.67,13.18,624483.0,50532187341088,https://cdn.shopify.com/s/files/1/0805/4777/4752/files/DNK000131_Y2_5df0fabc-ad90-46a6-82a0-e270412e5a53.jpg?v=1757076461,https://cdn.shopify.com/s/files/1/0805/4777/4752/files/DNK000131_Y1_52709c86-ed8e-4fe1-91a9-9e7198be6632.jpg?v=1757076461,DNK000131_Y2_5df0fabc-ad90-46a6-82a0-e270412e5a53.jpg
Singula Diamond Necklace,18 KT / Yellow Gold,18K,14.9,13.18,685816.0,50532187439392,https://cdn.shopify.com/s/files/1/0805/4777/4752/files/DNK000131_Y2_5df0fabc-ad90-46a6-82a0-e270412e5a53.jpg?v=1757076461,https://cdn.shopify.com/s/files/1/0805/4777/4752/files/DNK000131_Y1_52709c86-ed8e-4fe1-91a9-9e7198be6632.jpg?v=1757076461,DNK000131_Y2_5df0fabc-ad90-46a6-82a0-e270412e5a53.jpg
Dangling Coin Diamond Charm Necklace,9 KT / Rose Gold,9K,8.63,4.72,225968.0,50751793627424,https://cdn.shopify.com/s/files/1/0805/4777/4752/files/DNK000128_R4.jpg?v=1757077199,https://cdn.shopify.com/s/files/1/0805/4777/4752/files/DNK000128_R2_104105b5-6f67-4c9c-9698-f5e6fa861124.jpg?v=1757077199,DNK000128_R4.jpg
Dangling Coin Diamond Charm Necklace,14 KT / Rose Gold,14K,9.78,4.72,265983.0,50532186915104,https://cdn.shopify.com/s/files/1/0805/4777/4752/files/DNK000128_R4.jpg?v=1757077199,https://cdn.shopify.com/s/files/1/0805/4777/4752/files/DNK000128_R2_104105b5-6f67-4c9c-9698-f5e6fa861124.jpg?v=1757077199,DNK000128_R4.jpg
Dangling Coin Diamond Charm Necklace,18 KT / Rose Gold,18K,11.5,4.72,313310.0,50532187013408,https://cdn.shopify.com/s/files/1/0805/4777/4752/files/DNK000128_R4.jpg?v=1757077199,https://cdn.shopify.com/s/files/1/0805/4777/4752/files/DNK000128_R2_104105b5-6f67-4c9c-9698-f5e6fa861124.jpg?v=1757077199,DNK000128_R4.jpg
Twilight Line Diamond Necklace,9 KT / Rose Gold,9K,7.65,5.7,210217.0,50751794577696,https://cdn.shopify.com/s/files/1/0805/4777/4752/files/DNK000124_R2_bc7541e0-8b1a-44f7-9eec-d0036bf576b5.jpg?v=1757077757,https://cdn.shopify.com/s/files/1/0805/4777/4752/files/DNK000124_R1_c8d254ee-a8c9-409c-863b-3170df04d3fe.jpg?v=1757077757,DNK000124_R2_bc7541e0-8b1a-44f7-9eec-d0036bf576b5.jpg
Twilight Line Diamond Necklace,14 KT / Rose Gold,14K,8.67,5.7,245694.0,50532186554656,https://cdn.shopify.com/s/files/1/0805/4777/4752/files/DNK000124_R2_bc7541e0-8b1a-44f7-9eec-d0036bf576b5.jpg?v=1757077757,https://cdn.shopify.com/s/files/1/0805/4777/4752/files/DNK000124_R1_c8d254ee-a8c9-409c-863b-3170df04d3fe.jpg?v=1757077757,DNK000124_R2_bc7541e0-8b1a-44f7-9eec-d0036bf576b5.jpg
Twilight Line Diamond Necklace,18 KT / Rose Gold,18K,10.2,5.7,287712.0,50532186652960,https://cdn.shopify.com/s/files/1/0805/4777/4752/files/DNK000124_R2_bc7541e0-8b1a-44f7-9eec-d0036bf576b5.jpg?v=1757077757,https://cdn.shopify.com/s/files/1/0805/4777/4752/files/DNK000124_R1_c8d254ee-a8c9-409c-863b-3170df04d3fe.jpg?v=1757077757,DNK000124_R2_bc7541e0-8b1a-44f7-9eec-d0036bf576b5.jpg
Gradiant Diamond Collar Necklace,9 KT / White Gold,9K,6.0,3.24,132048.0,50751794741536,https://cdn.shopify.com/s/files/1/0805/4777/4752/files/DNK000096_W2_689c085b-d6ea-4df7-8b63-c425f722707a.jpg?v=1757306615,https://cdn.shopify.com/s/files/1/0805/4777/4752/files/DNK000096_W1_49213638-4ee4-414a-a9b7-606f4bd4715e.jpg?v=1757306615,DNK000096_W2_689c085b-d6ea-4df7-8b63-c425f722707a.jpg
Gradiant Diamond Collar Necklace,14 KT / White Gold,14K,6.8,3.24,159873.0,50532186226976,https://cdn.shopify.com/s/files/1/0805/4777/4752/files/DNK000096_W2_689c085b-d6ea-4df7-8b63-c425f722707a.jpg?v=1757306615,https://cdn.shopify.com/s/files/1/0805/4777/4752/files/DNK000096_W1_49213638-4ee4-414a-a9b7-606f4bd4715e.jpg?v=1757306615,DNK000096_W2_689c085b-d6ea-4df7-8b63-c425f722707a.jpg
Gradiant Diamond Collar Necklace,18 KT / White Gold,18K,8.0,3.24,192828.0,50532186325280,https://cdn.shopify.com/s/files/1/0805/4777/4752/files/DNK000096_W2_689c085b-d6ea-4df7-8b63-c425f722707a.jpg?v=1757306615,https://cdn.shopify.com/s/files/1/0805/4777/4752/files/DNK000096_W1_49213638-4ee4-414a-a9b7-606f4bd4715e.jpg?v=1757306615,DNK000096_W2_689c085b-d6ea-4df7-8b63-c425f722707a.jpg
Luminaire Diamond Necklace,9 KT / Yellow Gold,9K,14.63,6.41,282215.0,50751794970912,https://cdn.shopify.com/s/files/1/0805/4777/4752/files/DNK000106_Y2_9776691b-8069-4c4f-ba4f-108eaaface2a.jpg?v=1757308089,https://cdn.shopify.com/s/files/1/0805/4777/4752/files/DNK000106_Y1_5c6f9ef6-5e16-4d77-aae0-0408bcc77f2e.jpg?v=1757308089,DNK000106_Y2_9776691b-8069-4c4f-ba4f-108eaaface2a.jpg
Luminaire Diamond Necklace,14 KT / Yellow Gold,14K,16.58,6.41,350055.0,50532185571616,https://cdn.shopify.com/s/files/1/0805/4777/4752/files/DNK000106_Y2_9776691b-8069-4c4f-ba4f-108eaaface2a.jpg?v=1757308089,https://cdn.shopify.com/s/files/1/0805/4777/4752/files/DNK000106_Y1_5c6f9ef6-5e16-4d77-aae0-0408bcc77f2e.jpg?v=1757308089,DNK000106_Y2_9776691b-8069-4c4f-ba4f-108eaaface2a.jpg
Luminaire Diamond Necklace,18 KT / Yellow Gold,18K,19.5,6.41,430337.0,50532185669920,https://cdn.shopify.com/s/files/1/0805/4777/4752/files/DNK000106_Y2_9776691b-8069-4c4f-ba4f-108eaaface2a.jpg?v=1757308089,https://cdn.shopify.com/s/files/1/0805/4777/4752/files/DNK000106_Y1_5c6f9ef6-5e16-4d77-aae0-0408bcc77f2e.jpg?v=1757308089,DNK000106_Y2_9776691b-8069-4c4f-ba4f-108eaaface2a.jpg
Soft Circular Motifs DIamond Necklace,9 KT / White Gold,9K,7.5,0.44,68756.0,50751795495200,https://cdn.shopify.com/s/files/1/0805/4777/4752/files/DNK000092_W2_61dde506-ab57-4c93-b251-b23711390f42.jpg?v=1757308258,https://cdn.shopify.com/s/files/1/0805/4777/4752/files/DNK000092_W1.jpg?v=1757308258,DNK000092_W2_61dde506-ab57-4c93-b251-b23711390f42.jpg
Soft Circular Motifs DIamond Necklace,14 KT / White Gold,14K,8.5,0.44,103537.0,50532184817952,https://cdn.shopify.com/s/files/1/0805/4777/4752/files/DNK000092_W2_61dde506-ab57-4c93-b251-b23711390f42.jpg?v=1757308258,https://cdn.shopify.com/s/files/1/0805/4777/4752/files/DNK000092_W1.jpg?v=1757308258,DNK000092_W2_61dde506-ab57-4c93-b251-b23711390f42.jpg
Soft Circular Motifs DIamond Necklace,18 KT / White Gold,18K,10.0,0.44,144731.0,50532184916256,https://cdn.shopify.com/s/files/1/0805/4777/4752/files/DNK000092_W2_61dde506-ab57-4c93-b251-b23711390f42.jpg?v=1757308258,https://cdn.shopify.com/s/files/1/0805/4777/4752/files/DNK000092_W1.jpg?v=1757308258,DNK000092_W2_61dde506-ab57-4c93-b251-b23711390f42.jpg
Keynote Y Diamond Necklace,9 KT / Yellow Gold,9K,6.75,0.38,61454.0,50751797526816,https://cdn.shopify.com/s/files/1/0805/4777/4752/files/DNK000091_Y2_75a4e003-1491-482e-a935-1882b005b55d.jpg?v=1757309026,https://cdn.shopify.com/s/files/1/0805/4777/4752/files/DNK000091_Y1.jpg?v=1757309026,DNK000091_Y2_75a4e003-1491-482e-a935-1882b005b55d.jpg
Keynote Y Diamond Necklace,14 KT / Yellow Gold,14K,7.65,0.38,92756.0,50532184490272,https://cdn.shopify.com/s/files/1/0805/4777/4752/files/DNK000091_Y2_75a4e003-1491-482e-a935-1882b005b55d.jpg?v=1757309026,https://cdn.shopify.com/s/files/1/0805/4777/4752/files/DNK000091_Y1.jpg?v=1757309026,DNK000091_Y2_75a4e003-1491-482e-a935-1882b005b55d.jpg
Keynote Y Diamond Necklace,18 KT / Yellow Gold,18K,9.0,0.38,129832.0,50532184588576,https://cdn.shopify.com/s/files/1/0805/4777/4752/files/DNK000091_Y2_75a4e003-1491-482e-a935-1882b005b55d.jpg?v=1757309026,https://cdn.shopify.com/s/files/1/0805/4777/4752/files/DNK000091_Y1.jpg?v=1757309026,DNK000091_Y2_75a4e003-1491-482e-a935-1882b005b55d.jpg
Forever Line Diamond Necklace,9 KT / White Gold,9K,8.1,7.772,268913.0,50751797625120,https://cdn.shopify.com/s/files/1/0805/4777/4752/files/DNK000120_W2_b8996aea-06f5-45a7-aac7-afb9cd3df81c.jpg?v=1757309556,https://cdn.shopify.com/s/files/1/0805/4777/4752/files/DNK000120_W1_df7e3437-1d11-4cda-9352-823b59c438b7.jpg?v=1757309556,DNK000120_W2_b8996aea-06f5-45a7-aac7-afb9cd3df81c.jpg
Forever Line Diamond Necklace,14 KT / White Gold,14K,9.18,7.772,306477.0,50532184097056,https://cdn.shopify.com/s/files/1/0805/4777/4752/files/DNK000120_W2_b8996aea-06f5-45a7-aac7-afb9cd3df81c.jpg?v=1757309556,https://cdn.shopify.com/s/files/1/0805/4777/4752/files/DNK000120_W1_df7e3437-1d11-4cda-9352-823b59c438b7.jpg?v=1757309556,DNK000120_W2_b8996aea-06f5-45a7-aac7-afb9cd3df81c.jpg
Forever Line Diamond Necklace,18 KT / White Gold,18K,10.8,7.772,350967.0,50532184195360,https://cdn.shopify.com/s/files/1/0805/4777/4752/files/DNK000120_W2_b8996aea-06f5-45a7-aac7-afb9cd3df81c.jpg?v=1757309556,https://cdn.shopify.com/s/files/1/0805/4777/4752/files/DNK000120_W1_df7e3437-1d11-4cda-9352-823b59c438b7.jpg?v=1757309556,DNK000120_W2_b8996aea-06f5-45a7-aac7-afb9cd3df81c.jpg
Dawnline Diamond Necklace,9 KT / Rose Gold,9K,7.5,0.179,61793.0,50751798018336,https://cdn.shopify.com/s/files/1/0805/4777/4752/files/DNK000113_R2_f39ee61f-54c5-45a4-a784-129e2102faa1.jpg?v=1757309876,https://cdn.shopify.com/s/files/1/0805/4777/4752/files/DNK000113_R1.jpg?v=1757309876,DNK000113_R2_f39ee61f-54c5-45a4-a784-129e2102faa1.jpg
Dawnline Diamond Necklace,14 KT / Rose Gold,14K,8.5,0.179,96574.0,50532183703840,https://cdn.shopify.com/s/files/1/0805/4777/4752/files/DNK000113_R2_f39ee61f-54c5-45a4-a784-129e2102faa1.jpg?v=1757309876,https://cdn.shopify.com/s/files/1/0805/4777/4752/files/DNK000113_R1.jpg?v=1757309876,DNK000113_R2_f39ee61f-54c5-45a4-a784-129e2102faa1.jpg
Dawnline Diamond Necklace,18 KT / Rose Gold,18K,10.0,0.179,137769.0,50532183802144,https://cdn.shopify.com/s/files/1/0805/4777/4752/files/DNK000113_R2_f39ee61f-54c5-45a4-a784-129e2102faa1.jpg?v=1757309876,https://cdn.shopify.com/s/files/1/0805/4777/4752/files/DNK000113_R1.jpg?v=1757309876,DNK000113_R2_f39ee61f-54c5-45a4-a784-129e2102faa1.jpg
Orchestal Beauty Diamond Necklace,9 KT / Yellow Gold,9K,4.5,1.29,68624.0,50751798608160,https://cdn.shopify.com/s/files/1/0805/4777/4752/files/DNK000097_Y2_491c9a29-eebd-4c77-964e-a378880ebc54.jpg?v=1757310256,https://cdn.shopify.com/s/files/1/0805/4777/4752/files/DNK000097_Y1_d92db5b5-62cd-4abf-883b-613b6eca02d8.jpg?v=1757310256,DNK000097_Y2_491c9a29-eebd-4c77-964e-a378880ebc54.jpg
Orchestal Beauty Diamond Necklace,14 KT / Yellow Gold,14K,5.1,1.29,89493.0,50532183376160,https://cdn.shopify.com/s/files/1/0805/4777/4752/files/DNK000097_Y2_491c9a29-eebd-4c77-964e-a378880ebc54.jpg?v=1757310256,https://cdn.shopify.com/s/files/1/0805/4777/4752/files/DNK000097_Y1_d92db5b5-62cd-4abf-883b-613b6eca02d8.jpg?v=1757310256,DNK000097_Y2_491c9a29-eebd-4c77-964e-a378880ebc54.jpg
Orchestal Beauty Diamond Necklace,18 KT / Yellow Gold,18K,6.0,1.29,114209.0,50532183474464,https://cdn.shopify.com/s/files/1/0805/4777/4752/files/DNK000097_Y2_491c9a29-eebd-4c77-964e-a378880ebc54.jpg?v=1757310256,https://cdn.shopify.com/s/files/1/0805/4777/4752/files/DNK000097_Y1_d92db5b5-62cd-4abf-883b-613b6eca02d8.jpg?v=1757310256,DNK000097_Y2_491c9a29-eebd-4c77-964e-a378880ebc54.jpg
Scattered With Brilliance Diamond Necklace,9 KT / Yellow Gold,9K,7.65,0.29,65895.0,50751798706464,https://cdn.shopify.com/s/files/1/0805/4777/4752/files/DNK000115_Y2_2a3d4ae1-3bd5-4fb3-86d4-169313ac47a4.jpg?v=1757310446,https://cdn.shopify.com/s/files/1/0805/4777/4752/files/DNK000115_Y1.jpg?v=1757310446,DNK000115_Y2_2a3d4ae1-3bd5-4fb3-86d4-169313ac47a4.jpg
Scattered With Brilliance Diamond Necklace,14 KT / Yellow Gold,14K,8.67,0.29,101371.0,50532183015712,https://cdn.shopify.com/s/files/1/0805/4777/4752/files/DNK000115_Y2_2a3d4ae1-3bd5-4fb3-86d4-169313ac47a4.jpg?v=1757310446,https://cdn.shopify.com/s/files/1/0805/4777/4752/files/DNK000115_Y1.jpg?v=1757310446,DNK000115_Y2_2a3d4ae1-3bd5-4fb3-86d4-169313ac47a4.jpg
Scattered With Brilliance Diamond Necklace,18 KT / Yellow Gold,18K,10.2,0.29,143390.0,50532183114016,https://cdn.shopify.com/s/files/1/0805/4777/4752/files/DNK000115_Y2_2a3d4ae1-3bd5-4fb3-86d4-169313ac47a4.jpg?v=1757310446,https://cdn.shopify.com/s/files/1/0805/4777/4752/files/DNK000115_Y1.jpg?v=1757310446,DNK000115_Y2_2a3d4ae1-3bd5-4fb3-86d4-169313ac47a4.jpg
Uneven Clusters Diamond Necklace,9 KT / Rose Gold,9K,5.25,3.27,148336.0,50751798935840,https://cdn.shopify.com/s/files/1/0805/4777/4752/files/DNK000099_R2_822fb88a-d811-4cdd-bb48-db2e01b97ec7.jpg?v=1757310696,https://cdn.shopify.com/s/files/1/0805/4777/4752/files/DNK000099_R1.jpg?v=1757310696,DNK000099_R2_822fb88a-d811-4cdd-bb48-db2e01b97ec7.jpg
Uneven Clusters Diamond Necklace,14 KT / Rose Gold,14K,5.95,3.27,172682.0,50532182589728,https://cdn.shopify.com/s/files/1/0805/4777/4752/files/DNK000099_R2_822fb88a-d811-4cdd-bb48-db2e01b97ec7.jpg?v=1757310696,https://cdn.shopify.com/s/files/1/0805/4777/4752/files/DNK000099_R1.jpg?v=1757310696,DNK000099_R2_822fb88a-d811-4cdd-bb48-db2e01b97ec7.jpg
Uneven Clusters Diamond Necklace,18 KT / Rose Gold,18K,7.0,3.27,201518.0,50532182688032,https://cdn.shopify.com/s/files/1/0805/4777/4752/files/DNK000099_R2_822fb88a-d811-4cdd-bb48-db2e01b97ec7.jpg?v=1757310696,https://cdn.shopify.com/s/files/1/0805/4777/4752/files/DNK000099_R1.jpg?v=1757310696,DNK000099_R2_822fb88a-d811-4cdd-bb48-db2e01b97ec7.jpg
Perpetual Curve Diamond Necklace,9 KT / Rose Gold,9K,6.0,0.45,57619.0,50751799329056,https://cdn.shopify.com/s/files/1/0805/4777/4752/files/DNK000112_R2_faa43005-1e23-4efe-bda6-a8cc6dff5321.jpg?v=1757310947,https://cdn.shopify.com/s/files/1/0805/4777/4752/files/DNK000112_R1.jpg?v=1757310947,DNK000112_R2_faa43005-1e23-4efe-bda6-a8cc6dff5321.jpg
Perpetual Curve Diamond Necklace,14 KT / Rose Gold,14K,6.8,0.45,85444.0,50532182229280,https://cdn.shopify.com/s/files/1/0805/4777/4752/files/DNK000112_R2_faa43005-1e23-4efe-bda6-a8cc6dff5321.jpg?v=1757310947,https://cdn.shopify.com/s/files/1/0805/4777/4752/files/DNK000112_R1.jpg?v=1757310947,DNK000112_R2_faa43005-1e23-4efe-bda6-a8cc6dff5321.jpg
Perpetual Curve Diamond Necklace,18 KT / Rose Gold,18K,8.0,0.45,118400.0,50532182327584,https://cdn.shopify.com/s/files/1/0805/4777/4752/files/DNK000112_R2_faa43005-1e23-4efe-bda6-a8cc6dff5321.jpg?v=1757310947,https://cdn.shopify.com/s/files/1/0805/4777/4752/files/DNK000112_R1.jpg?v=1757310947,DNK000112_R2_faa43005-1e23-4efe-bda6-a8cc6dff5321.jpg
Patterned Radiance Diamond Necklace,9 KT / Rose Gold,9K,5.06,2.8,113156.0,50751800213792,https://cdn.shopify.com/s/files/1/0805/4777/4752/files/DNK000132_R2_db40988e-ad02-448c-bec6-d3868dcd12bf.jpg?v=1757311242,https://cdn.shopify.com/s/files/1/0805/4777/4752/files/DNK000132_R1_f537b034-a8a1-463f-b0d0-57c8dbf52d74.jpg?v=1757311242,DNK000132_R2_db40988e-ad02-448c-bec6-d3868dcd12bf.jpg
Patterned Radiance Diamond Necklace,14 KT / Rose Gold,14K,5.73,2.8,136578.0,50532181868832,https://cdn.shopify.com/s/files/1/0805/4777/4752/files/DNK000132_R2_db40988e-ad02-448c-bec6-d3868dcd12bf.jpg?v=1757311242,https://cdn.shopify.com/s/files/1/0805/4777/4752/files/DNK000132_R1_f537b034-a8a1-463f-b0d0-57c8dbf52d74.jpg?v=1757311242,DNK000132_R2_db40988e-ad02-448c-bec6-d3868dcd12bf.jpg
Patterned Radiance Diamond Necklace,18 KT / Rose Gold,18K,6.74,2.8,164333.0,50532181967136,https://cdn.shopify.com/s/files/1/0805/4777/4752/files/DNK000132_R2_db40988e-ad02-448c-bec6-d3868dcd12bf.jpg?v=1757311242,https://cdn.shopify.com/s/files/1/0805/4777/4752/files/DNK000132_R1_f537b034-a8a1-463f-b0d0-57c8dbf52d74.jpg?v=1757311242,DNK000132_R2_db40988e-ad02-448c-bec6-d3868dcd12bf.jpg
Two Hearts One Forever Diamond Necklace,9 KT / Yellow Gold,9K,6.75,1.46,109548.0,50751800770848,https://cdn.shopify.com/s/files/1/0805/4777/4752/files/DNK000122_Y2_7e124efb-e983-4d9b-b127-cdec8e1709bd.jpg?v=1757311950,https://cdn.shopify.com/s/files/1/0805/4777/4752/files/DNK000122_Y1.jpg?v=1757311950,DNK000122_Y2_7e124efb-e983-4d9b-b127-cdec8e1709bd.jpg
Two Hearts One Forever Diamond Necklace,14 KT / Yellow Gold,14K,7.65,1.46,140851.0,50532181573920,https://cdn.shopify.com/s/files/1/0805/4777/4752/files/DNK000122_Y2_7e124efb-e983-4d9b-b127-cdec8e1709bd.jpg?v=1757311950,https://cdn.shopify.com/s/files/1/0805/4777/4752/files/DNK000122_Y1.jpg?v=1757311950,DNK000122_Y2_7e124efb-e983-4d9b-b127-cdec8e1709bd.jpg
Two Hearts One Forever Diamond Necklace,18 KT / Yellow Gold,18K,9.0,1.46,177926.0,50532181672224,https://cdn.shopify.com/s/files/1/0805/4777/4752/files/DNK000122_Y2_7e124efb-e983-4d9b-b127-cdec8e1709bd.jpg?v=1757311950,https://cdn.shopify.com/s/files/1/0805/4777/4752/files/DNK000122_Y1.jpg?v=1757311950,DNK000122_Y2_7e124efb-e983-4d9b-b127-cdec8e1709bd.jpg
Infinity Bow Diamond Necklace,9 KT / Yellow Gold,9K,6.0,0.893,69437.0,50751801491744,https://cdn.shopify.com/s/files/1/0805/4777/4752/files/DNK000109_Y2_1c5327e6-73f0-48c8-8944-6a742b0c293d.jpg?v=1757312422,https://cdn.shopify.com/s/files/1/0805/4777/4752/files/DNK000109_Y1.jpg?v=1757312422,DNK000109_Y2_1c5327e6-73f0-48c8-8944-6a742b0c293d.jpg
Infinity Bow Diamond Necklace,14 KT / Yellow Gold,14K,6.8,0.893,97262.0,50532181213472,https://cdn.shopify.com/s/files/1/0805/4777/4752/files/DNK000109_Y2_1c5327e6-73f0-48c8-8944-6a742b0c293d.jpg?v=1757312422,https://cdn.shopify.com/s/files/1/0805/4777/4752/files/DNK000109_Y1.jpg?v=1757312422,DNK000109_Y2_1c5327e6-73f0-48c8-8944-6a742b0c293d.jpg
Infinity Bow Diamond Necklace,18 KT / Yellow Gold,18K,8.0,0.893,130217.0,50532181311776,https://cdn.shopify.com/s/files/1/0805/4777/4752/files/DNK000109_Y2_1c5327e6-73f0-48c8-8944-6a742b0c293d.jpg?v=1757312422,https://cdn.shopify.com/s/files/1/0805/4777/4752/files/DNK000109_Y1.jpg?v=1757312422,DNK000109_Y2_1c5327e6-73f0-48c8-8944-6a742b0c293d.jpg
Asymmetrical Facets Diamond Necklace,9 KT / Rose Gold,9K,4.5,2.8,133259.0,50751801786656,https://cdn.shopify.com/s/files/1/0805/4777/4752/files/DNK000117_R2_126927ea-d55e-4725-aabc-be5974dbd098.jpg?v=1757312742,https://cdn.shopify.com/s/files/1/0805/4777/4752/files/DNK000117_R1.jpg?v=1757312742,DNK000117_R2_126927ea-d55e-4725-aabc-be5974dbd098.jpg
Asymmetrical Facets Diamond Necklace,14 KT / Rose Gold,14K,5.1,2.8,154127.0,50532180951328,https://cdn.shopify.com/s/files/1/0805/4777/4752/files/DNK000117_R2_126927ea-d55e-4725-aabc-be5974dbd098.jpg?v=1757312742,https://cdn.shopify.com/s/files/1/0805/4777/4752/files/DNK000117_R1.jpg?v=1757312742,DNK000117_R2_126927ea-d55e-4725-aabc-be5974dbd098.jpg
Asymmetrical Facets Diamond Necklace,18 KT / Rose Gold,18K,6.0,2.8,178844.0,50532181049632,https://cdn.shopify.com/s/files/1/0805/4777/4752/files/DNK000117_R2_126927ea-d55e-4725-aabc-be5974dbd098.jpg?v=1757312742,https://cdn.shopify.com/s/files/1/0805/4777/4752/files/DNK000117_R1.jpg?v=1757312742,DNK000117_R2_126927ea-d55e-4725-aabc-be5974dbd098.jpg
Twin Layer with Circle Center Diamond Necklace,9 KT / Rose Gold,9K,7.13,0.46,66469.0,50751802573088,https://cdn.shopify.com/s/files/1/0805/4777/4752/files/DNK000125_R2_a4c8bdb3-1072-451d-b91a-997479e668bf.jpg?v=1757313040,https://cdn.shopify.com/s/files/1/0805/4777/4752/files/DNK000125_R1_70db02fb-3dcd-4ab5-80e5-a857b4ff33c6.jpg?v=1757313040,DNK000125_R2_a4c8bdb3-1072-451d-b91a-997479e668bf.jpg
Twin Layer with Circle Center Diamond Necklace,14 KT / Rose Gold,14K,8.08,0.46,99528.0,50532180590880,https://cdn.shopify.com/s/files/1/0805/4777/4752/files/DNK000125_R2_a4c8bdb3-1072-451d-b91a-997479e668bf.jpg?v=1757313040,https://cdn.shopify.com/s/files/1/0805/4777/4752/files/DNK000125_R1_70db02fb-3dcd-4ab5-80e5-a857b4ff33c6.jpg?v=1757313040,DNK000125_R2_a4c8bdb3-1072-451d-b91a-997479e668bf.jpg
Twin Layer with Circle Center Diamond Necklace,18 KT / Rose Gold,18K,9.5,0.46,138615.0,50532180689184,https://cdn.shopify.com/s/files/1/0805/4777/4752/files/DNK000125_R2_a4c8bdb3-1072-451d-b91a-997479e668bf.jpg?v=1757313040,https://cdn.shopify.com/s/files/1/0805/4777/4752/files/DNK000125_R1_70db02fb-3dcd-4ab5-80e5-a857b4ff33c6.jpg?v=1757313040,DNK000125_R2_a4c8bdb3-1072-451d-b91a-997479e668bf.jpg
Empire Line Diamond Necklace,9 KT / White Gold,9K,6.0,5.47,292339.0,50751802704160,https://cdn.shopify.com/s/files/1/0805/4777/4752/files/DNK000111_W2_80ff2990-522a-4e17-aa86-51d310f46388.jpg?v=1757313619,https://cdn.shopify.com/s/files/1/0805/4777/4752/files/DNK000111_W1.jpg?v=1757313619,DNK000111_W2_80ff2990-522a-4e17-aa86-51d310f46388.jpg
Empire Line Diamond Necklace,14 KT / White Gold,14K,6.8,5.47,320163.0,50532180099360,https://cdn.shopify.com/s/files/1/0805/4777/4752/files/DNK000111_W2_80ff2990-522a-4e17-aa86-51d310f46388.jpg?v=1757313619,https://cdn.shopify.com/s/files/1/0805/4777/4752/files/DNK000111_W1.jpg?v=1757313619,DNK000111_W2_80ff2990-522a-4e17-aa86-51d310f46388.jpg
Empire Line Diamond Necklace,18 KT / White Gold,18K,8.0,5.47,353119.0,50532180197664,https://cdn.shopify.com/s/files/1/0805/4777/4752/files/DNK000111_W2_80ff2990-522a-4e17-aa86-51d310f46388.jpg?v=1757313619,https://cdn.shopify.com/s/files/1/0805/4777/4752/files/DNK000111_W1.jpg?v=1757313619,DNK000111_W2_80ff2990-522a-4e17-aa86-51d310f46388.jpg
Lineage of Luxe Diamond Necklace,9 KT / Yellow Gold,9K,5.25,0.88,63389.0,50751802966304,https://cdn.shopify.com/s/files/1/0805/4777/4752/files/DNK000119_Y2_3bc72092-7633-43d5-851c-27ff4c4520ec.jpg?v=1757313840,https://cdn.shopify.com/s/files/1/0805/4777/4752/files/DNK000119_Y1.jpg?v=1757313840,DNK000119_Y2_3bc72092-7633-43d5-851c-27ff4c4520ec.jpg
Lineage of Luxe Diamond Necklace,14 KT / Yellow Gold,14K,5.95,0.88,87735.0,50532179607840,https://cdn.shopify.com/s/files/1/0805/4777/4752/files/DNK000119_Y2_3bc72092-7633-43d5-851c-27ff4c4520ec.jpg?v=1757313840,https://cdn.shopify.com/s/files/1/0805/4777/4752/files/DNK000119_Y1.jpg?v=1757313840,DNK000119_Y2_3bc72092-7633-43d5-851c-27ff4c4520ec.jpg
Lineage of Luxe Diamond Necklace,18 KT / Yellow Gold,18K,7.0,0.88,116571.0,50532179706144,https://cdn.shopify.com/s/files/1/0805/4777/4752/files/DNK000119_Y2_3bc72092-7633-43d5-851c-27ff4c4520ec.jpg?v=1757313840,https://cdn.shopify.com/s/files/1/0805/4777/4752/files/DNK000119_Y1.jpg?v=1757313840,DNK000119_Y2_3bc72092-7633-43d5-851c-27ff4c4520ec.jpg
Red Carpet Baugette Drop Diamond Necklace,9 KT / Yellow Gold,9K,6.08,3.45,197055.0,50751803064608,https://cdn.shopify.com/s/files/1/0805/4777/4752/files/DNK000105_Y2_d85b980a-f329-4773-babd-2fff47cc560b.jpg?v=1757314132,https://cdn.shopify.com/s/files/1/0805/4777/4752/files/DNK000105_Y1.jpg?v=1757314132,DNK000105_Y2_d85b980a-f329-4773-babd-2fff47cc560b.jpg
Red Carpet Baugette Drop Diamond Necklace,14 KT / Yellow Gold,14K,6.89,3.45,225244.0,50532179247392,https://cdn.shopify.com/s/files/1/0805/4777/4752/files/DNK000105_Y2_d85b980a-f329-4773-babd-2fff47cc560b.jpg?v=1757314132,https://cdn.shopify.com/s/files/1/0805/4777/4752/files/DNK000105_Y1.jpg?v=1757314132,DNK000105_Y2_d85b980a-f329-4773-babd-2fff47cc560b.jpg
Red Carpet Baugette Drop Diamond Necklace,18 KT / Yellow Gold,18K,8.1,3.45,258564.0,50532179345696,https://cdn.shopify.com/s/files/1/0805/4777/4752/files/DNK000105_Y2_d85b980a-f329-4773-babd-2fff47cc560b.jpg?v=1757314132,https://cdn.shopify.com/s/files/1/0805/4777/4752/files/DNK000105_Y1.jpg?v=1757314132,DNK000105_Y2_d85b980a-f329-4773-babd-2fff47cc560b.jpg
Modern Empress Diamond Necklace,9 KT / Rose Gold,9K,5.03,1.54,91053.0,50751803228448,https://cdn.shopify.com/s/files/1/0805/4777/4752/files/DNK000098_R2_119a2524-5b56-41e5-a7b5-3b30851523ef.jpg?v=1757315316,https://cdn.shopify.com/s/files/1/0805/4777/4752/files/DNK000098_R1.jpg?v=1757315316,DNK000098_R2_119a2524-5b56-41e5-a7b5-3b30851523ef.jpg
Modern Empress Diamond Necklace,14 KT / Rose Gold,14K,5.7,1.54,114373.0,50532178657568,https://cdn.shopify.com/s/files/1/0805/4777/4752/files/DNK000098_R2_119a2524-5b56-41e5-a7b5-3b30851523ef.jpg?v=1757315316,https://cdn.shopify.com/s/files/1/0805/4777/4752/files/DNK000098_R1.jpg?v=1757315316,DNK000098_R2_119a2524-5b56-41e5-a7b5-3b30851523ef.jpg
Modern Empress Diamond Necklace,18 KT / Rose Gold,18K,6.7,1.54,141926.0,50532178755872,https://cdn.shopify.com/s/files/1/0805/4777/4752/files/DNK000098_R2_119a2524-5b56-41e5-a7b5-3b30851523ef.jpg?v=1757315316,https://cdn.shopify.com/s/files/1/0805/4777/4752/files/DNK000098_R1.jpg?v=1757315316,DNK000098_R2_119a2524-5b56-41e5-a7b5-3b30851523ef.jpg
Double Chain Pear Drop Diamond Necklace,9 KT / Yellow Gold,9K,3.98,0.485,43188.0,50751822561568,https://cdn.shopify.com/s/files/1/0805/4777/4752/files/DNK000127_Y2_a60c2a1a-5653-4a97-8340-c956c683ff00.jpg?v=1757315485,https://cdn.shopify.com/s/files/1/0805/4777/4752/files/DNK000127_Y1.jpg?v=1757315485,DNK000127_Y2_a60c2a1a-5653-4a97-8340-c956c683ff00.jpg
Double Chain Pear Drop Diamond Necklace,14 KT / Yellow Gold,14K,4.51,0.485,61639.0,50532178362656,https://cdn.shopify.com/s/files/1/0805/4777/4752/files/DNK000127_Y2_a60c2a1a-5653-4a97-8340-c956c683ff00.jpg?v=1757315485,https://cdn.shopify.com/s/files/1/0805/4777/4752/files/DNK000127_Y1.jpg?v=1757315485,DNK000127_Y2_a60c2a1a-5653-4a97-8340-c956c683ff00.jpg
Double Chain Pear Drop Diamond Necklace,18 KT / Yellow Gold,18K,5.3,0.485,83425.0,50532178460960,https://cdn.shopify.com/s/files/1/0805/4777/4752/files/DNK000127_Y2_a60c2a1a-5653-4a97-8340-c956c683ff00.jpg?v=1757315485,https://cdn.shopify.com/s/files/1/0805/4777/4752/files/DNK000127_Y1.jpg?v=1757315485,DNK000127_Y2_a60c2a1a-5653-4a97-8340-c956c683ff00.jpg
The Oval Kiss Diamond Necklace,9 KT / Yellow Gold,9K,4.58,1.45,73493.0,50751822364960,https://cdn.shopify.com/s/files/1/0805/4777/4752/files/DNK000093_Y2_6e5cc533-4070-4a67-9ec3-ad7811de10b6.jpg?v=1757315814,https://cdn.shopify.com/s/files/1/0805/4777/4752/files/DNK000093_Y1.jpg?v=1757315814,DNK000093_Y2_6e5cc533-4070-4a67-9ec3-ad7811de10b6.jpg
The Oval Kiss Diamond Necklace,14 KT / Yellow Gold,14K,5.19,1.45,94726.0,50532177838368,https://cdn.shopify.com/s/files/1/0805/4777/4752/files/DNK000093_Y2_6e5cc533-4070-4a67-9ec3-ad7811de10b6.jpg?v=1757315814,https://cdn.shopify.com/s/files/1/0805/4777/4752/files/DNK000093_Y1.jpg?v=1757315814,DNK000093_Y2_6e5cc533-4070-4a67-9ec3-ad7811de10b6.jpg
The Oval Kiss Diamond Necklace,18 KT / Yellow Gold,18K,6.1,1.45,119808.0,50532177936672,https://cdn.shopify.com/s/files/1/0805/4777/4752/files/DNK000093_Y2_6e5cc533-4070-4a67-9ec3-ad7811de10b6.jpg?v=1757315814,https://cdn.shopify.com/s/files/1/0805/4777/4752/files/DNK000093_Y1.jpg?v=1757315814,DNK000093_Y2_6e5cc533-4070-4a67-9ec3-ad7811de10b6.jpg
Chevron V Side Diamond Necklace,9 KT / Yellow Gold,9K,4.13,0.343,40541.0,50751821775136,https://cdn.shopify.com/s/files/1/0805/4777/4752/files/DNK000126_Y2_837c1cf7-411d-456a-b076-75de8d9c338f.jpg?v=1756982441,https://cdn.shopify.com/s/files/1/0805/4777/4752/files/DNK000126_Y1.jpg?v=1756982441,DNK000126_Y2_837c1cf7-411d-456a-b076-75de8d9c338f.jpg
Chevron V Side Diamond Necklace,14 KT / Yellow Gold,14K,4.68,0.343,59687.0,50532177510688,https://cdn.shopify.com/s/files/1/0805/4777/4752/files/DNK000126_Y2_837c1cf7-411d-456a-b076-75de8d9c338f.jpg?v=1756982441,https://cdn.shopify.com/s/files/1/0805/4777/4752/files/DNK000126_Y1.jpg?v=1756982441,DNK000126_Y2_837c1cf7-411d-456a-b076-75de8d9c338f.jpg
Chevron V Side Diamond Necklace,18 KT / Yellow Gold,18K,5.5,0.343,82297.0,50532177608992,https://cdn.shopify.com/s/files/1/0805/4777/4752/files/DNK000126_Y2_837c1cf7-411d-456a-b076-75de8d9c338f.jpg?v=1756982441,https://cdn.shopify.com/s/files/1/0805/4777/4752/files/DNK000126_Y1.jpg?v=1756982441,DNK000126_Y2_837c1cf7-411d-456a-b076-75de8d9c338f.jpg
Double Layered Infinity Diamond Necklace,9 KT / Rose Gold,9K,5.48,0.282,49177.0,50751821185312,https://cdn.shopify.com/s/files/1/0805/4777/4752/files/DNK000095_R2_1641359d-e1a4-4542-a07c-80189842ac33.jpg?v=1757316036,https://cdn.shopify.com/s/files/1/0805/4777/4752/files/DNK000095_R1_62b7eaef-3359-4392-beb8-b04e649d893c.jpg?v=1757316036,DNK000095_R2_1641359d-e1a4-4542-a07c-80189842ac33.jpg
Double Layered Infinity Diamond Necklace,14 KT / Rose Gold,14K,6.21,0.282,74583.0,50532177084704,https://cdn.shopify.com/s/files/1/0805/4777/4752/files/DNK000095_R2_1641359d-e1a4-4542-a07c-80189842ac33.jpg?v=1757316036,https://cdn.shopify.com/s/files/1/0805/4777/4752/files/DNK000095_R1_62b7eaef-3359-4392-beb8-b04e649d893c.jpg?v=1757316036,DNK000095_R2_1641359d-e1a4-4542-a07c-80189842ac33.jpg
Double Layered Infinity Diamond Necklace,18 KT / Rose Gold,18K,7.3,0.282,104608.0,50532177183008,https://cdn.shopify.com/s/files/1/0805/4777/4752/files/DNK000095_R2_1641359d-e1a4-4542-a07c-80189842ac33.jpg?v=1757316036,https://cdn.shopify.com/s/files/1/0805/4777/4752/files/DNK000095_R1_62b7eaef-3359-4392-beb8-b04e649d893c.jpg?v=1757316036,DNK000095_R2_1641359d-e1a4-4542-a07c-80189842ac33.jpg
Dangling Drops Y Diamond Necklace,9 KT / Yellow Gold,9K,4.13,1.6,86269.0,50751819710752,https://cdn.shopify.com/s/files/1/0805/4777/4752/files/DNK000100_Y2_f9394750-78a4-4b74-846a-a73dae61f468.jpg?v=1757316173,https://cdn.shopify.com/s/files/1/0805/4777/4752/files/DNK000100_Y1.jpg?v=1757316173,DNK000100_Y2_f9394750-78a4-4b74-846a-a73dae61f468.jpg
Dangling Drops Y Diamond Necklace,14 KT / Yellow Gold,14K,4.68,1.6,105415.0,50532176789792,https://cdn.shopify.com/s/files/1/0805/4777/4752/files/DNK000100_Y2_f9394750-78a4-4b74-846a-a73dae61f468.jpg?v=1757316173,https://cdn.shopify.com/s/files/1/0805/4777/4752/files/DNK000100_Y1.jpg?v=1757316173,DNK000100_Y2_f9394750-78a4-4b74-846a-a73dae61f468.jpg
Dangling Drops Y Diamond Necklace,18 KT / Yellow Gold,18K,5.5,1.6,128025.0,50532176888096,https://cdn.shopify.com/s/files/1/0805/4777/4752/files/DNK000100_Y2_f9394750-78a4-4b74-846a-a73dae61f468.jpg?v=1757316173,https://cdn.shopify.com/s/files/1/0805/4777/4752/files/DNK000100_Y1.jpg?v=1757316173,DNK000100_Y2_f9394750-78a4-4b74-846a-a73dae61f468.jpg
Heartline Diamond Necklace,9 KT / Yellow Gold,9K,3.83,0.484,42021.0,50751817974048,https://cdn.shopify.com/s/files/1/0805/4777/4752/files/DNK000129_Y2_cea84dcd-f828-4f1c-bca5-137fd5c5b82c.jpg?v=1757316560,https://cdn.shopify.com/s/files/1/0805/4777/4752/files/DNK000129_Y1.jpg?v=1757316560,DNK000129_Y2_cea84dcd-f828-4f1c-bca5-137fd5c5b82c.jpg
Heartline Diamond Necklace,14 KT / Yellow Gold,14K,4.34,0.484,59776.0,50532176429344,https://cdn.shopify.com/s/files/1/0805/4777/4752/files/DNK000129_Y2_cea84dcd-f828-4f1c-bca5-137fd5c5b82c.jpg?v=1757316560,https://cdn.shopify.com/s/files/1/0805/4777/4752/files/DNK000129_Y1.jpg?v=1757316560,DNK000129_Y2_cea84dcd-f828-4f1c-bca5-137fd5c5b82c.jpg
Heartline Diamond Necklace,18 KT / Yellow Gold,18K,5.1,0.484,80738.0,50532176527648,https://cdn.shopify.com/s/files/1/0805/4777/4752/files/DNK000129_Y2_cea84dcd-f828-4f1c-bca5-137fd5c5b82c.jpg?v=1757316560,https://cdn.shopify.com/s/files/1/0805/4777/4752/files/DNK000129_Y1.jpg?v=1757316560,DNK000129_Y2_cea84dcd-f828-4f1c-bca5-137fd5c5b82c.jpg
V Shaped Pear Diamond Necklace,9 KT / Yellow Gold,9K,3.23,0.47,39754.0,50751816433952,https://cdn.shopify.com/s/files/1/0805/4777/4752/files/DNK000114_Y2_a90b6f61-d4d3-4c80-900a-e354cfc23eea.jpg?v=1757321118,https://cdn.shopify.com/s/files/1/0805/4777/4752/files/DNK000114_Y1.jpg?v=1757321118,DNK000114_Y2_a90b6f61-d4d3-4c80-900a-e354cfc23eea.jpg
V Shaped Pear Diamond Necklace,14 KT / Yellow Gold,14K,3.66,0.47,54727.0,50532176068896,https://cdn.shopify.com/s/files/1/0805/4777/4752/files/DNK000114_Y2_a90b6f61-d4d3-4c80-900a-e354cfc23eea.jpg?v=1757321118,https://cdn.shopify.com/s/files/1/0805/4777/4752/files/DNK000114_Y1.jpg?v=1757321118,DNK000114_Y2_a90b6f61-d4d3-4c80-900a-e354cfc23eea.jpg
V Shaped Pear Diamond Necklace,18 KT / Yellow Gold,18K,4.3,0.47,72393.0,50532176167200,https://cdn.shopify.com/s/files/1/0805/4777/4752/files/DNK000114_Y2_a90b6f61-d4d3-4c80-900a-e354cfc23eea.jpg?v=1757321118,https://cdn.shopify.com/s/files/1/0805/4777/4752/files/DNK000114_Y1.jpg?v=1757321118,DNK000114_Y2_a90b6f61-d4d3-4c80-900a-e354cfc23eea.jpg
Evenings With Gravity Diamond Necklace,9 KT / Rose Gold,9K,4.04,1.81,97296.0,50751815811360,https://cdn.shopify.com/s/files/1/0805/4777/4752/files/DNK000104_R2.jpg?v=1757321282,https://cdn.shopify.com/s/files/1/0805/4777/4752/files/DNK000104_R1.jpg?v=1757321282,DNK000104_R2.jpg
Evenings With Gravity Diamond Necklace,14 KT / Rose Gold,14K,4.58,1.81,116044.0,50532175446304,https://cdn.shopify.com/s/files/1/0805/4777/4752/files/DNK000104_R2.jpg?v=1757321282,https://cdn.shopify.com/s/files/1/0805/4777/4752/files/DNK000104_R1.jpg?v=1757321282,DNK000104_R2.jpg
Evenings With Gravity Diamond Necklace,18 KT / Rose Gold,18K,5.39,1.81,138262.0,50532175544608,https://cdn.shopify.com/s/files/1/0805/4777/4752/files/DNK000104_R2.jpg?v=1757321282,https://cdn.shopify.com/s/files/1/0805/4777/4752/files/DNK000104_R1.jpg?v=1757321282,DNK000104_R2.jpg
Sunset Drop Y Diamond Necklace,9 KT / Yellow Gold,9K,3.38,1.14,64789.0,50751815680288,https://cdn.shopify.com/s/files/1/0805/4777/4752/files/DNK000103_Y1.jpg?v=1757321595,https://cdn.shopify.com/s/files/1/0805/4777/4752/files/DNK000103_Y2.jpg?v=1757321595,DNK000103_Y1.jpg
Sunset Drop Y Diamond Necklace,14 KT / Yellow Gold,14K,3.83,1.14,80458.0,50532175118624,https://cdn.shopify.com/s/files/1/0805/4777/4752/files/DNK000103_Y1.jpg?v=1757321595,https://cdn.shopify.com/s/files/1/0805/4777/4752/files/DNK000103_Y2.jpg?v=1757321595,DNK000103_Y1.jpg
Sunset Drop Y Diamond Necklace,18 KT / Yellow Gold,18K,4.5,1.14,98948.0,50532175216928,https://cdn.shopify.com/s/files/1/0805/4777/4752/files/DNK000103_Y1.jpg?v=1757321595,https://cdn.shopify.com/s/files/1/0805/4777/4752/files/DNK000103_Y2.jpg?v=1757321595,DNK000103_Y1.jpg
Twin Drop Strands Diamond Necklace,9 KT / White Gold,9K,2.93,0.66,43457.0,50751824232736,https://cdn.shopify.com/s/files/1/0805/4777/4752/files/DNK000102_W2.jpg?v=1756981838,https://cdn.shopify.com/s/files/1/0805/4777/4752/files/DNK000102_W1.jpg?v=1756981838,DNK000102_W2.jpg
Twin Drop Strands Diamond Necklace,14 KT / White Gold,14K,3.32,0.66,57038.0,50532174692640,https://cdn.shopify.com/s/files/1/0805/4777/4752/files/DNK000102_W2.jpg?v=1756981838,https://cdn.shopify.com/s/files/1/0805/4777/4752/files/DNK000102_W1.jpg?v=1756981838,DNK000102_W2.jpg
Twin Drop Strands Diamond Necklace,18 KT / White Gold,18K,3.9,0.66,73057.0,50532174790944,https://cdn.shopify.com/s/files/1/0805/4777/4752/files/DNK000102_W2.jpg?v=1756981838,https://cdn.shopify.com/s/files/1/0805/4777/4752/files/DNK000102_W1.jpg?v=1756981838,DNK000102_W2.jpg
Double Layer Y Diamond Necklace,9 KT / Rose Gold,9K,4.13,1.714,100895.0,50751824429344,https://cdn.shopify.com/s/files/1/0805/4777/4752/files/DNK000116_R2_5a4183a6-de02-4ed4-a728-c7d77c42bb64.jpg?v=1757321957,https://cdn.shopify.com/s/files/1/0805/4777/4752/files/DNK000116_R2_ea90429b-098f-4541-a516-9fe9ae38a22d.jpg?v=1757321957,DNK000116_R2_5a4183a6-de02-4ed4-a728-c7d77c42bb64.jpg
Double Layer Y Diamond Necklace,14 KT / Rose Gold,14K,4.68,1.714,120042.0,50532174299424,https://cdn.shopify.com/s/files/1/0805/4777/4752/files/DNK000116_R2_5a4183a6-de02-4ed4-a728-c7d77c42bb64.jpg?v=1757321957,https://cdn.shopify.com/s/files/1/0805/4777/4752/files/DNK000116_R2_ea90429b-098f-4541-a516-9fe9ae38a22d.jpg?v=1757321957,DNK000116_R2_5a4183a6-de02-4ed4-a728-c7d77c42bb64.jpg
Double Layer Y Diamond Necklace,18 KT / Rose Gold,18K,5.5,1.714,142651.0,50532174397728,https://cdn.shopify.com/s/files/1/0805/4777/4752/files/DNK000116_R2_5a4183a6-de02-4ed4-a728-c7d77c42bb64.jpg?v=1757321957,https://cdn.shopify.com/s/files/1/0805/4777/4752/files/DNK000116_R2_ea90429b-098f-4541-a516-9fe9ae38a22d.jpg?v=1757321957,DNK000116_R2_5a4183a6-de02-4ed4-a728-c7d77c42bb64.jpg
The Keepsake Diamond Chain Necklace,9 KT / Yellow Gold,9K,3.86,0.613,45702.0,50738095325472,https://cdn.shopify.com/s/files/1/0805/4777/4752/files/DPN000566_Y2.jpg?v=1762854246,https://cdn.shopify.com/s/files/1/0805/4777/4752/files/DPN000566_Y1.jpg?v=1763636633,DPN000566_Y2.jpg
The Keepsake Diamond Chain Necklace,14 KT / Yellow Gold,14K,4.38,0.613,63653.0,50523775729952,https://cdn.shopify.com/s/files/1/0805/4777/4752/files/DPN000566_Y2.jpg?v=1762854246,https://cdn.shopify.com/s/files/1/0805/4777/4752/files/DPN000566_Y1.jpg?v=1763636633,DPN000566_Y2.jpg
The Keepsake Diamond Chain Necklace,18 KT / Yellow Gold,18K,5.15,0.613,84845.0,50523775861024,https://cdn.shopify.com/s/files/1/0805/4777/4752/files/DPN000566_Y2.jpg?v=1762854246,https://cdn.shopify.com/s/files/1/0805/4777/4752/files/DPN000566_Y1.jpg?v=1763636633,DPN000566_Y2.jpg
Dangling Heart Diamond Chain Necklace,9 KT / Rose Gold,9K,3.94,1.944,81810.0,50738096341280,https://cdn.shopify.com/s/files/1/0805/4777/4752/files/DPN000570_R1.jpg?v=1754659728,https://cdn.shopify.com/s/files/1/0805/4777/4752/files/DPN000570_R2.jpg?v=1767697918,DPN000570_R1.jpg
Dangling Heart Diamond Chain Necklace,14 KT / Rose Gold,14K,4.46,1.944,100031.0,50523774746912,https://cdn.shopify.com/s/files/1/0805/4777/4752/files/DPN000570_R1.jpg?v=1754659728,https://cdn.shopify.com/s/files/1/0805/4777/4752/files/DPN000570_R2.jpg?v=1767697918,DPN000570_R1.jpg
Dangling Heart Diamond Chain Necklace,18 KT / Rose Gold,18K,5.25,1.944,121682.0,50523774845216,https://cdn.shopify.com/s/files/1/0805/4777/4752/files/DPN000570_R1.jpg?v=1754659728,https://cdn.shopify.com/s/files/1/0805/4777/4752/files/DPN000570_R2.jpg?v=1767697918,DPN000570_R1.jpg
Vinefall Diamond Chain Necklace,9 KT / Rose Gold,9K,9.25,14.02,534422.0,50738096832800,https://cdn.shopify.com/s/files/1/0805/4777/4752/files/DPN000563_R2.jpg?v=1762854282,https://cdn.shopify.com/s/files/1/0805/4777/4752/files/DPN000563_R1.jpg?v=1767697873,DPN000563_R2.jpg
Vinefall Diamond Chain Necklace,14 KT / Rose Gold,14K,10.48,14.02,577287.0,50523774157088,https://cdn.shopify.com/s/files/1/0805/4777/4752/files/DPN000563_R2.jpg?v=1762854282,https://cdn.shopify.com/s/files/1/0805/4777/4752/files/DPN000563_R1.jpg?v=1767697873,DPN000563_R2.jpg
Vinefall Diamond Chain Necklace,18 KT / Rose Gold,18K,12.33,14.02,628085.0,50523774255392,https://cdn.shopify.com/s/files/1/0805/4777/4752/files/DPN000563_R2.jpg?v=1762854282,https://cdn.shopify.com/s/files/1/0805/4777/4752/files/DPN000563_R1.jpg?v=1767697873,DPN000563_R2.jpg
Eternal Cross Diamond Chain Necklace,9 KT / Rose Gold,9K,6.19,7.0,287148.0,50738098012448,https://cdn.shopify.com/s/files/1/0805/4777/4752/files/DPN000567_R1.jpg?v=1754659758,https://cdn.shopify.com/s/files/1/0805/4777/4752/files/DPN000567_R2.jpg?v=1767697890,DPN000567_R1.jpg
Eternal Cross Diamond Chain Necklace,14 KT / Rose Gold,14K,7.01,7.0,315804.0,50523772846368,https://cdn.shopify.com/s/files/1/0805/4777/4752/files/DPN000567_R1.jpg?v=1754659758,https://cdn.shopify.com/s/files/1/0805/4777/4752/files/DPN000567_R2.jpg?v=1767697890,DPN000567_R1.jpg
Eternal Cross Diamond Chain Necklace,18 KT / Rose Gold,18K,8.25,7.0,349813.0,50523772944672,https://cdn.shopify.com/s/files/1/0805/4777/4752/files/DPN000567_R1.jpg?v=1754659758,https://cdn.shopify.com/s/files/1/0805/4777/4752/files/DPN000567_R2.jpg?v=1767697890,DPN000567_R1.jpg
Butterfly Infinity Diamond Chain Necklace,9 KT / White Gold,9K,4.54,0.252,41234.0,50738101977376,https://cdn.shopify.com/s/files/1/0805/4777/4752/files/DPN000573_W1.jpg?v=1754659819,https://cdn.shopify.com/s/files/1/0805/4777/4752/files/DPN000573_W2.jpg?v=1754659819,DPN000573_W1.jpg
Butterfly Infinity Diamond Chain Necklace,14 KT / White Gold,14K,5.14,0.252,62237.0,50523771568416,https://cdn.shopify.com/s/files/1/0805/4777/4752/files/DPN000573_W1.jpg?v=1754659819,https://cdn.shopify.com/s/files/1/0805/4777/4752/files/DPN000573_W2.jpg?v=1754659819,DPN000573_W1.jpg
Butterfly Infinity Diamond Chain Necklace,18 KT / White Gold,18K,6.05,0.252,87184.0,50523771666720,https://cdn.shopify.com/s/files/1/0805/4777/4752/files/DPN000573_W1.jpg?v=1754659819,https://cdn.shopify.com/s/files/1/0805/4777/4752/files/DPN000573_W2.jpg?v=1754659819,DPN000573_W1.jpg
Fancy Wreath Diamond Chain Necklace,9 KT / Rose Gold,9K,3.84,1.7,74544.0,50738104926496,https://cdn.shopify.com/s/files/1/0805/4777/4752/files/DPN000565_R1.jpg?v=1754659862,https://cdn.shopify.com/s/files/1/0805/4777/4752/files/DPN000565_R2.jpg?v=1763636627,DPN000565_R1.jpg
Fancy Wreath Diamond Chain Necklace,14 KT / Rose Gold,14K,4.35,1.7,92333.0,50523770290464,https://cdn.shopify.com/s/files/1/0805/4777/4752/files/DPN000565_R1.jpg?v=1754659862,https://cdn.shopify.com/s/files/1/0805/4777/4752/files/DPN000565_R2.jpg?v=1763636627,DPN000565_R1.jpg
Fancy Wreath Diamond Chain Necklace,18 KT / Rose Gold,18K,5.12,1.7,113444.0,50523770388768,https://cdn.shopify.com/s/files/1/0805/4777/4752/files/DPN000565_R1.jpg?v=1754659862,https://cdn.shopify.com/s/files/1/0805/4777/4752/files/DPN000565_R2.jpg?v=1763636627,DPN000565_R1.jpg
Wink of Love Diamond Chain Necklace,9 KT / Yellow Gold,9K,3.47,0.869,58256.0,50738106106144,https://cdn.shopify.com/s/files/1/0805/4777/4752/files/DPN000549_Y1.jpg?v=1754657467,https://cdn.shopify.com/s/files/1/0805/4777/4752/files/DPN000549_Y2.jpg?v=1763636541,DPN000549_Y1.jpg
Wink of Love Diamond Chain Necklace,14 KT / Yellow Gold,14K,3.94,0.869,74417.0,50523770061088,https://cdn.shopify.com/s/files/1/0805/4777/4752/files/DPN000549_Y1.jpg?v=1754657467,https://cdn.shopify.com/s/files/1/0805/4777/4752/files/DPN000549_Y2.jpg?v=1763636541,DPN000549_Y1.jpg
Wink of Love Diamond Chain Necklace,18 KT / Yellow Gold,18K,4.63,0.869,93447.0,50523770159392,https://cdn.shopify.com/s/files/1/0805/4777/4752/files/DPN000549_Y1.jpg?v=1754657467,https://cdn.shopify.com/s/files/1/0805/4777/4752/files/DPN000549_Y2.jpg?v=1763636541,DPN000549_Y1.jpg
Little Lumen Diamond Chain Necklace,9 KT / Yellow Gold,9K,3.64,2.12,108005.0,50738107023648,https://cdn.shopify.com/s/files/1/0805/4777/4752/files/DPN000564_Y1.jpg?v=1754657495,https://cdn.shopify.com/s/files/1/0805/4777/4752/files/DPN000564_Y2.jpg?v=1763636620,DPN000564_Y1.jpg
Little Lumen Diamond Chain Necklace,14 KT / Yellow Gold,14K,4.12,2.12,124835.0,50523769766176,https://cdn.shopify.com/s/files/1/0805/4777/4752/files/DPN000564_Y1.jpg?v=1754657495,https://cdn.shopify.com/s/files/1/0805/4777/4752/files/DPN000564_Y2.jpg?v=1763636620,DPN000564_Y1.jpg
Little Lumen Diamond Chain Necklace,18 KT / Yellow Gold,18K,4.85,2.12,144838.0,50523769864480,https://cdn.shopify.com/s/files/1/0805/4777/4752/files/DPN000564_Y1.jpg?v=1754657495,https://cdn.shopify.com/s/files/1/0805/4777/4752/files/DPN000564_Y2.jpg?v=1763636620,DPN000564_Y1.jpg
Glow Grid Diamond Chain Necklace,9 KT / Rose Gold,9K,3.61,2.01,119362.0,50738108268832,https://cdn.shopify.com/s/files/1/0805/4777/4752/files/DPN000535_R1.jpg?v=1754659916,https://cdn.shopify.com/s/files/1/0805/4777/4752/files/DPN000535_R2.jpg?v=1767697832,DPN000535_R1.jpg
Glow Grid Diamond Chain Necklace,14 KT / Rose Gold,14K,4.09,2.01,136091.0,50523769405728,https://cdn.shopify.com/s/files/1/0805/4777/4752/files/DPN000535_R1.jpg?v=1754659916,https://cdn.shopify.com/s/files/1/0805/4777/4752/files/DPN000535_R2.jpg?v=1767697832,DPN000535_R1.jpg
Glow Grid Diamond Chain Necklace,18 KT / Rose Gold,18K,4.81,2.01,155891.0,50523769504032,https://cdn.shopify.com/s/files/1/0805/4777/4752/files/DPN000535_R1.jpg?v=1754659916,https://cdn.shopify.com/s/files/1/0805/4777/4752/files/DPN000535_R2.jpg?v=1767697832,DPN000535_R1.jpg
Seamless Link Diamond Chain Necklace,9 KT / White Gold,9K,3.29,0.36,34608.0,50738111578400,https://cdn.shopify.com/s/files/1/0805/4777/4752/files/DPN000548_W1.jpg?v=1754659958,https://cdn.shopify.com/s/files/1/0805/4777/4752/files/DPN000548_W2.jpg?v=1771243165,DPN000548_W1.jpg
Seamless Link Diamond Chain Necklace,14 KT / White Gold,14K,3.72,0.36,49783.0,50523768783136,https://cdn.shopify.com/s/files/1/0805/4777/4752/files/DPN000548_W1.jpg?v=1754659958,https://cdn.shopify.com/s/files/1/0805/4777/4752/files/DPN000548_W2.jpg?v=1771243165,DPN000548_W1.jpg
Seamless Link Diamond Chain Necklace,18 KT / White Gold,18K,4.38,0.36,67855.0,50523768881440,https://cdn.shopify.com/s/files/1/0805/4777/4752/files/DPN000548_W1.jpg?v=1754659958,https://cdn.shopify.com/s/files/1/0805/4777/4752/files/DPN000548_W2.jpg?v=1771243165,DPN000548_W1.jpg
Classic Emerald Diamond Chain Necklace,9 KT / Yellow Gold,9K,3.29,1.03,68194.0,50738112200992,https://cdn.shopify.com/s/files/1/0805/4777/4752/files/DPN000539_Y1_b948c7e8-5fb4-4439-a547-a5939aa923e7.jpg?v=1767951503,https://cdn.shopify.com/s/files/1/0805/4777/4752/files/DPN000539_Y2_939c8bc8-925f-423c-aa94-32366da24af8.jpg?v=1767951480,DPN000539_Y1_b948c7e8-5fb4-4439-a547-a5939aa923e7.jpg
Classic Emerald Diamond Chain Necklace,14 KT / Yellow Gold,14K,3.73,1.03,83464.0,50523768226080,https://cdn.shopify.com/s/files/1/0805/4777/4752/files/DPN000539_Y1_b948c7e8-5fb4-4439-a547-a5939aa923e7.jpg?v=1767951503,https://cdn.shopify.com/s/files/1/0805/4777/4752/files/DPN000539_Y2_939c8bc8-925f-423c-aa94-32366da24af8.jpg?v=1767951480,DPN000539_Y1_b948c7e8-5fb4-4439-a547-a5939aa923e7.jpg
Classic Emerald Diamond Chain Necklace,18 KT / Yellow Gold,18K,4.39,1.03,101563.0,50523768324384,https://cdn.shopify.com/s/files/1/0805/4777/4752/files/DPN000539_Y1_b948c7e8-5fb4-4439-a547-a5939aa923e7.jpg?v=1767951503,https://cdn.shopify.com/s/files/1/0805/4777/4752/files/DPN000539_Y2_939c8bc8-925f-423c-aa94-32366da24af8.jpg?v=1767951480,DPN000539_Y1_b948c7e8-5fb4-4439-a547-a5939aa923e7.jpg
Mini Heart Diamond Chain Necklace,9 KT / Yellow Gold,9K,3.94,0.484,42861.0,50738114330912,https://cdn.shopify.com/s/files/1/0805/4777/4752/files/DPN000561_Y2.jpg?v=1762854314,https://cdn.shopify.com/s/files/1/0805/4777/4752/files/DPN000561_Y1.jpg?v=1763636570,DPN000561_Y2.jpg
Mini Heart Diamond Chain Necklace,14 KT / Yellow Gold,14K,4.46,0.484,61083.0,50523767865632,https://cdn.shopify.com/s/files/1/0805/4777/4752/files/DPN000561_Y2.jpg?v=1762854314,https://cdn.shopify.com/s/files/1/0805/4777/4752/files/DPN000561_Y1.jpg?v=1763636570,DPN000561_Y2.jpg
Mini Heart Diamond Chain Necklace,18 KT / Yellow Gold,18K,5.25,0.484,82733.0,50523767996704,https://cdn.shopify.com/s/files/1/0805/4777/4752/files/DPN000561_Y2.jpg?v=1762854314,https://cdn.shopify.com/s/files/1/0805/4777/4752/files/DPN000561_Y1.jpg?v=1763636570,DPN000561_Y2.jpg
Infinity Spark Diamond Chain Necklace,9 KT / Yellow Gold,9K,2.93,0.708,41155.0,50738162958624,https://cdn.shopify.com/s/files/1/0805/4777/4752/files/DPN000571_Y1.jpg?v=1754657516,https://cdn.shopify.com/s/files/1/0805/4777/4752/files/DPN000571_Y2.jpg?v=1767697926,DPN000571_Y1.jpg
Infinity Spark Diamond Chain Necklace,14 KT / Yellow Gold,14K,3.32,0.708,54736.0,50523767111968,https://cdn.shopify.com/s/files/1/0805/4777/4752/files/DPN000571_Y1.jpg?v=1754657516,https://cdn.shopify.com/s/files/1/0805/4777/4752/files/DPN000571_Y2.jpg?v=1767697926,DPN000571_Y1.jpg
Infinity Spark Diamond Chain Necklace,18 KT / Yellow Gold,18K,3.9,0.708,70755.0,50523767210272,https://cdn.shopify.com/s/files/1/0805/4777/4752/files/DPN000571_Y1.jpg?v=1754657516,https://cdn.shopify.com/s/files/1/0805/4777/4752/files/DPN000571_Y2.jpg?v=1767697926,DPN000571_Y1.jpg
Circa Glow Diamond Chain Necklace,9 KT / Rose Gold,9K,2.74,0.105,23628.0,50738167873824,https://cdn.shopify.com/s/files/1/0805/4777/4752/files/DPN000569_R1.jpg?v=1754660076,https://cdn.shopify.com/s/files/1/0805/4777/4752/files/DPN000569_R2.jpg?v=1767697909,DPN000569_R1.jpg
Circa Glow Diamond Chain Necklace,14 KT / Rose Gold,14K,3.1,0.105,36284.0,50523766260000,https://cdn.shopify.com/s/files/1/0805/4777/4752/files/DPN000569_R1.jpg?v=1754660076,https://cdn.shopify.com/s/files/1/0805/4777/4752/files/DPN000569_R2.jpg?v=1767697909,DPN000569_R1.jpg
Circa Glow Diamond Chain Necklace,18 KT / Rose Gold,18K,3.65,0.105,51344.0,50523766358304,https://cdn.shopify.com/s/files/1/0805/4777/4752/files/DPN000569_R1.jpg?v=1754660076,https://cdn.shopify.com/s/files/1/0805/4777/4752/files/DPN000569_R2.jpg?v=1767697909,DPN000569_R1.jpg
Heartline Diamond Chain Necklace,9 KT / Yellow Gold,9K,2.94,0.38,32488.0,50738171314464,https://cdn.shopify.com/s/files/1/0805/4777/4752/files/DPN000562_Y1.jpg?v=1754657492,https://cdn.shopify.com/s/files/1/0805/4777/4752/files/DPN000562_Y2.jpg?v=1763636575,DPN000562_Y1.jpg
Heartline Diamond Chain Necklace,14 KT / Yellow Gold,14K,3.33,0.38,46104.0,50523765997856,https://cdn.shopify.com/s/files/1/0805/4777/4752/files/DPN000562_Y1.jpg?v=1754657492,https://cdn.shopify.com/s/files/1/0805/4777/4752/files/DPN000562_Y2.jpg?v=1763636575,DPN000562_Y1.jpg
Heartline Diamond Chain Necklace,18 KT / Yellow Gold,18K,3.92,0.38,62271.0,50523766096160,https://cdn.shopify.com/s/files/1/0805/4777/4752/files/DPN000562_Y1.jpg?v=1754657492,https://cdn.shopify.com/s/files/1/0805/4777/4752/files/DPN000562_Y2.jpg?v=1763636575,DPN000562_Y1.jpg
Minimalistic Ode Halo Diamond Chain Necklace,9 KT / Rose Gold,9K,2.72,0.3,28674.0,50738171937056,https://cdn.shopify.com/s/files/1/0805/4777/4752/files/DPN000556_R1.jpg?v=1754660107,https://cdn.shopify.com/s/files/1/0805/4777/4752/files/DPN000556_R2.jpg?v=1771240647,DPN000556_R1.jpg
Minimalistic Ode Halo Diamond Chain Necklace,14 KT / Rose Gold,14K,3.08,0.3,41263.0,50523765637408,https://cdn.shopify.com/s/files/1/0805/4777/4752/files/DPN000556_R1.jpg?v=1754660107,https://cdn.shopify.com/s/files/1/0805/4777/4752/files/DPN000556_R2.jpg?v=1771240647,DPN000556_R1.jpg
Minimalistic Ode Halo Diamond Chain Necklace,18 KT / Rose Gold,18K,3.62,0.3,56147.0,50523765735712,https://cdn.shopify.com/s/files/1/0805/4777/4752/files/DPN000556_R1.jpg?v=1754660107,https://cdn.shopify.com/s/files/1/0805/4777/4752/files/DPN000556_R2.jpg?v=1771240647,DPN000556_R1.jpg
The Little Boat Diamond Chain Necklace,9 KT / Yellow Gold,9K,2.74,0.68,44150.0,50738175410464,https://cdn.shopify.com/s/files/1/0805/4777/4752/files/DPN000533_Y1.jpg?v=1754657418,https://cdn.shopify.com/s/files/1/0805/4777/4752/files/DPN000533_Y2.jpg?v=1763636510,DPN000533_Y1.jpg
The Little Boat Diamond Chain Necklace,14 KT / Yellow Gold,14K,3.1,0.68,56806.0,50523765080352,https://cdn.shopify.com/s/files/1/0805/4777/4752/files/DPN000533_Y1.jpg?v=1754657418,https://cdn.shopify.com/s/files/1/0805/4777/4752/files/DPN000533_Y2.jpg?v=1763636510,DPN000533_Y1.jpg
The Little Boat Diamond Chain Necklace,18 KT / Yellow Gold,18K,3.65,0.68,71866.0,50523765178656,https://cdn.shopify.com/s/files/1/0805/4777/4752/files/DPN000533_Y1.jpg?v=1754657418,https://cdn.shopify.com/s/files/1/0805/4777/4752/files/DPN000533_Y2.jpg?v=1763636510,DPN000533_Y1.jpg
Cupid's Glow Diamond Chain Necklace,9 KT / White Gold,9K,2.65,0.165,24544.0,50738176819488,https://cdn.shopify.com/s/files/1/0805/4777/4752/files/DPN000557_W1.jpg?v=1755688390,https://cdn.shopify.com/s/files/1/0805/4777/4752/files/DPN000557_W2.jpg?v=1763636565,DPN000557_W1.jpg
Cupid's Glow Diamond Chain Necklace,14 KT / White Gold,14K,3.0,0.165,36802.0,50523764785440,https://cdn.shopify.com/s/files/1/0805/4777/4752/files/DPN000557_W1.jpg?v=1755688390,https://cdn.shopify.com/s/files/1/0805/4777/4752/files/DPN000557_W2.jpg?v=1763636565,DPN000557_W1.jpg
Cupid's Glow Diamond Chain Necklace,18 KT / White Gold,18K,3.53,0.165,51348.0,50523764916512,https://cdn.shopify.com/s/files/1/0805/4777/4752/files/DPN000557_W1.jpg?v=1755688390,https://cdn.shopify.com/s/files/1/0805/4777/4752/files/DPN000557_W2.jpg?v=1763636565,DPN000557_W1.jpg
Limelight Heart Diamond Chain Necklace,9 KT / Yellow Gold,9K,2.81,0.37,31237.0,50738179539232,https://cdn.shopify.com/s/files/1/0805/4777/4752/files/DPN000546_Y1.jpg?v=1754657457,https://cdn.shopify.com/s/files/1/0805/4777/4752/files/DPN000546_Y2.jpg?v=1763636528,DPN000546_Y1.jpg
Limelight Heart Diamond Chain Necklace,14 KT / Yellow Gold,14K,3.19,0.37,44319.0,50523764261152,https://cdn.shopify.com/s/files/1/0805/4777/4752/files/DPN000546_Y1.jpg?v=1754657457,https://cdn.shopify.com/s/files/1/0805/4777/4752/files/DPN000546_Y2.jpg?v=1763636528,DPN000546_Y1.jpg
Limelight Heart Diamond Chain Necklace,18 KT / Yellow Gold,18K,3.75,0.37,59743.0,50523764359456,https://cdn.shopify.com/s/files/1/0805/4777/4752/files/DPN000546_Y1.jpg?v=1754657457,https://cdn.shopify.com/s/files/1/0805/4777/4752/files/DPN000546_Y2.jpg?v=1763636528,DPN000546_Y1.jpg
The Connection Diamond Chain Necklace,9 KT / Rose Gold,9K,2.78,0.34,30197.0,50738181177632,https://cdn.shopify.com/s/files/1/0805/4777/4752/files/DPN000550_R1.jpg?v=1755688332,https://cdn.shopify.com/s/files/1/0805/4777/4752/files/DPN000550_R2.jpg?v=1763636548,DPN000550_R1.jpg
The Connection Diamond Chain Necklace,14 KT / Rose Gold,14K,3.15,0.34,43083.0,50523763441952,https://cdn.shopify.com/s/files/1/0805/4777/4752/files/DPN000550_R1.jpg?v=1755688332,https://cdn.shopify.com/s/files/1/0805/4777/4752/files/DPN000550_R2.jpg?v=1763636548,DPN000550_R1.jpg
The Connection Diamond Chain Necklace,18 KT / Rose Gold,18K,3.7,0.34,58278.0,50523763540256,https://cdn.shopify.com/s/files/1/0805/4777/4752/files/DPN000550_R1.jpg?v=1755688332,https://cdn.shopify.com/s/files/1/0805/4777/4752/files/DPN000550_R2.jpg?v=1763636548,DPN000550_R1.jpg
Mini Might Diamond Chain Necklace,9 KT / Rose Gold,9K,2.86,0.92,51541.0,50738181931296,https://cdn.shopify.com/s/files/1/0805/4777/4752/files/DPN000543_R1.jpg?v=1754660307,https://cdn.shopify.com/s/files/1/0805/4777/4752/files/DPN000543_R2.jpg?v=1763636519,DPN000543_R1.jpg
Mini Might Diamond Chain Necklace,14 KT / Rose Gold,14K,3.24,0.92,64792.0,50523763147040,https://cdn.shopify.com/s/files/1/0805/4777/4752/files/DPN000543_R1.jpg?v=1754660307,https://cdn.shopify.com/s/files/1/0805/4777/4752/files/DPN000543_R2.jpg?v=1763636519,DPN000543_R1.jpg
Mini Might Diamond Chain Necklace,18 KT / Rose Gold,18K,3.81,0.92,80473.0,50523763245344,https://cdn.shopify.com/s/files/1/0805/4777/4752/files/DPN000543_R1.jpg?v=1754660307,https://cdn.shopify.com/s/files/1/0805/4777/4752/files/DPN000543_R2.jpg?v=1763636519,DPN000543_R1.jpg
Line Five Diamond Chain Necklace,9 KT / Yellow Gold,9K,2.66,0.26,27151.0,50738184552736,https://cdn.shopify.com/s/files/1/0805/4777/4752/files/DPN000544_Y1.jpg?v=1754657453,https://cdn.shopify.com/s/files/1/0805/4777/4752/files/DPN000544_Y2.jpg?v=1763636523,DPN000544_Y1.jpg
Line Five Diamond Chain Necklace,14 KT / Yellow Gold,14K,3.01,0.26,39442.0,50523762688288,https://cdn.shopify.com/s/files/1/0805/4777/4752/files/DPN000544_Y1.jpg?v=1754657453,https://cdn.shopify.com/s/files/1/0805/4777/4752/files/DPN000544_Y2.jpg?v=1763636523,DPN000544_Y1.jpg
Line Five Diamond Chain Necklace,18 KT / Yellow Gold,18K,3.54,0.26,54016.0,50523762786592,https://cdn.shopify.com/s/files/1/0805/4777/4752/files/DPN000544_Y1.jpg?v=1754657453,https://cdn.shopify.com/s/files/1/0805/4777/4752/files/DPN000544_Y2.jpg?v=1763636523,DPN000544_Y1.jpg
To The Infinite Diamond Chain Necklace,9 KT / Yellow Gold,9K,2.64,0.32,28607.0,50738185109792,https://cdn.shopify.com/s/files/1/0805/4777/4752/files/DPN000545_Y1.jpg?v=1755685602,https://cdn.shopify.com/s/files/1/0805/4777/4752/files/DPN000545_Y2.jpg?v=1770113196,DPN000545_Y1.jpg
To The Infinite Diamond Chain Necklace,14 KT / Yellow Gold,14K,2.99,0.32,40831.0,50523762426144,https://cdn.shopify.com/s/files/1/0805/4777/4752/files/DPN000545_Y1.jpg?v=1755685602,https://cdn.shopify.com/s/files/1/0805/4777/4752/files/DPN000545_Y2.jpg?v=1770113196,DPN000545_Y1.jpg
To The Infinite Diamond Chain Necklace,18 KT / Yellow Gold,18K,3.52,0.32,55350.0,50523762524448,https://cdn.shopify.com/s/files/1/0805/4777/4752/files/DPN000545_Y1.jpg?v=1755685602,https://cdn.shopify.com/s/files/1/0805/4777/4752/files/DPN000545_Y2.jpg?v=1770113196,DPN000545_Y1.jpg
Glow Slab Diamond Chain Necklace,9 KT / Rose Gold,9K,2.63,0.78,49713.0,50738187239712,https://cdn.shopify.com/s/files/1/0805/4777/4752/files/DPN000530_R1.jpg?v=1754660361,https://cdn.shopify.com/s/files/1/0805/4777/4752/files/DPN000530_R2.jpg?v=1763636497,DPN000530_R1.jpg
Glow Slab Diamond Chain Necklace,14 KT / Rose Gold,14K,2.98,0.78,61903.0,50523761738016,https://cdn.shopify.com/s/files/1/0805/4777/4752/files/DPN000530_R1.jpg?v=1754660361,https://cdn.shopify.com/s/files/1/0805/4777/4752/files/DPN000530_R2.jpg?v=1763636497,DPN000530_R1.jpg
Glow Slab Diamond Chain Necklace,18 KT / Rose Gold,18K,3.5,0.78,76274.0,50523761836320,https://cdn.shopify.com/s/files/1/0805/4777/4752/files/DPN000530_R1.jpg?v=1754660361,https://cdn.shopify.com/s/files/1/0805/4777/4752/files/DPN000530_R2.jpg?v=1763636497,DPN000530_R1.jpg
Nova Blink Diamond Chain Necklace,9 KT / Yellow Gold,9K,2.55,0.24,25789.0,50738188386592,https://cdn.shopify.com/s/files/1/0805/4777/4752/files/DPN000551_Y1.jpg?v=1754657470,https://cdn.shopify.com/s/files/1/0805/4777/4752/files/DPN000551_Y2.jpg?v=1770113257,DPN000551_Y1.jpg
Nova Blink Diamond Chain Necklace,14 KT / Yellow Gold,14K,2.89,0.24,37614.0,50523761508640,https://cdn.shopify.com/s/files/1/0805/4777/4752/files/DPN000551_Y1.jpg?v=1754657470,https://cdn.shopify.com/s/files/1/0805/4777/4752/files/DPN000551_Y2.jpg?v=1770113257,DPN000551_Y1.jpg
Nova Blink Diamond Chain Necklace,18 KT / Yellow Gold,18K,3.4,0.24,51620.0,50523761606944,https://cdn.shopify.com/s/files/1/0805/4777/4752/files/DPN000551_Y1.jpg?v=1754657470,https://cdn.shopify.com/s/files/1/0805/4777/4752/files/DPN000551_Y2.jpg?v=1770113257,DPN000551_Y1.jpg
Bold Yet Small Diamond Chain Necklace,9 KT / Yellow Gold,9K,2.56,1.78,94078.0,50738189205792,https://cdn.shopify.com/s/files/1/0805/4777/4752/files/DPN000532_Y1.jpg?v=1754657415,https://cdn.shopify.com/s/files/1/0805/4777/4752/files/DPN000532_Y2.jpg?v=1770112866,DPN000532_Y1.jpg
Bold Yet Small Diamond Chain Necklace,14 KT / Yellow Gold,14K,2.9,1.78,105937.0,50523761180960,https://cdn.shopify.com/s/files/1/0805/4777/4752/files/DPN000532_Y1.jpg?v=1754657415,https://cdn.shopify.com/s/files/1/0805/4777/4752/files/DPN000532_Y2.jpg?v=1770112866,DPN000532_Y1.jpg
Bold Yet Small Diamond Chain Necklace,18 KT / Yellow Gold,18K,3.41,1.78,119970.0,50523761279264,https://cdn.shopify.com/s/files/1/0805/4777/4752/files/DPN000532_Y1.jpg?v=1754657415,https://cdn.shopify.com/s/files/1/0805/4777/4752/files/DPN000532_Y2.jpg?v=1770112866,DPN000532_Y1.jpg
Core Spark Diamond Chain Necklace,9 KT / Yellow Gold,9K,2.12,0.76,45073.0,50738198937888,https://cdn.shopify.com/s/files/1/0805/4777/4752/files/DPN000531_Y1.jpg?v=1754657412,https://cdn.shopify.com/s/files/1/0805/4777/4752/files/DPN000531_Y2.jpg?v=1763636503,DPN000531_Y1.jpg
Core Spark Diamond Chain Necklace,14 KT / Yellow Gold,14K,2.4,0.76,54879.0,50523760001312,https://cdn.shopify.com/s/files/1/0805/4777/4752/files/DPN000531_Y1.jpg?v=1754657412,https://cdn.shopify.com/s/files/1/0805/4777/4752/files/DPN000531_Y2.jpg?v=1763636503,DPN000531_Y1.jpg
Core Spark Diamond Chain Necklace,18 KT / Yellow Gold,18K,2.82,0.76,66468.0,50523760099616,https://cdn.shopify.com/s/files/1/0805/4777/4752/files/DPN000531_Y1.jpg?v=1754657412,https://cdn.shopify.com/s/files/1/0805/4777/4752/files/DPN000531_Y2.jpg?v=1763636503,DPN000531_Y1.jpg
Box Luxe Diamond Chain Necklace,9 KT / Yellow Gold,9K,2.29,1.95,99152.0,50738200805664,https://cdn.shopify.com/s/files/1/0805/4777/4752/files/DPN000534_Y1.jpg?v=1754657422,https://cdn.shopify.com/s/files/1/0805/4777/4752/files/DPN000534_Y2.jpg?v=1763636515,DPN000534_Y1.jpg
Box Luxe Diamond Chain Necklace,14 KT / Yellow Gold,14K,2.59,1.95,109721.0,50523759706400,https://cdn.shopify.com/s/files/1/0805/4777/4752/files/DPN000534_Y1.jpg?v=1754657422,https://cdn.shopify.com/s/files/1/0805/4777/4752/files/DPN000534_Y2.jpg?v=1763636515,DPN000534_Y1.jpg
Box Luxe Diamond Chain Necklace,18 KT / Yellow Gold,18K,3.05,1.95,122309.0,50523759804704,https://cdn.shopify.com/s/files/1/0805/4777/4752/files/DPN000534_Y1.jpg?v=1754657422,https://cdn.shopify.com/s/files/1/0805/4777/4752/files/DPN000534_Y2.jpg?v=1763636515,DPN000534_Y1.jpg
Petal Pair Marquise Diamond Chain Necklace,9 KT / Rose Gold,9K,2.64,0.282,27726.0,50738201755936,https://cdn.shopify.com/s/files/1/0805/4777/4752/files/DPN00484_R1_9d72f65e-f78f-49b9-817f-613ce0e2019f.jpg?v=1750684939,https://cdn.shopify.com/s/files/1/0805/4777/4752/files/DPN00484_R2_effe78e4-778c-4e13-bea8-7e1c28aef4f4.jpg?v=1770112705,DPN00484_R1_9d72f65e-f78f-49b9-817f-613ce0e2019f.jpg
Petal Pair Marquise Diamond Chain Necklace,14 KT / Rose Gold,14K,2.99,0.282,39949.0,50323950174496,https://cdn.shopify.com/s/files/1/0805/4777/4752/files/DPN00484_R1_9d72f65e-f78f-49b9-817f-613ce0e2019f.jpg?v=1750684939,https://cdn.shopify.com/s/files/1/0805/4777/4752/files/DPN00484_R2_effe78e4-778c-4e13-bea8-7e1c28aef4f4.jpg?v=1770112705,DPN00484_R1_9d72f65e-f78f-49b9-817f-613ce0e2019f.jpg
Petal Pair Marquise Diamond Chain Necklace,18 KT / Rose Gold,18K,3.52,0.282,54469.0,50323950272800,https://cdn.shopify.com/s/files/1/0805/4777/4752/files/DPN00484_R1_9d72f65e-f78f-49b9-817f-613ce0e2019f.jpg?v=1750684939,https://cdn.shopify.com/s/files/1/0805/4777/4752/files/DPN00484_R2_effe78e4-778c-4e13-bea8-7e1c28aef4f4.jpg?v=1770112705,DPN00484_R1_9d72f65e-f78f-49b9-817f-613ce0e2019f.jpg
Chroma Bloom Pear Diamond Chain Necklace,9 KT / Yellow Gold,9K,2.7375,0.44,32550.0,50738203263264,https://cdn.shopify.com/s/files/1/0805/4777/4752/files/DPN000474_Y1.jpg?v=1750673959,https://cdn.shopify.com/s/files/1/0805/4777/4752/files/DPN000474_Y2.jpg?v=1763636491,DPN000474_Y1.jpg
Chroma Bloom Pear Diamond Chain Necklace,14 KT / Yellow Gold,14K,3.1025,0.44,45245.0,50323949945120,https://cdn.shopify.com/s/files/1/0805/4777/4752/files/DPN000474_Y1.jpg?v=1750673959,https://cdn.shopify.com/s/files/1/0805/4777/4752/files/DPN000474_Y2.jpg?v=1763636491,DPN000474_Y1.jpg
Chroma Bloom Pear Diamond Chain Necklace,18 KT / Yellow Gold,18K,3.65,0.44,60281.0,50323950043424,https://cdn.shopify.com/s/files/1/0805/4777/4752/files/DPN000474_Y1.jpg?v=1750673959,https://cdn.shopify.com/s/files/1/0805/4777/4752/files/DPN000474_Y2.jpg?v=1763636491,DPN000474_Y1.jpg
Pebble Glint Fashion Diamond Chain Necklace,9 KT / Rose Gold,9K,2.406,0.113,21306.0,50738223972640,https://cdn.shopify.com/s/files/1/0805/4777/4752/files/DPN000481_R1.jpg?v=1750683361,https://cdn.shopify.com/s/files/1/0805/4777/4752/files/DPN000481_R2.jpg?v=1770112674,DPN000481_R1.jpg
Pebble Glint Fashion Diamond Chain Necklace,14 KT / Rose Gold,14K,2.7268,0.113,32464.0,50311884734752,https://cdn.shopify.com/s/files/1/0805/4777/4752/files/DPN000481_R1.jpg?v=1750683361,https://cdn.shopify.com/s/files/1/0805/4777/4752/files/DPN000481_R2.jpg?v=1770112674,DPN000481_R1.jpg
Pebble Glint Fashion Diamond Chain Necklace,18 KT / Rose Gold,18K,3.21,0.113,45703.0,50311884833056,https://cdn.shopify.com/s/files/1/0805/4777/4752/files/DPN000481_R1.jpg?v=1750683361,https://cdn.shopify.com/s/files/1/0805/4777/4752/files/DPN000481_R2.jpg?v=1770112674,DPN000481_R1.jpg
Ebon Circle Fashion Diamond Chain Necklace,9 KT / Yellow Gold,9K,2.57,0.148,23479.0,50738225611040,https://cdn.shopify.com/s/files/1/0805/4777/4752/files/DPN000469_Y1.jpg?v=1750415222,https://cdn.shopify.com/s/files/1/0805/4777/4752/files/DPN000469_Y2.jpg?v=1770112310,DPN000469_Y1.jpg
Ebon Circle Fashion Diamond Chain Necklace,14 KT / Yellow Gold,14K,2.91,0.148,35372.0,50311884570912,https://cdn.shopify.com/s/files/1/0805/4777/4752/files/DPN000469_Y1.jpg?v=1750415222,https://cdn.shopify.com/s/files/1/0805/4777/4752/files/DPN000469_Y2.jpg?v=1770112310,DPN000469_Y1.jpg
Ebon Circle Fashion Diamond Chain Necklace,18 KT / Yellow Gold,18K,3.42,0.148,49432.0,50311884669216,https://cdn.shopify.com/s/files/1/0805/4777/4752/files/DPN000469_Y1.jpg?v=1750415222,https://cdn.shopify.com/s/files/1/0805/4777/4752/files/DPN000469_Y2.jpg?v=1770112310,DPN000469_Y1.jpg
Pink Drip Fashion Diamond Chain Necklace,9 KT / Rose Gold,9K,2.3535,0.316,26322.0,50738229707040,https://cdn.shopify.com/s/files/1/0805/4777/4752/files/DPN000478_R1.jpg?v=1750682878,https://cdn.shopify.com/s/files/1/0805/4777/4752/files/DPN000478_R2.jpg?v=1770112625,DPN000478_R1.jpg
Pink Drip Fashion Diamond Chain Necklace,14 KT / Rose Gold,14K,2.6673,0.316,37236.0,50311884276000,https://cdn.shopify.com/s/files/1/0805/4777/4752/files/DPN000478_R1.jpg?v=1750682878,https://cdn.shopify.com/s/files/1/0805/4777/4752/files/DPN000478_R2.jpg?v=1770112625,DPN000478_R1.jpg
Pink Drip Fashion Diamond Chain Necklace,18 KT / Rose Gold,18K,3.14,0.316,50188.0,50311884374304,https://cdn.shopify.com/s/files/1/0805/4777/4752/files/DPN000478_R1.jpg?v=1750682878,https://cdn.shopify.com/s/files/1/0805/4777/4752/files/DPN000478_R2.jpg?v=1770112625,DPN000478_R1.jpg
Golden Butterfly Fashion Diamond Necklace,9 KT / Rose Gold,9K,4.65,0.485,48290.0,50751825346848,https://cdn.shopify.com/s/files/1/0805/4777/4752/files/DNK000089_R2_76bd03f2-ab2e-4330-8472-db5756c3b791.jpg?v=1757322293,https://cdn.shopify.com/s/files/1/0805/4777/4752/files/DNK000089_R2.jpg?v=1757322293,DNK000089_R2_76bd03f2-ab2e-4330-8472-db5756c3b791.jpg
Golden Butterfly Fashion Diamond Necklace,14 KT / Rose Gold,14K,5.27,0.485,69854.0,50311877591328,https://cdn.shopify.com/s/files/1/0805/4777/4752/files/DNK000089_R2_76bd03f2-ab2e-4330-8472-db5756c3b791.jpg?v=1757322293,https://cdn.shopify.com/s/files/1/0805/4777/4752/files/DNK000089_R2.jpg?v=1757322293,DNK000089_R2_76bd03f2-ab2e-4330-8472-db5756c3b791.jpg
Golden Butterfly Fashion Diamond Necklace,18 KT / Rose Gold,18K,6.2,0.485,95394.0,50311877689632,https://cdn.shopify.com/s/files/1/0805/4777/4752/files/DNK000089_R2_76bd03f2-ab2e-4330-8472-db5756c3b791.jpg?v=1757322293,https://cdn.shopify.com/s/files/1/0805/4777/4752/files/DNK000089_R2.jpg?v=1757322293,DNK000089_R2_76bd03f2-ab2e-4330-8472-db5756c3b791.jpg
Allure Classic Round Diamond Chain Necklace,9 KT / White Gold,9K,3.04,2.5,139064.0,50738235343136,https://cdn.shopify.com/s/files/1/0805/4777/4752/files/SPN001012-00-2.50_W1.jpg?v=1751624890,https://cdn.shopify.com/s/files/1/0805/4777/4752/files/SPN001012-00-2.50_W2.jpg?v=1770113973,SPN001012-00-2.50_W1.jpg
Allure Classic Round Diamond Chain Necklace,14 KT / White Gold,14K,3.44,2.5,153112.0,50309777129760,https://cdn.shopify.com/s/files/1/0805/4777/4752/files/SPN001012-00-2.50_W1.jpg?v=1751624890,https://cdn.shopify.com/s/files/1/0805/4777/4752/files/SPN001012-00-2.50_W2.jpg?v=1770113973,SPN001012-00-2.50_W1.jpg
Allure Classic Round Diamond Chain Necklace,18 KT / White Gold,18K,4.05,2.5,169819.0,50309777228064,https://cdn.shopify.com/s/files/1/0805/4777/4752/files/SPN001012-00-2.50_W1.jpg?v=1751624890,https://cdn.shopify.com/s/files/1/0805/4777/4752/files/SPN001012-00-2.50_W2.jpg?v=1770113973,SPN001012-00-2.50_W1.jpg
Solstice Classic Round Diamond Chain Necklace,9 KT / Rose Gold,9K,2.85,2.0,114657.0,50738239111456,https://cdn.shopify.com/s/files/1/0805/4777/4752/files/SPN001012-00-2.00_R1.jpg?v=1751624864,https://cdn.shopify.com/s/files/1/0805/4777/4752/files/SPN001012-00-2.00_R2.jpg?v=1771240681,SPN001012-00-2.00_R1.jpg
Solstice Classic Round Diamond Chain Necklace,14 KT / Rose Gold,14K,3.23,2.0,127874.0,50309776703776,https://cdn.shopify.com/s/files/1/0805/4777/4752/files/SPN001012-00-2.00_R1.jpg?v=1751624864,https://cdn.shopify.com/s/files/1/0805/4777/4752/files/SPN001012-00-2.00_R2.jpg?v=1771240681,SPN001012-00-2.00_R1.jpg
Solstice Classic Round Diamond Chain Necklace,18 KT / Rose Gold,18K,3.8,2.0,143528.0,50309776802080,https://cdn.shopify.com/s/files/1/0805/4777/4752/files/SPN001012-00-2.00_R1.jpg?v=1751624864,https://cdn.shopify.com/s/files/1/0805/4777/4752/files/SPN001012-00-2.00_R2.jpg?v=1771240681,SPN001012-00-2.00_R1.jpg
Cirqa Classic Round Diamond Chain Necklace,9 KT / Yellow Gold,9K,2.44,1.5,82733.0,50738244780320,https://cdn.shopify.com/s/files/1/0805/4777/4752/files/SPN001012-00-1.50_Y1.jpg?v=1751622603,https://cdn.shopify.com/s/files/1/0805/4777/4752/files/SPN001012-00-1.50_Y2.jpg?v=1771240680,SPN001012-00-1.50_Y1.jpg
Cirqa Classic Round Diamond Chain Necklace,14 KT / Yellow Gold,14K,2.76,1.5,93998.0,50309775982880,https://cdn.shopify.com/s/files/1/0805/4777/4752/files/SPN001012-00-1.50_Y1.jpg?v=1751622603,https://cdn.shopify.com/s/files/1/0805/4777/4752/files/SPN001012-00-1.50_Y2.jpg?v=1771240680,SPN001012-00-1.50_Y1.jpg
Cirqa Classic Round Diamond Chain Necklace,18 KT / Yellow Gold,18K,3.25,1.5,107410.0,50309776081184,https://cdn.shopify.com/s/files/1/0805/4777/4752/files/SPN001012-00-1.50_Y1.jpg?v=1751622603,https://cdn.shopify.com/s/files/1/0805/4777/4752/files/SPN001012-00-1.50_Y2.jpg?v=1771240680,SPN001012-00-1.50_Y1.jpg
Crystal Classic Round Diamond Chain Necklace,9 KT / Rose Gold,9K,2.29,1.0,60552.0,50738250088736,https://cdn.shopify.com/s/files/1/0805/4777/4752/files/SPN001012-00-1.00_R1.jpg?v=1751624829,https://cdn.shopify.com/s/files/1/0805/4777/4752/files/SPN001012-00-1.00_R2.jpg?v=1771243887,SPN001012-00-1.00_R1.jpg
Crystal Classic Round Diamond Chain Necklace,14 KT / Rose Gold,14K,2.59,1.0,71121.0,50309775327520,https://cdn.shopify.com/s/files/1/0805/4777/4752/files/SPN001012-00-1.00_R1.jpg?v=1751624829,https://cdn.shopify.com/s/files/1/0805/4777/4752/files/SPN001012-00-1.00_R2.jpg?v=1771243887,SPN001012-00-1.00_R1.jpg
Crystal Classic Round Diamond Chain Necklace,18 KT / Rose Gold,18K,3.05,1.0,83709.0,50309775425824,https://cdn.shopify.com/s/files/1/0805/4777/4752/files/SPN001012-00-1.00_R1.jpg?v=1751624829,https://cdn.shopify.com/s/files/1/0805/4777/4752/files/SPN001012-00-1.00_R2.jpg?v=1771243887,SPN001012-00-1.00_R1.jpg
Stylish Blob Classic Round Diamond Chain Necklace,9 KT / Yellow Gold,9K,2.1,0.7,43767.0,50738254938400,https://cdn.shopify.com/s/files/1/0805/4777/4752/files/SPN001012-00-0.70_Y1.jpg?v=1751622597,https://cdn.shopify.com/s/files/1/0805/4777/4752/files/SPN001012-00-0.70_Y2.jpg?v=1770113918,SPN001012-00-0.70_Y1.jpg
Stylish Blob Classic Round Diamond Chain Necklace,14 KT / Yellow Gold,14K,2.38,0.7,53505.0,50309775196448,https://cdn.shopify.com/s/files/1/0805/4777/4752/files/SPN001012-00-0.70_Y1.jpg?v=1751622597,https://cdn.shopify.com/s/files/1/0805/4777/4752/files/SPN001012-00-0.70_Y2.jpg?v=1770113918,SPN001012-00-0.70_Y1.jpg
Stylish Blob Classic Round Diamond Chain Necklace,18 KT / Yellow Gold,18K,2.8,0.7,65040.0,50309775294752,https://cdn.shopify.com/s/files/1/0805/4777/4752/files/SPN001012-00-0.70_Y1.jpg?v=1751622597,https://cdn.shopify.com/s/files/1/0805/4777/4752/files/SPN001012-00-0.70_Y2.jpg?v=1770113918,SPN001012-00-0.70_Y1.jpg
I Promise Classic Round Diamond Chain Necklace,9 KT / White Gold,9K,2.14,0.5,34560.0,50738256871712,https://cdn.shopify.com/s/files/1/0805/4777/4752/files/SPN001012-00-0.50_W1.jpg?v=1751624737,https://cdn.shopify.com/s/files/1/0805/4777/4752/files/SPN001012-00-0.50_W2.jpg?v=1770113882,SPN001012-00-0.50_W1.jpg
I Promise Classic Round Diamond Chain Necklace,14 KT / White Gold,14K,2.42,0.5,44433.0,50309774967072,https://cdn.shopify.com/s/files/1/0805/4777/4752/files/SPN001012-00-0.50_W1.jpg?v=1751624737,https://cdn.shopify.com/s/files/1/0805/4777/4752/files/SPN001012-00-0.50_W2.jpg?v=1770113882,SPN001012-00-0.50_W1.jpg
I Promise Classic Round Diamond Chain Necklace,18 KT / White Gold,18K,2.85,0.5,56198.0,50309775065376,https://cdn.shopify.com/s/files/1/0805/4777/4752/files/SPN001012-00-0.50_W1.jpg?v=1751624737,https://cdn.shopify.com/s/files/1/0805/4777/4752/files/SPN001012-00-0.50_W2.jpg?v=1770113882,SPN001012-00-0.50_W1.jpg
Lucent Classic Round Diamond Chain Necklace,9 KT / Yellow Gold,9K,1.91,0.3,25838.0,50738257068320,https://cdn.shopify.com/s/files/1/0805/4777/4752/files/SPN001012-00-0.30_Y1.jpg?v=1751622591,https://cdn.shopify.com/s/files/1/0805/4777/4752/files/SPN001012-00-0.30_Y2.jpg?v=1771243881,SPN001012-00-0.30_Y1.jpg
Lucent Classic Round Diamond Chain Necklace,14 KT / Yellow Gold,14K,2.17,0.3,34746.0,50309774803232,https://cdn.shopify.com/s/files/1/0805/4777/4752/files/SPN001012-00-0.30_Y1.jpg?v=1751622591,https://cdn.shopify.com/s/files/1/0805/4777/4752/files/SPN001012-00-0.30_Y2.jpg?v=1771243881,SPN001012-00-0.30_Y1.jpg
Lucent Classic Round Diamond Chain Necklace,18 KT / Yellow Gold,18K,2.55,0.3,45227.0,50309774901536,https://cdn.shopify.com/s/files/1/0805/4777/4752/files/SPN001012-00-0.30_Y1.jpg?v=1751622591,https://cdn.shopify.com/s/files/1/0805/4777/4752/files/SPN001012-00-0.30_Y2.jpg?v=1771243881,SPN001012-00-0.30_Y1.jpg
Lustrous Evil Eye Diamond Chain Necklace,9 KT / Yellow Gold,9K,3.96,0.21,36392.0,50149572018464,https://cdn.shopify.com/s/files/1/0805/4777/4752/files/PDEV-09_Y1.jpg?v=1747842126,https://cdn.shopify.com/s/files/1/0805/4777/4752/files/PDEV-09_Y2_5b50b0a2-cbf9-4bf9-8feb-28f594964643.jpg?v=1770113646,PDEV-09_Y1.jpg
Lustrous Evil Eye Diamond Chain Necklace,14 KT / Yellow Gold,14K,4.35,0.21,53451.0,50140607152416,https://cdn.shopify.com/s/files/1/0805/4777/4752/files/PDEV-09_Y1.jpg?v=1747842126,https://cdn.shopify.com/s/files/1/0805/4777/4752/files/PDEV-09_Y2_5b50b0a2-cbf9-4bf9-8feb-28f594964643.jpg?v=1770113646,PDEV-09_Y1.jpg
Lustrous Evil Eye Diamond Chain Necklace,18 KT / Yellow Gold,18K,5.22,0.21,75778.0,50140607250720,https://cdn.shopify.com/s/files/1/0805/4777/4752/files/PDEV-09_Y1.jpg?v=1747842126,https://cdn.shopify.com/s/files/1/0805/4777/4752/files/PDEV-09_Y2_5b50b0a2-cbf9-4bf9-8feb-28f594964643.jpg?v=1770113646,PDEV-09_Y1.jpg
Lumina Point Diamond Necklace,9 KT / Yellow Gold,9K,4.67,0.706,55143.0,50751825641760,https://cdn.shopify.com/s/files/1/0805/4777/4752/files/SNK001150_Y2_b885459a-467b-4cb4-a613-f342a81c54f2.jpg?v=1757323373,https://cdn.shopify.com/s/files/1/0805/4777/4752/files/SNK001150_Y1.jpg?v=1757323373,SNK001150_Y2_b885459a-467b-4cb4-a613-f342a81c54f2.jpg
Lumina Point Diamond Necklace,14 KT / Yellow Gold,14K,5.13,0.706,75262.0,50136796168480,https://cdn.shopify.com/s/files/1/0805/4777/4752/files/SNK001150_Y2_b885459a-467b-4cb4-a613-f342a81c54f2.jpg?v=1757323373,https://cdn.shopify.com/s/files/1/0805/4777/4752/files/SNK001150_Y1.jpg?v=1757323373,SNK001150_Y2_b885459a-467b-4cb4-a613-f342a81c54f2.jpg
Lumina Point Diamond Necklace,18 KT / Yellow Gold,18K,6.15,0.706,101518.0,50136796266784,https://cdn.shopify.com/s/files/1/0805/4777/4752/files/SNK001150_Y2_b885459a-467b-4cb4-a613-f342a81c54f2.jpg?v=1757323373,https://cdn.shopify.com/s/files/1/0805/4777/4752/files/SNK001150_Y1.jpg?v=1757323373,SNK001150_Y2_b885459a-467b-4cb4-a613-f342a81c54f2.jpg
The Golden Armour Diamond Necklace,9 KT / Yellow Gold,9K,4.28,0.78,55629.0,50751825740064,https://cdn.shopify.com/s/files/1/0805/4777/4752/files/SNK001152_Y2_73c5a1a3-c304-4b1c-b5ac-1b39f722d607.jpg?v=1757323526,https://cdn.shopify.com/s/files/1/0805/4777/4752/files/SNK001152_Y1.jpg?v=1757323526,SNK001152_Y2_73c5a1a3-c304-4b1c-b5ac-1b39f722d607.jpg
The Golden Armour Diamond Necklace,14 KT / Yellow Gold,14K,4.85,0.78,75470.0,50136795971872,https://cdn.shopify.com/s/files/1/0805/4777/4752/files/SNK001152_Y2_73c5a1a3-c304-4b1c-b5ac-1b39f722d607.jpg?v=1757323526,https://cdn.shopify.com/s/files/1/0805/4777/4752/files/SNK001152_Y1.jpg?v=1757323526,SNK001152_Y2_73c5a1a3-c304-4b1c-b5ac-1b39f722d607.jpg
The Golden Armour Diamond Necklace,18 KT / Yellow Gold,18K,5.7,0.78,98904.0,50136796070176,https://cdn.shopify.com/s/files/1/0805/4777/4752/files/SNK001152_Y2_73c5a1a3-c304-4b1c-b5ac-1b39f722d607.jpg?v=1757323526,https://cdn.shopify.com/s/files/1/0805/4777/4752/files/SNK001152_Y1.jpg?v=1757323526,SNK001152_Y2_73c5a1a3-c304-4b1c-b5ac-1b39f722d607.jpg
Tie The Knot Diamond Necklace,9 KT / Rose Gold,9K,3.51,0.711,47535.0,50751825936672,https://cdn.shopify.com/s/files/1/0805/4777/4752/files/SNK001161_R2_8edc66ef-88a7-4405-bb64-6bf1552e3652.jpg?v=1757324031,https://cdn.shopify.com/s/files/1/0805/4777/4752/files/SNK001161_R1_4b0f7cc1-8315-494f-894e-9e32fea44024.jpg?v=1757324031,SNK001161_R2_8edc66ef-88a7-4405-bb64-6bf1552e3652.jpg
Tie The Knot Diamond Necklace,14 KT / Rose Gold,14K,3.98,0.711,63831.0,50136794726688,https://cdn.shopify.com/s/files/1/0805/4777/4752/files/SNK001161_R2_8edc66ef-88a7-4405-bb64-6bf1552e3652.jpg?v=1757324031,https://cdn.shopify.com/s/files/1/0805/4777/4752/files/SNK001161_R1_4b0f7cc1-8315-494f-894e-9e32fea44024.jpg?v=1757324031,SNK001161_R2_8edc66ef-88a7-4405-bb64-6bf1552e3652.jpg
Tie The Knot Diamond Necklace,18 KT / Rose Gold,18K,4.68,0.711,83091.0,50136794824992,https://cdn.shopify.com/s/files/1/0805/4777/4752/files/SNK001161_R2_8edc66ef-88a7-4405-bb64-6bf1552e3652.jpg?v=1757324031,https://cdn.shopify.com/s/files/1/0805/4777/4752/files/SNK001161_R1_4b0f7cc1-8315-494f-894e-9e32fea44024.jpg?v=1757324031,SNK001161_R2_8edc66ef-88a7-4405-bb64-6bf1552e3652.jpg
Double Line Drop Necklace,9 KT / Rose Gold,9K,3.15,0.761,45936.0,50751826133280,https://cdn.shopify.com/s/files/1/0805/4777/4752/files/SNK001151_R2_87b18eeb-c8cf-4ff5-91e0-9821d6cd4275.jpg?v=1757324297,https://cdn.shopify.com/s/files/1/0805/4777/4752/files/SNK001151_R1_9d57608a-6993-44b7-8d1f-49267b44eef3.jpg?v=1757324297,SNK001151_R2_87b18eeb-c8cf-4ff5-91e0-9821d6cd4275.jpg
Double Line Drop Necklace,14 KT / Rose Gold,14K,3.57,0.761,60544.0,50136793448736,https://cdn.shopify.com/s/files/1/0805/4777/4752/files/SNK001151_R2_87b18eeb-c8cf-4ff5-91e0-9821d6cd4275.jpg?v=1757324297,https://cdn.shopify.com/s/files/1/0805/4777/4752/files/SNK001151_R1_9d57608a-6993-44b7-8d1f-49267b44eef3.jpg?v=1757324297,SNK001151_R2_87b18eeb-c8cf-4ff5-91e0-9821d6cd4275.jpg
Double Line Drop Necklace,18 KT / Rose Gold,18K,4.2,0.761,77846.0,50136793547040,https://cdn.shopify.com/s/files/1/0805/4777/4752/files/SNK001151_R2_87b18eeb-c8cf-4ff5-91e0-9821d6cd4275.jpg?v=1757324297,https://cdn.shopify.com/s/files/1/0805/4777/4752/files/SNK001151_R1_9d57608a-6993-44b7-8d1f-49267b44eef3.jpg?v=1757324297,SNK001151_R2_87b18eeb-c8cf-4ff5-91e0-9821d6cd4275.jpg
Illusionary Diamond Necklace,9 KT / Yellow Gold,9K,12.49,3.08,173770.0,50751826231584,https://cdn.shopify.com/s/files/1/0805/4777/4752/files/SNK001072_Y2.jpg?v=1757325217,https://cdn.shopify.com/s/files/1/0805/4777/4752/files/SNK001072_Y1.jpg?v=1757325217,SNK001072_Y2.jpg
Illusionary Diamond Necklace,14 KT / Yellow Gold,14K,13.72,3.08,227576.0,49777124409632,https://cdn.shopify.com/s/files/1/0805/4777/4752/files/SNK001072_Y2.jpg?v=1757325217,https://cdn.shopify.com/s/files/1/0805/4777/4752/files/SNK001072_Y1.jpg?v=1757325217,SNK001072_Y2.jpg
Illusionary Diamond Necklace,18 KT / Yellow Gold,18K,16.47,3.08,298066.0,49846527754528,https://cdn.shopify.com/s/files/1/0805/4777/4752/files/SNK001072_Y2.jpg?v=1757325217,https://cdn.shopify.com/s/files/1/0805/4777/4752/files/SNK001072_Y1.jpg?v=1757325217,SNK001072_Y2.jpg
Luxe Halo Diamond Necklace,9 KT / Yellow Gold,9K,9.46,2.705,143073.0,50751827476768,https://cdn.shopify.com/s/files/1/0805/4777/4752/files/SNK001048_Y2_ebcb69d1-a720-4365-b8e8-61fdbc558cfa.jpg?v=1757325594,https://cdn.shopify.com/s/files/1/0805/4777/4752/files/SNK001048_Y1.jpg?v=1757325594,SNK001048_Y2_ebcb69d1-a720-4365-b8e8-61fdbc558cfa.jpg
Luxe Halo Diamond Necklace,14 KT / Yellow Gold,14K,10.4,2.705,183905.0,49777124311328,https://cdn.shopify.com/s/files/1/0805/4777/4752/files/SNK001048_Y2_ebcb69d1-a720-4365-b8e8-61fdbc558cfa.jpg?v=1757325594,https://cdn.shopify.com/s/files/1/0805/4777/4752/files/SNK001048_Y1.jpg?v=1757325594,SNK001048_Y2_ebcb69d1-a720-4365-b8e8-61fdbc558cfa.jpg
Luxe Halo Diamond Necklace,18 KT / Yellow Gold,18K,12.48,2.705,237282.0,49846563078432,https://cdn.shopify.com/s/files/1/0805/4777/4752/files/SNK001048_Y2_ebcb69d1-a720-4365-b8e8-61fdbc558cfa.jpg?v=1757325594,https://cdn.shopify.com/s/files/1/0805/4777/4752/files/SNK001048_Y1.jpg?v=1757325594,SNK001048_Y2_ebcb69d1-a720-4365-b8e8-61fdbc558cfa.jpg
Elegant Spark Diamond Necklace,9 KT / White Gold,9K,15.89,4.12,233938.0,50751827902752,https://cdn.shopify.com/s/files/1/0805/4777/4752/files/SNK001076_W2.jpg?v=1757325761,https://cdn.shopify.com/s/files/1/0805/4777/4752/files/SNK001076_W1.jpg?v=1757325761,SNK001076_W2.jpg
Elegant Spark Diamond Necklace,14 KT / White Gold,14K,17.46,4.12,302439.0,49777124147488,https://cdn.shopify.com/s/files/1/0805/4777/4752/files/SNK001076_W2.jpg?v=1757325761,https://cdn.shopify.com/s/files/1/0805/4777/4752/files/SNK001076_W1.jpg?v=1757325761,SNK001076_W2.jpg
Elegant Spark Diamond Necklace,18 KT / White Gold,18K,20.95,4.12,392028.0,49846258237728,https://cdn.shopify.com/s/files/1/0805/4777/4752/files/SNK001076_W2.jpg?v=1757325761,https://cdn.shopify.com/s/files/1/0805/4777/4752/files/SNK001076_W1.jpg?v=1757325761,SNK001076_W2.jpg
Enchanted Dream Diamond Necklace,9 KT / Yellow Gold,9K,9.02,1.713,111848.0,50751828230432,https://cdn.shopify.com/s/files/1/0805/4777/4752/files/SNK001063_Y2.jpg?v=1757325927,https://cdn.shopify.com/s/files/1/0805/4777/4752/files/SNK001063_Y1.jpg?v=1757325927,SNK001063_Y2.jpg
Enchanted Dream Diamond Necklace,14 KT / Yellow Gold,14K,9.91,1.713,150722.0,49777124081952,https://cdn.shopify.com/s/files/1/0805/4777/4752/files/SNK001063_Y2.jpg?v=1757325927,https://cdn.shopify.com/s/files/1/0805/4777/4752/files/SNK001063_Y1.jpg?v=1757325927,SNK001063_Y2.jpg
Enchanted Dream Diamond Necklace,18 KT / Yellow Gold,18K,11.89,1.713,201560.0,49846285467936,https://cdn.shopify.com/s/files/1/0805/4777/4752/files/SNK001063_Y2.jpg?v=1757325927,https://cdn.shopify.com/s/files/1/0805/4777/4752/files/SNK001063_Y1.jpg?v=1757325927,SNK001063_Y2.jpg
Serene Essence Diamond Necklace,9 KT / Yellow Gold,9K,20.07,2.541,217557.0,50751828427040,https://cdn.shopify.com/s/files/1/0805/4777/4752/files/SNK001074_Y2.jpg?v=1757326092,https://cdn.shopify.com/s/files/1/0805/4777/4752/files/SNK001074_Y1.jpg?v=1757326092,SNK001074_Y2.jpg
Serene Essence Diamond Necklace,14 KT / Yellow Gold,14K,22.05,2.541,304049.0,49777123754272,https://cdn.shopify.com/s/files/1/0805/4777/4752/files/SNK001074_Y2.jpg?v=1757326092,https://cdn.shopify.com/s/files/1/0805/4777/4752/files/SNK001074_Y1.jpg?v=1757326092,SNK001074_Y2.jpg
Serene Essence Diamond Necklace,18 KT / Yellow Gold,18K,26.46,2.541,417220.0,49848386158880,https://cdn.shopify.com/s/files/1/0805/4777/4752/files/SNK001074_Y2.jpg?v=1757326092,https://cdn.shopify.com/s/files/1/0805/4777/4752/files/SNK001074_Y1.jpg?v=1757326092,SNK001074_Y2.jpg
Royal Charm Diamond Necklace,9 KT / Yellow Gold,9K,13.49,4.01,209533.0,50751828525344,https://cdn.shopify.com/s/files/1/0805/4777/4752/files/SNK001068_Y2.jpg?v=1757326518,https://cdn.shopify.com/s/files/1/0805/4777/4752/files/SNK001068_Y1.jpg?v=1757326518,SNK001068_Y2.jpg
Royal Charm Diamond Necklace,14 KT / Yellow Gold,14K,15.29,4.01,272105.0,49777123590432,https://cdn.shopify.com/s/files/1/0805/4777/4752/files/SNK001068_Y2.jpg?v=1757326518,https://cdn.shopify.com/s/files/1/0805/4777/4752/files/SNK001068_Y1.jpg?v=1757326518,SNK001068_Y2.jpg
Royal Charm Diamond Necklace,18 KT / Yellow Gold,18K,17.99,4.01,346228.0,49848381997344,https://cdn.shopify.com/s/files/1/0805/4777/4752/files/SNK001068_Y2.jpg?v=1757326518,https://cdn.shopify.com/s/files/1/0805/4777/4752/files/SNK001068_Y1.jpg?v=1757326518,SNK001068_Y2.jpg
Timeless Lush Diamond Necklace,9 KT / Rose Gold,9K,14.15,2.354,166579.0,50751828885792,https://cdn.shopify.com/s/files/1/0805/4777/4752/files/SNK001064_R2.jpg?v=1757326854,https://cdn.shopify.com/s/files/1/0805/4777/4752/files/SNK001064_R1.jpg?v=1757326854,SNK001064_R2.jpg
Timeless Lush Diamond Necklace,14 KT / Rose Gold,14K,15.55,2.354,227597.0,49777123295520,https://cdn.shopify.com/s/files/1/0805/4777/4752/files/SNK001064_R2.jpg?v=1757326854,https://cdn.shopify.com/s/files/1/0805/4777/4752/files/SNK001064_R1.jpg?v=1757326854,SNK001064_R2.jpg
Timeless Lush Diamond Necklace,18 KT / Rose Gold,18K,18.66,2.354,307407.0,49848405459232,https://cdn.shopify.com/s/files/1/0805/4777/4752/files/SNK001064_R2.jpg?v=1757326854,https://cdn.shopify.com/s/files/1/0805/4777/4752/files/SNK001064_R1.jpg?v=1757326854,SNK001064_R2.jpg
Crystal Bliss Diamond Necklace,9 KT / Yellow Gold,9K,17.35,2.874,208574.0,50751828984096,https://cdn.shopify.com/s/files/1/0805/4777/4752/files/SNK001066_Y2_b7229df3-7792-41b3-9b86-a6959797b7e1.jpg?v=1757327107,https://cdn.shopify.com/s/files/1/0805/4777/4752/files/SNK001066_Y1_02de49ae-1258-48f2-b57c-f15ca695d6ce.jpg?v=1757327107,SNK001066_Y2_b7229df3-7792-41b3-9b86-a6959797b7e1.jpg
Crystal Bliss Diamond Necklace,14 KT / Yellow Gold,14K,19.66,2.874,289002.0,49777123033376,https://cdn.shopify.com/s/files/1/0805/4777/4752/files/SNK001066_Y2_b7229df3-7792-41b3-9b86-a6959797b7e1.jpg?v=1757327107,https://cdn.shopify.com/s/files/1/0805/4777/4752/files/SNK001066_Y1_02de49ae-1258-48f2-b57c-f15ca695d6ce.jpg?v=1757327107,SNK001066_Y2_b7229df3-7792-41b3-9b86-a6959797b7e1.jpg
Crystal Bliss Diamond Necklace,18 KT / Yellow Gold,18K,23.14,2.874,384411.0,49846226485536,https://cdn.shopify.com/s/files/1/0805/4777/4752/files/SNK001066_Y2_b7229df3-7792-41b3-9b86-a6959797b7e1.jpg?v=1757327107,https://cdn.shopify.com/s/files/1/0805/4777/4752/files/SNK001066_Y1_02de49ae-1258-48f2-b57c-f15ca695d6ce.jpg?v=1757327107,SNK001066_Y2_b7229df3-7792-41b3-9b86-a6959797b7e1.jpg
Enigma Glow Diamond Necklace,9 KT / Yellow Gold,9K,13.97,2.216,167741.0,50751829180704,https://cdn.shopify.com/s/files/1/0805/4777/4752/files/SNK001070_Y2_9d744e86-4c33-4c26-84bb-4543ba45e7a3.jpg?v=1757327307,https://cdn.shopify.com/s/files/1/0805/4777/4752/files/SNK001070_Y1.jpg?v=1757327307,SNK001070_Y2_9d744e86-4c33-4c26-84bb-4543ba45e7a3.jpg
Enigma Glow Diamond Necklace,14 KT / Yellow Gold,14K,15.36,2.216,228057.0,49777122902304,https://cdn.shopify.com/s/files/1/0805/4777/4752/files/SNK001070_Y2_9d744e86-4c33-4c26-84bb-4543ba45e7a3.jpg?v=1757327307,https://cdn.shopify.com/s/files/1/0805/4777/4752/files/SNK001070_Y1.jpg?v=1757327307,SNK001070_Y2_9d744e86-4c33-4c26-84bb-4543ba45e7a3.jpg
Enigma Glow Diamond Necklace,18 KT / Yellow Gold,18K,18.43,2.216,306867.0,49846289924384,https://cdn.shopify.com/s/files/1/0805/4777/4752/files/SNK001070_Y2_9d744e86-4c33-4c26-84bb-4543ba45e7a3.jpg?v=1757327307,https://cdn.shopify.com/s/files/1/0805/4777/4752/files/SNK001070_Y1.jpg?v=1757327307,SNK001070_Y2_9d744e86-4c33-4c26-84bb-4543ba45e7a3.jpg
Jewel Embrace Diamond Necklace,9 KT / Yellow Gold,9K,10.96,2.755,156813.0,50751829541152,https://cdn.shopify.com/s/files/1/0805/4777/4752/files/SNK001077_Y2_7e281238-9cfe-4bcd-a7f4-58faf257f4ce.jpg?v=1757327493,https://cdn.shopify.com/s/files/1/0805/4777/4752/files/SNK001077_Y1.jpg?v=1757327493,SNK001077_Y2_7e281238-9cfe-4bcd-a7f4-58faf257f4ce.jpg
Jewel Embrace Diamond Necklace,14 KT / Yellow Gold,14K,12.42,2.755,207627.0,49777122804000,https://cdn.shopify.com/s/files/1/0805/4777/4752/files/SNK001077_Y2_7e281238-9cfe-4bcd-a7f4-58faf257f4ce.jpg?v=1757327493,https://cdn.shopify.com/s/files/1/0805/4777/4752/files/SNK001077_Y1.jpg?v=1757327493,SNK001077_Y2_7e281238-9cfe-4bcd-a7f4-58faf257f4ce.jpg
Jewel Embrace Diamond Necklace,18 KT / Yellow Gold,18K,14.61,2.755,267798.0,49846534635808,https://cdn.shopify.com/s/files/1/0805/4777/4752/files/SNK001077_Y2_7e281238-9cfe-4bcd-a7f4-58faf257f4ce.jpg?v=1757327493,https://cdn.shopify.com/s/files/1/0805/4777/4752/files/SNK001077_Y1.jpg?v=1757327493,SNK001077_Y2_7e281238-9cfe-4bcd-a7f4-58faf257f4ce.jpg
Moonlight Majesty Diamond Necklace,9 KT / Yellow Gold,9K,10.7,2.254,138609.0,50751829639456,https://cdn.shopify.com/s/files/1/0805/4777/4752/files/SNK001061_Y2_dd9edb66-083c-4c50-aa38-cd8293f184a9.jpg?v=1757327671,https://cdn.shopify.com/s/files/1/0805/4777/4752/files/SNK001061_Y1.jpg?v=1757327671,SNK001061_Y2_dd9edb66-083c-4c50-aa38-cd8293f184a9.jpg
Moonlight Majesty Diamond Necklace,14 KT / Yellow Gold,14K,11.76,2.254,184763.0,49777122705696,https://cdn.shopify.com/s/files/1/0805/4777/4752/files/SNK001061_Y2_dd9edb66-083c-4c50-aa38-cd8293f184a9.jpg?v=1757327671,https://cdn.shopify.com/s/files/1/0805/4777/4752/files/SNK001061_Y1.jpg?v=1757327671,SNK001061_Y2_dd9edb66-083c-4c50-aa38-cd8293f184a9.jpg
Moonlight Majesty Diamond Necklace,18 KT / Yellow Gold,18K,14.11,2.254,245096.0,49846569861408,https://cdn.shopify.com/s/files/1/0805/4777/4752/files/SNK001061_Y2_dd9edb66-083c-4c50-aa38-cd8293f184a9.jpg?v=1757327671,https://cdn.shopify.com/s/files/1/0805/4777/4752/files/SNK001061_Y1.jpg?v=1757327671,SNK001061_Y2_dd9edb66-083c-4c50-aa38-cd8293f184a9.jpg
Sparkling Essence Diamond Necklace,9 KT / Yellow Gold,9K,13.2,2.116,153256.0,50751830098208,https://cdn.shopify.com/s/files/1/0805/4777/4752/files/SNK001047_Y2.jpg?v=1757327791,https://cdn.shopify.com/s/files/1/0805/4777/4752/files/SNK001047_Y1.jpg?v=1757327791,SNK001047_Y2.jpg
Sparkling Essence Diamond Necklace,14 KT / Yellow Gold,14K,14.5,2.116,210121.0,49777122541856,https://cdn.shopify.com/s/files/1/0805/4777/4752/files/SNK001047_Y2.jpg?v=1757327791,https://cdn.shopify.com/s/files/1/0805/4777/4752/files/SNK001047_Y1.jpg?v=1757327791,SNK001047_Y2.jpg
Sparkling Essence Diamond Necklace,18 KT / Yellow Gold,18K,17.4,2.116,284542.0,49851654504736,https://cdn.shopify.com/s/files/1/0805/4777/4752/files/SNK001047_Y2.jpg?v=1757327791,https://cdn.shopify.com/s/files/1/0805/4777/4752/files/SNK001047_Y1.jpg?v=1757327791,SNK001047_Y2.jpg
Shimmering Halo Diamond Necklace,9 KT / White Gold,9K,12.65,2.272,156449.0,50751830229280,https://cdn.shopify.com/s/files/1/0805/4777/4752/files/SNK001073_W2_a1ec9006-18dd-40e3-90c4-784f328d0d35.jpg?v=1757328181,https://cdn.shopify.com/s/files/1/0805/4777/4752/files/SNK001073_W1.jpg?v=1757328181,SNK001073_W2_a1ec9006-18dd-40e3-90c4-784f328d0d35.jpg
Shimmering Halo Diamond Necklace,14 KT / White Gold,14K,13.9,2.272,210984.0,49777122181408,https://cdn.shopify.com/s/files/1/0805/4777/4752/files/SNK001073_W2_a1ec9006-18dd-40e3-90c4-784f328d0d35.jpg?v=1757328181,https://cdn.shopify.com/s/files/1/0805/4777/4752/files/SNK001073_W1.jpg?v=1757328181,SNK001073_W2_a1ec9006-18dd-40e3-90c4-784f328d0d35.jpg
Shimmering Halo Diamond Necklace,18 KT / White Gold,18K,16.68,2.272,282325.0,49851652210976,https://cdn.shopify.com/s/files/1/0805/4777/4752/files/SNK001073_W2_a1ec9006-18dd-40e3-90c4-784f328d0d35.jpg?v=1757328181,https://cdn.shopify.com/s/files/1/0805/4777/4752/files/SNK001073_W1.jpg?v=1757328181,SNK001073_W2_a1ec9006-18dd-40e3-90c4-784f328d0d35.jpg
Aurora Veil Diamond Necklace,9 KT / Yellow Gold,9K,9.75,1.89,124546.0,50751830425888,https://cdn.shopify.com/s/files/1/0805/4777/4752/files/SNK001045_Y2_5d29c774-1b93-4875-a1c5-5903f23f2012.jpg?v=1757328590,https://cdn.shopify.com/s/files/1/0805/4777/4752/files/SNK001045_Y1.jpg?v=1757328590,SNK001045_Y2_5d29c774-1b93-4875-a1c5-5903f23f2012.jpg
Aurora Veil Diamond Necklace,14 KT / Yellow Gold,14K,11.05,1.89,169761.0,49777122115872,https://cdn.shopify.com/s/files/1/0805/4777/4752/files/SNK001045_Y2_5d29c774-1b93-4875-a1c5-5903f23f2012.jpg?v=1757328590,https://cdn.shopify.com/s/files/1/0805/4777/4752/files/SNK001045_Y1.jpg?v=1757328590,SNK001045_Y2_5d29c774-1b93-4875-a1c5-5903f23f2012.jpg
Aurora Veil Diamond Necklace,18 KT / Yellow Gold,18K,13.0,1.89,223313.0,49846226157856,https://cdn.shopify.com/s/files/1/0805/4777/4752/files/SNK001045_Y2_5d29c774-1b93-4875-a1c5-5903f23f2012.jpg?v=1757328590,https://cdn.shopify.com/s/files/1/0805/4777/4752/files/SNK001045_Y1.jpg?v=1757328590,SNK001045_Y2_5d29c774-1b93-4875-a1c5-5903f23f2012.jpg
Crystal Mirage Diamond Necklace,9 KT / Rose Gold,9K,11.63,2.126,145124.0,50751830524192,https://cdn.shopify.com/s/files/1/0805/4777/4752/files/SNK001046_R2_545af5c6-359f-4c1c-a674-1d1a315f965e.jpg?v=1757328952,https://cdn.shopify.com/s/files/1/0805/4777/4752/files/SNK001046_R1.jpg?v=1757328952,SNK001046_R2_545af5c6-359f-4c1c-a674-1d1a315f965e.jpg
Crystal Mirage Diamond Necklace,14 KT / Rose Gold,14K,13.18,2.126,199051.0,49777121952032,https://cdn.shopify.com/s/files/1/0805/4777/4752/files/SNK001046_R2_545af5c6-359f-4c1c-a674-1d1a315f965e.jpg?v=1757328952,https://cdn.shopify.com/s/files/1/0805/4777/4752/files/SNK001046_R1.jpg?v=1757328952,SNK001046_R2_545af5c6-359f-4c1c-a674-1d1a315f965e.jpg
Crystal Mirage Diamond Necklace,18 KT / Rose Gold,18K,15.5,2.126,262855.0,49846238675232,https://cdn.shopify.com/s/files/1/0805/4777/4752/files/SNK001046_R2_545af5c6-359f-4c1c-a674-1d1a315f965e.jpg?v=1757328952,https://cdn.shopify.com/s/files/1/0805/4777/4752/files/SNK001046_R1.jpg?v=1757328952,SNK001046_R2_545af5c6-359f-4c1c-a674-1d1a315f965e.jpg
Velvet Mirage Diamond Necklace,9 KT / Yellow Gold,9K,10.17,2.014,128320.0,50751830950176,https://cdn.shopify.com/s/files/1/0805/4777/4752/files/SNK001052_Y2_61e18dba-2fae-4d48-bb21-2da4ca519d1b.jpg?v=1757329154,https://cdn.shopify.com/s/files/1/0805/4777/4752/files/SNK001052_Y1.jpg?v=1757329154,SNK001052_Y2_61e18dba-2fae-4d48-bb21-2da4ca519d1b.jpg
Velvet Mirage Diamond Necklace,14 KT / Yellow Gold,14K,11.18,2.014,172211.0,49777121689888,https://cdn.shopify.com/s/files/1/0805/4777/4752/files/SNK001052_Y2_61e18dba-2fae-4d48-bb21-2da4ca519d1b.jpg?v=1757329154,https://cdn.shopify.com/s/files/1/0805/4777/4752/files/SNK001052_Y1.jpg?v=1757329154,SNK001052_Y2_61e18dba-2fae-4d48-bb21-2da4ca519d1b.jpg
Velvet Mirage Diamond Necklace,18 KT / Yellow Gold,18K,13.41,2.014,229519.0,49848411324704,https://cdn.shopify.com/s/files/1/0805/4777/4752/files/SNK001052_Y2_61e18dba-2fae-4d48-bb21-2da4ca519d1b.jpg?v=1757329154,https://cdn.shopify.com/s/files/1/0805/4777/4752/files/SNK001052_Y1.jpg?v=1757329154,SNK001052_Y2_61e18dba-2fae-4d48-bb21-2da4ca519d1b.jpg
Stellar Twilight Diamond Necklace,9 KT / White Gold,9K,7.41,1.802,104406.0,50751831343392,https://cdn.shopify.com/s/files/1/0805/4777/4752/files/SNK001050_W2_ef257b6d-dc3a-4866-adbc-02660cc38d8c.jpg?v=1757329697,https://cdn.shopify.com/s/files/1/0805/4777/4752/files/SNK001050_W1.jpg?v=1757329697,SNK001050_W2_ef257b6d-dc3a-4866-adbc-02660cc38d8c.jpg
Stellar Twilight Diamond Necklace,14 KT / White Gold,14K,8.4,1.802,138788.0,49777121231136,https://cdn.shopify.com/s/files/1/0805/4777/4752/files/SNK001050_W2_ef257b6d-dc3a-4866-adbc-02660cc38d8c.jpg?v=1757329697,https://cdn.shopify.com/s/files/1/0805/4777/4752/files/SNK001050_W1.jpg?v=1757329697,SNK001050_W2_ef257b6d-dc3a-4866-adbc-02660cc38d8c.jpg
Stellar Twilight Diamond Necklace,18 KT / White Gold,18K,9.88,1.802,179470.0,49848405229856,https://cdn.shopify.com/s/files/1/0805/4777/4752/files/SNK001050_W2_ef257b6d-dc3a-4866-adbc-02660cc38d8c.jpg?v=1757329697,https://cdn.shopify.com/s/files/1/0805/4777/4752/files/SNK001050_W1.jpg?v=1757329697,SNK001050_W2_ef257b6d-dc3a-4866-adbc-02660cc38d8c.jpg
Opal Serenity Diamond Necklace,9 KT / Yellow Gold,9K,8.13,1.477,99032.0,50751831933216,https://cdn.shopify.com/s/files/1/0805/4777/4752/files/SNK001065_Y2_7841dbb2-17c7-472f-8864-7d8ec8842d9a.jpg?v=1757329872,https://cdn.shopify.com/s/files/1/0805/4777/4752/files/SNK001065_Y1.jpg?v=1757329872,SNK001065_Y2_7841dbb2-17c7-472f-8864-7d8ec8842d9a.jpg
Opal Serenity Diamond Necklace,14 KT / Yellow Gold,14K,8.94,1.477,134143.0,49777121198368,https://cdn.shopify.com/s/files/1/0805/4777/4752/files/SNK001065_Y2_7841dbb2-17c7-472f-8864-7d8ec8842d9a.jpg?v=1757329872,https://cdn.shopify.com/s/files/1/0805/4777/4752/files/SNK001065_Y1.jpg?v=1757329872,SNK001065_Y2_7841dbb2-17c7-472f-8864-7d8ec8842d9a.jpg
Opal Serenity Diamond Necklace,18 KT / Yellow Gold,18K,10.72,1.477,179930.0,49846572613920,https://cdn.shopify.com/s/files/1/0805/4777/4752/files/SNK001065_Y2_7841dbb2-17c7-472f-8864-7d8ec8842d9a.jpg?v=1757329872,https://cdn.shopify.com/s/files/1/0805/4777/4752/files/SNK001065_Y1.jpg?v=1757329872,SNK001065_Y2_7841dbb2-17c7-472f-8864-7d8ec8842d9a.jpg
Eternal Radiance Diamond Necklace,9 KT / Yellow Gold,9K,8.93,2.026,121526.0,50751832031520,https://cdn.shopify.com/s/files/1/0805/4777/4752/files/SNK001069_Y2_6960698a-a9e1-49a7-915e-f9a49a4909e2.jpg?v=1757331161,https://cdn.shopify.com/s/files/1/0805/4777/4752/files/SNK001069_Y1.jpg?v=1757331161,SNK001069_Y2_6960698a-a9e1-49a7-915e-f9a49a4909e2.jpg
Eternal Radiance Diamond Necklace,14 KT / Yellow Gold,14K,9.82,2.026,160096.0,49777121100064,https://cdn.shopify.com/s/files/1/0805/4777/4752/files/SNK001069_W2_fc6e5d06-4297-4057-9ff9-f72fff26f134.jpg?v=1757331161,https://cdn.shopify.com/s/files/1/0805/4777/4752/files/SNK001069_Y2_6960698a-a9e1-49a7-915e-f9a49a4909e2.jpg?v=1757331161,SNK001069_W2_fc6e5d06-4297-4057-9ff9-f72fff26f134.jpg
Eternal Radiance Diamond Necklace,18 KT / Yellow Gold,18K,11.78,2.026,210448.0,49846300311840,https://cdn.shopify.com/s/files/1/0805/4777/4752/files/SNK001069_W2_fc6e5d06-4297-4057-9ff9-f72fff26f134.jpg?v=1757331161,https://cdn.shopify.com/s/files/1/0805/4777/4752/files/SNK001069_Y2_6960698a-a9e1-49a7-915e-f9a49a4909e2.jpg?v=1757331161,SNK001069_W2_fc6e5d06-4297-4057-9ff9-f72fff26f134.jpg
Radiance Cascade Diamond Necklace,9 KT / Rose Gold,9K,15.83,3.973,222091.0,50751832129824,https://cdn.shopify.com/s/files/1/0805/4777/4752/files/SNK001075_R2_55106042-e639-4c01-a699-e346df619a76.jpg?v=1757331499,https://cdn.shopify.com/s/files/1/0805/4777/4752/files/SNK001075_R1.jpg?v=1757331499,SNK001075_R2_55106042-e639-4c01-a699-e346df619a76.jpg
Radiance Cascade Diamond Necklace,14 KT / Rose Gold,14K,17.4,3.973,290389.0,49777120739616,https://cdn.shopify.com/s/files/1/0805/4777/4752/files/SNK001075_R2_55106042-e639-4c01-a699-e346df619a76.jpg?v=1757331499,https://cdn.shopify.com/s/files/1/0805/4777/4752/files/SNK001075_R1.jpg?v=1757331499,SNK001075_R2_55106042-e639-4c01-a699-e346df619a76.jpg
Radiance Cascade Diamond Necklace,18 KT / Rose Gold,18K,20.87,3.973,379572.0,49848376918304,https://cdn.shopify.com/s/files/1/0805/4777/4752/files/SNK001075_R2_55106042-e639-4c01-a699-e346df619a76.jpg?v=1757331499,https://cdn.shopify.com/s/files/1/0805/4777/4752/files/SNK001075_R1.jpg?v=1757331499,SNK001075_R2_55106042-e639-4c01-a699-e346df619a76.jpg
Radiant Enchantment Diamond Necklace,9 KT / Yellow Gold,9K,35.79,12.273,589900.0,50751832293664,https://cdn.shopify.com/s/files/1/0805/4777/4752/files/SNK001051_Y2_d5df0cb5-54fc-451c-8227-73184a618398.jpg?v=1757331784,https://cdn.shopify.com/s/files/1/0805/4777/4752/files/SNK001051_Y1.jpg?v=1757331784,SNK001051_Y2_d5df0cb5-54fc-451c-8227-73184a618398.jpg
Radiant Enchantment Diamond Necklace,14 KT / Yellow Gold,14K,39.33,12.273,744225.0,49777120674080,https://cdn.shopify.com/s/files/1/0805/4777/4752/files/SNK001051_Y2_d5df0cb5-54fc-451c-8227-73184a618398.jpg?v=1757331784,https://cdn.shopify.com/s/files/1/0805/4777/4752/files/SNK001051_Y1.jpg?v=1757331784,SNK001051_Y2_d5df0cb5-54fc-451c-8227-73184a618398.jpg
Radiant Enchantment Diamond Necklace,18 KT / Yellow Gold,18K,47.19,12.273,946012.0,49848381735200,https://cdn.shopify.com/s/files/1/0805/4777/4752/files/SNK001051_Y2_d5df0cb5-54fc-451c-8227-73184a618398.jpg?v=1757331784,https://cdn.shopify.com/s/files/1/0805/4777/4752/files/SNK001051_Y1.jpg?v=1757331784,SNK001051_Y2_d5df0cb5-54fc-451c-8227-73184a618398.jpg
Dazzling Aura Diamond Necklace,9 KT / Yellow Gold,9K,10.48,1.919,131253.0,50751832785184,https://cdn.shopify.com/s/files/1/0805/4777/4752/files/SNK001053_Y2.jpg?v=1757331983,https://cdn.shopify.com/s/files/1/0805/4777/4752/files/SNK001053_Y1.jpg?v=1757331983,SNK001053_Y2.jpg
Dazzling Aura Diamond Necklace,14 KT / Yellow Gold,14K,11.88,1.919,179879.0,49777120575776,https://cdn.shopify.com/s/files/1/0805/4777/4752/files/SNK001053_Y2.jpg?v=1757331983,https://cdn.shopify.com/s/files/1/0805/4777/4752/files/SNK001053_Y1.jpg?v=1757331983,SNK001053_Y2.jpg
Dazzling Aura Diamond Necklace,18 KT / Yellow Gold,18K,13.98,1.919,237497.0,49846242279712,https://cdn.shopify.com/s/files/1/0805/4777/4752/files/SNK001053_Y2.jpg?v=1757331983,https://cdn.shopify.com/s/files/1/0805/4777/4752/files/SNK001053_Y1.jpg?v=1757331983,SNK001053_Y2.jpg
Opulent Charm Diamond Necklace,9 KT / Yellow Gold,9K,9.16,1.778,118187.0,50751832883488,https://cdn.shopify.com/s/files/1/0805/4777/4752/files/SNK001049_Y2.jpg?v=1757332237,https://cdn.shopify.com/s/files/1/0805/4777/4752/files/SNK001049_Y1.jpg?v=1757332237,SNK001049_Y2.jpg
Opulent Charm Diamond Necklace,14 KT / Yellow Gold,14K,10.38,1.778,160653.0,49777120346400,https://cdn.shopify.com/s/files/1/0805/4777/4752/files/SNK001049_Y2.jpg?v=1757332237,https://cdn.shopify.com/s/files/1/0805/4777/4752/files/SNK001049_Y1.jpg?v=1757332237,SNK001049_Y2.jpg
Opulent Charm Diamond Necklace,18 KT / Yellow Gold,18K,12.21,1.778,210937.0,49846576972064,https://cdn.shopify.com/s/files/1/0805/4777/4752/files/SNK001049_Y2.jpg?v=1757332237,https://cdn.shopify.com/s/files/1/0805/4777/4752/files/SNK001049_Y1.jpg?v=1757332237,SNK001049_Y2.jpg
Twilight Grace Diamond Necklace,9 KT / Rose Gold,9K,12.07,2.451,153907.0,50751832981792,https://cdn.shopify.com/s/files/1/0805/4777/4752/files/SNK001071_R2_aadefcb7-397f-4c49-ac73-e91489a0d489.jpg?v=1757332578,https://cdn.shopify.com/s/files/1/0805/4777/4752/files/SNK001071_R1.jpg?v=1757332578,SNK001071_R2_aadefcb7-397f-4c49-ac73-e91489a0d489.jpg
Twilight Grace Diamond Necklace,14 KT / Rose Gold,14K,13.26,2.451,205916.0,49777120117024,https://cdn.shopify.com/s/files/1/0805/4777/4752/files/SNK001071_R2_aadefcb7-397f-4c49-ac73-e91489a0d489.jpg?v=1757332578,https://cdn.shopify.com/s/files/1/0805/4777/4752/files/SNK001071_R1.jpg?v=1757332578,SNK001071_R2_aadefcb7-397f-4c49-ac73-e91489a0d489.jpg
Twilight Grace Diamond Necklace,18 KT / Rose Gold,18K,15.91,2.451,273948.0,49848406016288,https://cdn.shopify.com/s/files/1/0805/4777/4752/files/SNK001071_R2_aadefcb7-397f-4c49-ac73-e91489a0d489.jpg?v=1757332578,https://cdn.shopify.com/s/files/1/0805/4777/4752/files/SNK001071_R1.jpg?v=1757332578,SNK001071_R2_aadefcb7-397f-4c49-ac73-e91489a0d489.jpg
Glimmering Serenade Diamond Necklace,9 KT / Yellow Gold,9K,17.34,3.776,232553.0,50751833080096,https://cdn.shopify.com/s/files/1/0805/4777/4752/files/SNK001062_Y2_d09320e0-cb1e-4829-94da-5fd11b180ac9.jpg?v=1757332738,https://cdn.shopify.com/s/files/1/0805/4777/4752/files/SNK001062_Y1.jpg?v=1757332738,SNK001062_Y2_d09320e0-cb1e-4829-94da-5fd11b180ac9.jpg
Glimmering Serenade Diamond Necklace,14 KT / Yellow Gold,14K,19.65,3.776,312947.0,49777117987104,https://cdn.shopify.com/s/files/1/0805/4777/4752/files/SNK001062_Y2_d09320e0-cb1e-4829-94da-5fd11b180ac9.jpg?v=1757332738,https://cdn.shopify.com/s/files/1/0805/4777/4752/files/SNK001062_Y1.jpg?v=1757332738,SNK001062_Y2_d09320e0-cb1e-4829-94da-5fd11b180ac9.jpg
Glimmering Serenade Diamond Necklace,18 KT / Yellow Gold,18K,23.12,3.776,408208.0,49846370959648,https://cdn.shopify.com/s/files/1/0805/4777/4752/files/SNK001062_Y2_d09320e0-cb1e-4829-94da-5fd11b180ac9.jpg?v=1757332738,https://cdn.shopify.com/s/files/1/0805/4777/4752/files/SNK001062_Y1.jpg?v=1757332738,SNK001062_Y2_d09320e0-cb1e-4829-94da-5fd11b180ac9.jpg
Luxe Nova Diamond Chain Necklace,9 KT / White Gold,9K,3.94,3.392,177603.0,50738390794528,https://cdn.shopify.com/s/files/1/0805/4777/4752/files/DPN000274_W1_968a8644-48d4-4a27-9597-cf467ed65e20.jpg?v=1747980248,https://cdn.shopify.com/s/files/1/0805/4777/4752/files/DPN000274_W2_66396c15-6b0d-4fa9-864a-fcbe33ea336a.jpg?v=1747980248,DPN000274_W1_968a8644-48d4-4a27-9597-cf467ed65e20.jpg
Luxe Nova Diamond Chain Necklace,14 KT / White Gold,14K,4.46,3.392,195824.0,47548302065952,https://cdn.shopify.com/s/files/1/0805/4777/4752/files/DPN000274_W1_968a8644-48d4-4a27-9597-cf467ed65e20.jpg?v=1747980248,https://cdn.shopify.com/s/files/1/0805/4777/4752/files/DPN000274_W2_66396c15-6b0d-4fa9-864a-fcbe33ea336a.jpg?v=1747980248,DPN000274_W1_968a8644-48d4-4a27-9597-cf467ed65e20.jpg
Luxe Nova Diamond Chain Necklace,18 KT / White Gold,18K,5.25,3.392,217475.0,49845739815200,https://cdn.shopify.com/s/files/1/0805/4777/4752/files/DPN000274_W1_968a8644-48d4-4a27-9597-cf467ed65e20.jpg?v=1747980248,https://cdn.shopify.com/s/files/1/0805/4777/4752/files/DPN000274_W2_66396c15-6b0d-4fa9-864a-fcbe33ea336a.jpg?v=1747980248,DPN000274_W1_968a8644-48d4-4a27-9597-cf467ed65e20.jpg
Radiant Elegance Diamond Chain Necklace,9 KT / Rose Gold,9K,0.67,0.53,23775.0,50738393022752,https://cdn.shopify.com/s/files/1/0805/4777/4752/files/DPN000214_R1.jpg?v=1748340514,https://cdn.shopify.com/s/files/1/0805/4777/4752/files/DPN000214_R2.jpg?v=1748340514,DPN000214_R1.jpg
Radiant Elegance Diamond Chain Necklace,14 KT / Rose Gold,14K,0.76,0.53,26889.0,47548298133792,https://cdn.shopify.com/s/files/1/0805/4777/4752/files/DPN000214_R1.jpg?v=1748340514,https://cdn.shopify.com/s/files/1/0805/4777/4752/files/DPN000214_R2.jpg?v=1748340514,DPN000214_R1.jpg
Radiant Elegance Diamond Chain Necklace,18 KT / Rose Gold,18K,0.89,0.53,30522.0,49845955395872,https://cdn.shopify.com/s/files/1/0805/4777/4752/files/DPN000214_R1.jpg?v=1748340514,https://cdn.shopify.com/s/files/1/0805/4777/4752/files/DPN000214_R2.jpg?v=1748340514,DPN000214_R1.jpg
