Product Title,Variant Title,Purity,Gold Weight,Diamond Weight,Price,Variant ID,Image 1,Image 2,LocalImage
Clarity Cuff Diamond Flexi Bracelet,9 KT / White Gold,9K,5.69,1.11,78122.0,51063909515552,https://cdn.shopify.com/s/files/1/0805/4777/4752/files/KI-BG00046-045_W1.jpg?v=1766755943,https://cdn.shopify.com/s/files/1/0805/4777/4752/files/KI-BG00046-045_W2.jpg?v=1766755943,KI-BG00046-045_W1.jpg
Clarity Cuff Diamond Flexi Bracelet,14 KT / White Gold,14K,6.25,1.11,102631.0,51063909613856,https://cdn.shopify.com/s/files/1/0805/4777/4752/files/KI-BG00046-045_W1.jpg?v=1766755943,https://cdn.shopify.com/s/files/1/0805/4777/4752/files/KI-BG00046-045_W2.jpg?v=1766755943,KI-BG00046-045_W1.jpg
Clarity Cuff Diamond Flexi Bracelet,18 KT / White Gold,18K,7.5,1.11,134709.0,51063909712160,https://cdn.shopify.com/s/files/1/0805/4777/4752/files/KI-BG00046-045_W1.jpg?v=1766755943,https://cdn.shopify.com/s/files/1/0805/4777/4752/files/KI-BG00046-045_W2.jpg?v=1766755943,KI-BG00046-045_W1.jpg
Soft Glow Diamond Flexi Bracelet,9 KT / Rose Gold,9K,4.5,1.21,73862.0,51063909187872,https://cdn.shopify.com/s/files/1/0805/4777/4752/files/KI-BG00041-045_R1.jpg?v=1766754959,https://cdn.shopify.com/s/files/1/0805/4777/4752/files/KI-BG00041-045_R2.jpg?v=1766754959,KI-BG00041-045_R1.jpg
Soft Glow Diamond Flexi Bracelet,14 KT / Rose Gold,14K,4.97,1.21,93501.0,51063909286176,https://cdn.shopify.com/s/files/1/0805/4777/4752/files/KI-BG00041-045_R1.jpg?v=1766754959,https://cdn.shopify.com/s/files/1/0805/4777/4752/files/KI-BG00041-045_R2.jpg?v=1766754959,KI-BG00041-045_R1.jpg
Soft Glow Diamond Flexi Bracelet,18 KT / Rose Gold,18K,5.85,1.21,117624.0,51063909384480,https://cdn.shopify.com/s/files/1/0805/4777/4752/files/KI-BG00041-045_R1.jpg?v=1766754959,https://cdn.shopify.com/s/files/1/0805/4777/4752/files/KI-BG00041-045_R2.jpg?v=1766754959,KI-BG00041-045_R1.jpg
NovaBand Diamond Flexi Bracelet,9 KT / Yellow Gold,9K,4.78,1.38,80716.0,51063908860192,https://cdn.shopify.com/s/files/1/0805/4777/4752/files/KI-BG00044-045_Y1.jpg?v=1766753276,https://cdn.shopify.com/s/files/1/0805/4777/4752/files/KI-BG00044-045_Y2.jpg?v=1766753311,KI-BG00044-045_Y1.jpg
NovaBand Diamond Flexi Bracelet,14 KT / Yellow Gold,14K,5.25,1.38,101301.0,51063908958496,https://cdn.shopify.com/s/files/1/0805/4777/4752/files/KI-BG00044-045_Y1.jpg?v=1766753276,https://cdn.shopify.com/s/files/1/0805/4777/4752/files/KI-BG00044-045_Y2.jpg?v=1766753311,KI-BG00044-045_Y1.jpg
NovaBand Diamond Flexi Bracelet,18 KT / Yellow Gold,18K,6.3,1.38,128246.0,51063909056800,https://cdn.shopify.com/s/files/1/0805/4777/4752/files/KI-BG00044-045_Y1.jpg?v=1766753276,https://cdn.shopify.com/s/files/1/0805/4777/4752/files/KI-BG00044-045_Y2.jpg?v=1766753311,KI-BG00044-045_Y1.jpg
Veloura Diamond Flexi Bracelet,9 KT / Yellow Gold,9K,4.78,1.04,69204.0,51063908565280,https://cdn.shopify.com/s/files/1/0805/4777/4752/files/KI-BG00042-045_Y1.jpg?v=1766488561,https://cdn.shopify.com/s/files/1/0805/4777/4752/files/KI-BG00042-045_Y2.jpg?v=1766488726,KI-BG00042-045_Y1.jpg
Veloura Diamond Flexi Bracelet,14 KT / Yellow Gold,14K,5.25,1.04,89789.0,51063908663584,https://cdn.shopify.com/s/files/1/0805/4777/4752/files/KI-BG00042-045_Y1.jpg?v=1766488561,https://cdn.shopify.com/s/files/1/0805/4777/4752/files/KI-BG00042-045_Y2.jpg?v=1766488726,KI-BG00042-045_Y1.jpg
Veloura Diamond Flexi Bracelet,18 KT / Yellow Gold,18K,6.3,1.04,116734.0,51063908761888,https://cdn.shopify.com/s/files/1/0805/4777/4752/files/KI-BG00042-045_Y1.jpg?v=1766488561,https://cdn.shopify.com/s/files/1/0805/4777/4752/files/KI-BG00042-045_Y2.jpg?v=1766488726,KI-BG00042-045_Y1.jpg
Lustra Flex Diamond Flexi Bracelet,9 KT / Yellow Gold,9K,4.37,1.02,65135.0,51063905419552,https://cdn.shopify.com/s/files/1/0805/4777/4752/files/KI-BG00040-045_Y1.jpg?v=1766753269,https://cdn.shopify.com/s/files/1/0805/4777/4752/files/KI-BG00040-045_Y2.jpg?v=1766753307,KI-BG00040-045_Y1.jpg
Lustra Flex Diamond Flexi Bracelet,14 KT / Yellow Gold,14K,4.81,1.02,84052.0,51063905517856,https://cdn.shopify.com/s/files/1/0805/4777/4752/files/KI-BG00040-045_Y1.jpg?v=1766753269,https://cdn.shopify.com/s/files/1/0805/4777/4752/files/KI-BG00040-045_Y2.jpg?v=1766753307,KI-BG00040-045_Y1.jpg
Lustra Flex Diamond Flexi Bracelet,18 KT / Yellow Gold,18K,5.77,1.02,108715.0,51063905616160,https://cdn.shopify.com/s/files/1/0805/4777/4752/files/KI-BG00040-045_Y1.jpg?v=1766753269,https://cdn.shopify.com/s/files/1/0805/4777/4752/files/KI-BG00040-045_Y2.jpg?v=1766753307,KI-BG00040-045_Y1.jpg
Lucent Flow Diamond Openable Bangle,9 KT / Rose Gold,9K,13.86,15.0,619306.0,51045580046624,https://cdn.shopify.com/s/files/1/0805/4777/4752/files/KI-BG00013-030_R1.jpg?v=1766754563,https://cdn.shopify.com/s/files/1/0805/4777/4752/files/KI-BG00013-030.jpg?v=1767765414,KI-BG00013-030_R1.jpg
Lucent Flow Diamond Openable Bangle,14 KT / Rose Gold,14K,15.3,15.0,679723.0,51045580144928,https://cdn.shopify.com/s/files/1/0805/4777/4752/files/KI-BG00013-030_R1.jpg?v=1766754563,https://cdn.shopify.com/s/files/1/0805/4777/4752/files/KI-BG00013-030.jpg?v=1767765414,KI-BG00013-030_R1.jpg
Lucent Flow Diamond Openable Bangle,18 KT / Rose Gold,18K,18.0,15.0,753873.0,51045580243232,https://cdn.shopify.com/s/files/1/0805/4777/4752/files/KI-BG00013-030_R1.jpg?v=1766754563,https://cdn.shopify.com/s/files/1/0805/4777/4752/files/KI-BG00013-030.jpg?v=1767765414,KI-BG00013-030_R1.jpg
Linelink Diamond Kada Bracelet,9 KT / Rose Gold,9K,13.2,5.2,242247.0,51045579358496,https://cdn.shopify.com/s/files/1/0805/4777/4752/files/KI-BRL00124_R1.jpg?v=1766138555,https://cdn.shopify.com/s/files/1/0805/4777/4752/files/KI-BRL00124_R2.jpg?v=1766138555,KI-BRL00124_R1.jpg
Linelink Diamond Kada Bracelet,14 KT / Rose Gold,14K,14.51,5.2,299207.0,51045579456800,https://cdn.shopify.com/s/files/1/0805/4777/4752/files/KI-BRL00124_R1.jpg?v=1766138555,https://cdn.shopify.com/s/files/1/0805/4777/4752/files/KI-BRL00124_R2.jpg?v=1766138555,KI-BRL00124_R1.jpg
Linelink Diamond Kada Bracelet,18 KT / Rose Gold,18K,17.41,5.2,373654.0,51045579555104,https://cdn.shopify.com/s/files/1/0805/4777/4752/files/KI-BRL00124_R1.jpg?v=1766138555,https://cdn.shopify.com/s/files/1/0805/4777/4752/files/KI-BRL00124_R2.jpg?v=1766138555,KI-BRL00124_R1.jpg
Joyband Diamond Kada Bracelet,9 KT / Yellow Gold,9K,7.95,2.26,132396.0,51045576835360,https://cdn.shopify.com/s/files/1/0805/4777/4752/files/KI-BRL00035_Y1.jpg?v=1766126241,https://cdn.shopify.com/s/files/1/0805/4777/4752/files/KI-BRL00035_Y2.jpg?v=1766126452,KI-BRL00035_Y1.jpg
Joyband Diamond Kada Bracelet,14 KT / Yellow Gold,14K,8.74,2.26,166711.0,51045576933664,https://cdn.shopify.com/s/files/1/0805/4777/4752/files/KI-BRL00035_Y1.jpg?v=1766126241,https://cdn.shopify.com/s/files/1/0805/4777/4752/files/KI-BRL00035_Y2.jpg?v=1766126452,KI-BRL00035_Y1.jpg
Joyband Diamond Kada Bracelet,18 KT / Yellow Gold,18K,10.49,2.26,211593.0,51045577031968,https://cdn.shopify.com/s/files/1/0805/4777/4752/files/KI-BRL00035_Y1.jpg?v=1766126241,https://cdn.shopify.com/s/files/1/0805/4777/4752/files/KI-BRL00035_Y2.jpg?v=1766126452,KI-BRL00035_Y1.jpg
1.08 Carat Refined Glow Diamond Flexi Bracelet,9 KT / Yellow Gold,9K,5.09,1.08,73701.0,51045576016160,https://cdn.shopify.com/s/files/1/0805/4777/4752/files/KI-BG00053-040_Y1.jpg?v=1766126234,https://cdn.shopify.com/s/files/1/0805/4777/4752/files/KI-BG00053-040_Y2.jpg?v=1766126447,KI-BG00053-040_Y1.jpg
1.08 Carat Refined Glow Diamond Flexi Bracelet,14 KT / Yellow Gold,14K,5.61,1.08,95806.0,51045576114464,https://cdn.shopify.com/s/files/1/0805/4777/4752/files/KI-BG00053-040_Y1.jpg?v=1766126234,https://cdn.shopify.com/s/files/1/0805/4777/4752/files/KI-BG00053-040_Y2.jpg?v=1766126447,KI-BG00053-040_Y1.jpg
1.08 Carat Refined Glow Diamond Flexi Bracelet,18 KT / Yellow Gold,18K,6.6,1.08,122994.0,51045576212768,https://cdn.shopify.com/s/files/1/0805/4777/4752/files/KI-BG00053-040_Y1.jpg?v=1766126234,https://cdn.shopify.com/s/files/1/0805/4777/4752/files/KI-BG00053-040_Y2.jpg?v=1766126447,KI-BG00053-040_Y1.jpg
Linear Luxe Diamond Flexi Bracelet,9 KT / Rose Gold,9K,4.77,1.27,77959.0,51045575590176,https://cdn.shopify.com/s/files/1/0805/4777/4752/files/KI-BG00054-045_R1.jpg?v=1766150025,https://cdn.shopify.com/s/files/1/0805/4777/4752/files/KI-BG00054-045_R2.jpg?v=1766150025,KI-BG00054-045_R1.jpg
Linear Luxe Diamond Flexi Bracelet,14 KT / Rose Gold,14K,5.27,1.27,98794.0,51045575688480,https://cdn.shopify.com/s/files/1/0805/4777/4752/files/KI-BG00054-045_R1.jpg?v=1766150025,https://cdn.shopify.com/s/files/1/0805/4777/4752/files/KI-BG00054-045_R2.jpg?v=1766150025,KI-BG00054-045_R1.jpg
Linear Luxe Diamond Flexi Bracelet,18 KT / Rose Gold,18K,6.2,1.27,124334.0,51045575786784,https://cdn.shopify.com/s/files/1/0805/4777/4752/files/KI-BG00054-045_R1.jpg?v=1766150025,https://cdn.shopify.com/s/files/1/0805/4777/4752/files/KI-BG00054-045_R2.jpg?v=1766150025,KI-BG00054-045_R1.jpg
Line of Brilliance Diamond Flexi Bracelet,9 KT / White Gold,9K,5.23,0.85,65916.0,51045575229728,https://cdn.shopify.com/s/files/1/0805/4777/4752/files/KI-BG00046-030_W1.jpg?v=1766150078,https://cdn.shopify.com/s/files/1/0805/4777/4752/files/KI-BG00046-030_W2.jpg?v=1766150078,KI-BG00046-030_W1.jpg
Line of Brilliance Diamond Flexi Bracelet,14 KT / White Gold,14K,5.75,0.85,88493.0,51045575328032,https://cdn.shopify.com/s/files/1/0805/4777/4752/files/KI-BG00046-030_W1.jpg?v=1766150078,https://cdn.shopify.com/s/files/1/0805/4777/4752/files/KI-BG00046-030_W2.jpg?v=1766150078,KI-BG00046-030_W1.jpg
Line of Brilliance Diamond Flexi Bracelet,18 KT / White Gold,18K,6.9,0.85,118004.0,51045575426336,https://cdn.shopify.com/s/files/1/0805/4777/4752/files/KI-BG00046-030_W1.jpg?v=1766150078,https://cdn.shopify.com/s/files/1/0805/4777/4752/files/KI-BG00046-030_W2.jpg?v=1766150078,KI-BG00046-030_W1.jpg
0.84 Cents Refined Glow Diamond Flexi Bracelet,9 KT / Yellow Gold,9K,5.12,0.84,64758.0,51045574869280,https://cdn.shopify.com/s/files/1/0805/4777/4752/files/KI-BG00053-030_Y1.jpg?v=1766126229,https://cdn.shopify.com/s/files/1/0805/4777/4752/files/KI-BG00053-030_Y2.jpg?v=1766126444,KI-BG00053-030_Y1.jpg
0.84 Cents Refined Glow Diamond Flexi Bracelet,14 KT / Yellow Gold,14K,5.62,0.84,86774.0,51045574967584,https://cdn.shopify.com/s/files/1/0805/4777/4752/files/KI-BG00053-030_Y1.jpg?v=1766126229,https://cdn.shopify.com/s/files/1/0805/4777/4752/files/KI-BG00053-030_Y2.jpg?v=1766126444,KI-BG00053-030_Y1.jpg
0.84 Cents Refined Glow Diamond Flexi Bracelet,18 KT / Yellow Gold,18K,6.75,0.84,115692.0,51045575065888,https://cdn.shopify.com/s/files/1/0805/4777/4752/files/KI-BG00053-030_Y1.jpg?v=1766126229,https://cdn.shopify.com/s/files/1/0805/4777/4752/files/KI-BG00053-030_Y2.jpg?v=1766126444,KI-BG00053-030_Y1.jpg
Aura Diamond Flexi Bracelet,9 KT / Rose Gold,9K,5.11,0.89,66172.0,51045574443296,https://cdn.shopify.com/s/files/1/0805/4777/4752/files/KI-BG00040-030_R1.jpg?v=1766150581,https://cdn.shopify.com/s/files/1/0805/4777/4752/files/KI-BG00040-030_R2.jpg?v=1766150581,KI-BG00040-030_R1.jpg
Aura Diamond Flexi Bracelet,14 KT / Rose Gold,14K,5.61,0.89,88155.0,51045574541600,https://cdn.shopify.com/s/files/1/0805/4777/4752/files/KI-BG00040-030_R1.jpg?v=1766150581,https://cdn.shopify.com/s/files/1/0805/4777/4752/files/KI-BG00040-030_R2.jpg?v=1766150581,KI-BG00040-030_R1.jpg
Aura Diamond Flexi Bracelet,18 KT / Rose Gold,18K,6.73,0.89,116923.0,51045574639904,https://cdn.shopify.com/s/files/1/0805/4777/4752/files/KI-BG00040-030_R1.jpg?v=1766150581,https://cdn.shopify.com/s/files/1/0805/4777/4752/files/KI-BG00040-030_R2.jpg?v=1766150581,KI-BG00040-030_R1.jpg
Elan Curve Diamond Flexi Bracelet,9 KT / Rose Gold,9K,5.02,1.19,75876.0,51045574115616,https://cdn.shopify.com/s/files/1/0805/4777/4752/files/KI-BG00058-045_R1.jpg?v=1766755995,https://cdn.shopify.com/s/files/1/0805/4777/4752/files/KI-BG00058-045_R2.jpg?v=1766755995,KI-BG00058-045_R1.jpg
Elan Curve Diamond Flexi Bracelet,14 KT / Rose Gold,14K,5.51,1.19,97461.0,51045574213920,https://cdn.shopify.com/s/files/1/0805/4777/4752/files/KI-BG00058-045_R1.jpg?v=1766755995,https://cdn.shopify.com/s/files/1/0805/4777/4752/files/KI-BG00058-045_R2.jpg?v=1766755995,KI-BG00058-045_R1.jpg
Elan Curve Diamond Flexi Bracelet,18 KT / Rose Gold,18K,6.61,1.19,125716.0,51045574312224,https://cdn.shopify.com/s/files/1/0805/4777/4752/files/KI-BG00058-045_R1.jpg?v=1766755995,https://cdn.shopify.com/s/files/1/0805/4777/4752/files/KI-BG00058-045_R2.jpg?v=1766755995,KI-BG00058-045_R1.jpg
1.35 Carat Refined Glow Diamond Flexi Bracelet,9 KT / Rose Gold,9K,4.95,1.352,80531.0,51045573755168,https://cdn.shopify.com/s/files/1/0805/4777/4752/files/KI-BG00003_R1.jpg?v=1766151832,https://cdn.shopify.com/s/files/1/0805/4777/4752/files/KI-BG00003_R2.jpg?v=1766151832,KI-BG00003_R1.jpg
1.35 Carat Refined Glow Diamond Flexi Bracelet,14 KT / Rose Gold,14K,5.44,1.352,101879.0,51045573853472,https://cdn.shopify.com/s/files/1/0805/4777/4752/files/KI-BG00003_R1.jpg?v=1766151832,https://cdn.shopify.com/s/files/1/0805/4777/4752/files/KI-BG00003_R2.jpg?v=1766151832,KI-BG00003_R1.jpg
1.35 Carat Refined Glow Diamond Flexi Bracelet,18 KT / Rose Gold,18K,6.53,1.352,129824.0,51045573951776,https://cdn.shopify.com/s/files/1/0805/4777/4752/files/KI-BG00003_R1.jpg?v=1766151832,https://cdn.shopify.com/s/files/1/0805/4777/4752/files/KI-BG00003_R2.jpg?v=1766151832,KI-BG00003_R1.jpg
Opulence Diamond Flexi Bracelet,9 KT / Yellow Gold,9K,4.87,0.89,64340.0,51045573427488,https://cdn.shopify.com/s/files/1/0805/4777/4752/files/KI-BG00048-030_Y1.jpg?v=1766753283,https://cdn.shopify.com/s/files/1/0805/4777/4752/files/KI-BG00048-030_Y2.jpg?v=1766753316,KI-BG00048-030_Y1.jpg
Opulence Diamond Flexi Bracelet,14 KT / Yellow Gold,14K,5.35,0.89,85323.0,51045573525792,https://cdn.shopify.com/s/files/1/0805/4777/4752/files/KI-BG00048-030_Y1.jpg?v=1766753283,https://cdn.shopify.com/s/files/1/0805/4777/4752/files/KI-BG00048-030_Y2.jpg?v=1766753316,KI-BG00048-030_Y1.jpg
Opulence Diamond Flexi Bracelet,18 KT / Yellow Gold,18K,6.42,0.89,112781.0,51045573624096,https://cdn.shopify.com/s/files/1/0805/4777/4752/files/KI-BG00048-030_Y1.jpg?v=1766753283,https://cdn.shopify.com/s/files/1/0805/4777/4752/files/KI-BG00048-030_Y2.jpg?v=1766753316,KI-BG00048-030_Y1.jpg
Modern Line Diamond Flexi Bracelet,9 KT / Yellow Gold,9K,4.79,1.28,77282.0,51045572968736,https://cdn.shopify.com/s/files/1/0805/4777/4752/files/KD-BG00052-045_Y1.jpg?v=1766753261,https://cdn.shopify.com/s/files/1/0805/4777/4752/files/KD-BG00052-045_Y2.jpg?v=1766753301,KD-BG00052-045_Y1.jpg
Modern Line Diamond Flexi Bracelet,14 KT / Yellow Gold,14K,5.26,1.28,97900.0,51045573067040,https://cdn.shopify.com/s/files/1/0805/4777/4752/files/KD-BG00052-045_Y1.jpg?v=1766753261,https://cdn.shopify.com/s/files/1/0805/4777/4752/files/KD-BG00052-045_Y2.jpg?v=1766753301,KD-BG00052-045_Y1.jpg
Modern Line Diamond Flexi Bracelet,18 KT / Yellow Gold,18K,6.32,1.28,124994.0,51045573165344,https://cdn.shopify.com/s/files/1/0805/4777/4752/files/KD-BG00052-045_Y1.jpg?v=1766753261,https://cdn.shopify.com/s/files/1/0805/4777/4752/files/KD-BG00052-045_Y2.jpg?v=1766753301,KD-BG00052-045_Y1.jpg
Crownlight Diamond Kada Bracelet,9 KT / Yellow Gold,9K,15.01,5.82,279373.0,51043160588576,https://cdn.shopify.com/s/files/1/0805/4777/4752/files/KI-BRL00065_Y1.jpg?v=1766753296,https://cdn.shopify.com/s/files/1/0805/4777/4752/files/KI-BRL00065_Y2.jpg?v=1766753323,KI-BRL00065_Y1.jpg
Crownlight Diamond Kada Bracelet,14 KT / Yellow Gold,14K,16.49,5.82,344052.0,51043160686880,https://cdn.shopify.com/s/files/1/0805/4777/4752/files/KI-BRL00065_Y1.jpg?v=1766753296,https://cdn.shopify.com/s/files/1/0805/4777/4752/files/KI-BRL00065_Y2.jpg?v=1766753323,KI-BRL00065_Y1.jpg
Crownlight Diamond Kada Bracelet,18 KT / Yellow Gold,18K,19.79,5.82,428711.0,51043160785184,https://cdn.shopify.com/s/files/1/0805/4777/4752/files/KI-BRL00065_Y1.jpg?v=1766753296,https://cdn.shopify.com/s/files/1/0805/4777/4752/files/KI-BRL00065_Y2.jpg?v=1766753323,KI-BRL00065_Y1.jpg
StillGlow Diamond Kada Bracelet,9 KT / Yellow Gold,9K,11.1,1.73,139929.0,51043160228128,https://cdn.shopify.com/s/files/1/0805/4777/4752/files/KI-BRL00111_Y1.jpg?v=1766126260,https://cdn.shopify.com/s/files/1/0805/4777/4752/files/KI-BRL00111_Y2.jpg?v=1766126466,KI-BRL00111_Y1.jpg
StillGlow Diamond Kada Bracelet,14 KT / Yellow Gold,14K,12.25,1.73,188285.0,51043160326432,https://cdn.shopify.com/s/files/1/0805/4777/4752/files/KI-BRL00111_Y1.jpg?v=1766126260,https://cdn.shopify.com/s/files/1/0805/4777/4752/files/KI-BRL00111_Y2.jpg?v=1766126466,KI-BRL00111_Y1.jpg
StillGlow Diamond Kada Bracelet,18 KT / Yellow Gold,18K,14.41,1.73,247632.0,51043160424736,https://cdn.shopify.com/s/files/1/0805/4777/4752/files/KI-BRL00111_Y1.jpg?v=1766126260,https://cdn.shopify.com/s/files/1/0805/4777/4752/files/KI-BRL00111_Y2.jpg?v=1766126466,KI-BRL00111_Y1.jpg
Celeste Band Diamond Kada Bracelet,9 KT / Rose Gold,9K,10.08,3.9,183386.0,51043158032672,https://cdn.shopify.com/s/files/1/0805/4777/4752/files/KI-BRL00069_R1.jpg?v=1766397829,https://cdn.shopify.com/s/files/1/0805/4777/4752/files/KI-BRL00069_R2.jpg?v=1766397829,KI-BRL00069_R1.jpg
Celeste Band Diamond Kada Bracelet,14 KT / Rose Gold,14K,11.08,3.9,226879.0,51043158130976,https://cdn.shopify.com/s/files/1/0805/4777/4752/files/KI-BRL00069_R1.jpg?v=1766397829,https://cdn.shopify.com/s/files/1/0805/4777/4752/files/KI-BRL00069_R2.jpg?v=1766397829,KI-BRL00069_R1.jpg
Celeste Band Diamond Kada Bracelet,18 KT / Rose Gold,18K,13.3,3.9,283795.0,51043158229280,https://cdn.shopify.com/s/files/1/0805/4777/4752/files/KI-BRL00069_R1.jpg?v=1766397829,https://cdn.shopify.com/s/files/1/0805/4777/4752/files/KI-BRL00069_R2.jpg?v=1766397829,KI-BRL00069_R1.jpg
Glint Loop Diamond Kada Bracelet,9 KT / Yellow Gold,9K,10.03,4.17,190221.0,51043157770528,https://cdn.shopify.com/s/files/1/0805/4777/4752/files/KI-BRL00075_Y1.jpg?v=1766126252,https://cdn.shopify.com/s/files/1/0805/4777/4752/files/KI-BRL00075_Y2.jpg?v=1766126461,KI-BRL00075_Y1.jpg
Glint Loop Diamond Kada Bracelet,14 KT / Yellow Gold,14K,11.02,4.17,233451.0,51043157868832,https://cdn.shopify.com/s/files/1/0805/4777/4752/files/KI-BRL00075_Y1.jpg?v=1766126252,https://cdn.shopify.com/s/files/1/0805/4777/4752/files/KI-BRL00075_Y2.jpg?v=1766126461,KI-BRL00075_Y1.jpg
Glint Loop Diamond Kada Bracelet,18 KT / Yellow Gold,18K,13.23,4.17,290083.0,51043157967136,https://cdn.shopify.com/s/files/1/0805/4777/4752/files/KI-BRL00075_Y1.jpg?v=1766126252,https://cdn.shopify.com/s/files/1/0805/4777/4752/files/KI-BRL00075_Y2.jpg?v=1766126461,KI-BRL00075_Y1.jpg
Lightwell Diamond Kada Bracelet,9 KT / Rose Gold,9K,7.39,3.395,163115.0,51043156623648,https://cdn.shopify.com/s/files/1/0805/4777/4752/files/KI-BRL00063_R1.jpg?v=1766398761,https://cdn.shopify.com/s/files/1/0805/4777/4752/files/KI-BRL00063_R2.jpg?v=1766398761,KI-BRL00063_R1.jpg
Lightwell Diamond Kada Bracelet,14 KT / Rose Gold,14K,8.16,3.395,195350.0,51043156721952,https://cdn.shopify.com/s/files/1/0805/4777/4752/files/KI-BRL00063_R1.jpg?v=1766398761,https://cdn.shopify.com/s/files/1/0805/4777/4752/files/KI-BRL00063_R2.jpg?v=1766398761,KI-BRL00063_R1.jpg
Lightwell Diamond Kada Bracelet,18 KT / Rose Gold,18K,9.6,3.395,234896.0,51043156820256,https://cdn.shopify.com/s/files/1/0805/4777/4752/files/KI-BRL00063_R1.jpg?v=1766398761,https://cdn.shopify.com/s/files/1/0805/4777/4752/files/KI-BRL00063_R2.jpg?v=1766398761,KI-BRL00063_R1.jpg
GlowTrace Diamond Kada Bracelet,9 KT / White Gold,9K,6.35,1.82,110372.0,51043155640608,https://cdn.shopify.com/s/files/1/0805/4777/4752/files/KI-BRL00109_W1.jpg?v=1766398966,https://cdn.shopify.com/s/files/1/0805/4777/4752/files/KI-BRL00109_W2.jpg?v=1766398966,KI-BRL00109_W1.jpg
GlowTrace Diamond Kada Bracelet,14 KT / White Gold,14K,6.98,1.82,137771.0,51043155738912,https://cdn.shopify.com/s/files/1/0805/4777/4752/files/KI-BRL00109_W1.jpg?v=1766398966,https://cdn.shopify.com/s/files/1/0805/4777/4752/files/KI-BRL00109_W2.jpg?v=1766398966,KI-BRL00109_W1.jpg
GlowTrace Diamond Kada Bracelet,18 KT / White Gold,18K,8.38,1.82,173644.0,51043155837216,https://cdn.shopify.com/s/files/1/0805/4777/4752/files/KI-BRL00109_W1.jpg?v=1766398966,https://cdn.shopify.com/s/files/1/0805/4777/4752/files/KI-BRL00109_W2.jpg?v=1766398966,KI-BRL00109_W1.jpg
Everlight Diamond Flexi Bracelet,9 KT / Yellow Gold,9K,4.77,0.99,68131.0,51043155345696,https://cdn.shopify.com/s/files/1/0805/4777/4752/files/KI-BG00007_Y1.jpg?v=1766126214,https://cdn.shopify.com/s/files/1/0805/4777/4752/files/KI-BG00007_Y2.jpg?v=1766126435,KI-BG00007_Y1.jpg
Everlight Diamond Flexi Bracelet,14 KT / Yellow Gold,14K,5.27,0.99,88966.0,51043155444000,https://cdn.shopify.com/s/files/1/0805/4777/4752/files/KI-BG00007_Y1.jpg?v=1766126214,https://cdn.shopify.com/s/files/1/0805/4777/4752/files/KI-BG00007_Y2.jpg?v=1766126435,KI-BG00007_Y1.jpg
Everlight Diamond Flexi Bracelet,18 KT / Yellow Gold,18K,6.2,0.99,114507.0,51043155542304,https://cdn.shopify.com/s/files/1/0805/4777/4752/files/KI-BG00007_Y1.jpg?v=1766126214,https://cdn.shopify.com/s/files/1/0805/4777/4752/files/KI-BG00007_Y2.jpg?v=1766126435,KI-BG00007_Y1.jpg
Glisse Line Diamond Flexi Bracelet,9 KT / Rose Gold,9K,5.31,0.94,69125.0,51043154952480,https://cdn.shopify.com/s/files/1/0805/4777/4752/files/KI-BG00003-030_R1.jpg?v=1766399237,https://cdn.shopify.com/s/files/1/0805/4777/4752/files/KI-BG00003-030_R2.jpg?v=1766399237,KI-BG00003-030_R1.jpg
Glisse Line Diamond Flexi Bracelet,14 KT / Rose Gold,14K,5.83,0.94,91972.0,51043155050784,https://cdn.shopify.com/s/files/1/0805/4777/4752/files/KI-BG00003-030_R1.jpg?v=1766399237,https://cdn.shopify.com/s/files/1/0805/4777/4752/files/KI-BG00003-030_R2.jpg?v=1766399237,KI-BG00003-030_R1.jpg
Glisse Line Diamond Flexi Bracelet,18 KT / Rose Gold,18K,7.0,0.94,121943.0,51043155149088,https://cdn.shopify.com/s/files/1/0805/4777/4752/files/KI-BG00003-030_R1.jpg?v=1766399237,https://cdn.shopify.com/s/files/1/0805/4777/4752/files/KI-BG00003-030_R2.jpg?v=1766399237,KI-BG00003-030_R1.jpg
AuraLink Diamond Flexi Bracelet,9 KT / Rose Gold,9K,4.69,1.31,77429.0,51043154362656,https://cdn.shopify.com/s/files/1/0805/4777/4752/files/KI-BG00048-045_R1.jpg?v=1766755968,https://cdn.shopify.com/s/files/1/0805/4777/4752/files/KI-BG00048-045_R2.jpg?v=1766755968,KI-BG00048-045_R1.jpg
AuraLink Diamond Flexi Bracelet,14 KT / Rose Gold,14K,5.16,1.31,97710.0,51043154460960,https://cdn.shopify.com/s/files/1/0805/4777/4752/files/KI-BG00048-045_R1.jpg?v=1766755968,https://cdn.shopify.com/s/files/1/0805/4777/4752/files/KI-BG00048-045_R2.jpg?v=1766755968,KI-BG00048-045_R1.jpg
AuraLink Diamond Flexi Bracelet,18 KT / Rose Gold,18K,6.19,1.31,124169.0,51043154559264,https://cdn.shopify.com/s/files/1/0805/4777/4752/files/KI-BG00048-045_R1.jpg?v=1766755968,https://cdn.shopify.com/s/files/1/0805/4777/4752/files/KI-BG00048-045_R2.jpg?v=1766755968,KI-BG00048-045_R1.jpg
Light Curve Diamond Flexi Bracelet,9 KT / Yellow Gold,9K,4.24,1.31,74123.0,51043154133280,https://cdn.shopify.com/s/files/1/0805/4777/4752/files/KI-BG00050-045_Y1.jpg?v=1766126225,https://cdn.shopify.com/s/files/1/0805/4777/4752/files/KI-BG00050-045_Y2.jpg?v=1766126442,KI-BG00050-045_Y1.jpg
Light Curve Diamond Flexi Bracelet,14 KT / Yellow Gold,14K,4.66,1.31,92411.0,51043154231584,https://cdn.shopify.com/s/files/1/0805/4777/4752/files/KI-BG00050-045_Y1.jpg?v=1766126225,https://cdn.shopify.com/s/files/1/0805/4777/4752/files/KI-BG00050-045_Y2.jpg?v=1766126442,KI-BG00050-045_Y1.jpg
Light Curve Diamond Flexi Bracelet,18 KT / Yellow Gold,18K,5.59,1.31,116304.0,51043154329888,https://cdn.shopify.com/s/files/1/0805/4777/4752/files/KI-BG00050-045_Y1.jpg?v=1766126225,https://cdn.shopify.com/s/files/1/0805/4777/4752/files/KI-BG00050-045_Y2.jpg?v=1766126442,KI-BG00050-045_Y1.jpg
The Circle of Faith Diamond Mangalsutra Bracelet,14 KT / Yellow Gold,14K,11.85,0.28,133153.0,50984683405600,https://cdn.shopify.com/s/files/1/0805/4777/4752/files/MJ-OB68939_Y4.jpg?v=1764589532,https://cdn.shopify.com/s/files/1/0805/4777/4752/files/4_49bfe6a5-f984-429e-a3bc-40b801e1d395.jpg?v=1764594116,MJ-OB68939_Y4.jpg
The Circle of Faith Diamond Mangalsutra Bracelet,18 KT / Yellow Gold,18K,14.2236,0.28,194017.0,50984683503904,https://cdn.shopify.com/s/files/1/0805/4777/4752/files/MJ-OB68939_Y4.jpg?v=1764589532,https://cdn.shopify.com/s/files/1/0805/4777/4752/files/4_49bfe6a5-f984-429e-a3bc-40b801e1d395.jpg?v=1764594116,MJ-OB68939_Y4.jpg
The Twin Soul Diamond Mangalsutra Bracelet,18 KT / Yellow Gold,18K,18.4608,1.444,289141.0,50984683307296,https://cdn.shopify.com/s/files/1/0805/4777/4752/files/MJ-OB68938_Y4.jpg?v=1764589560,https://cdn.shopify.com/s/files/1/0805/4777/4752/files/1_32a50e62-c29b-4d91-aa5a-f7b5b7224485.jpg?v=1764594133,MJ-OB68938_Y4.jpg
The Twin Soul Diamond Mangalsutra Bracelet,14 KT / Yellow Gold,14K,15.38,1.444,210146.0,50984683208992,https://cdn.shopify.com/s/files/1/0805/4777/4752/files/MJ-OB68938_Y4.jpg?v=1764589560,https://cdn.shopify.com/s/files/1/0805/4777/4752/files/1_32a50e62-c29b-4d91-aa5a-f7b5b7224485.jpg?v=1764594133,MJ-OB68938_Y4.jpg
The Hamsa Guardian Diamond Mangalsutra Bracelet,14 KT / Yellow Gold,14K,4.13,1.403,85386.0,50984683012384,https://cdn.shopify.com/s/files/1/0805/4777/4752/files/MJ-LB68940_Y1.jpg?v=1764335972,https://cdn.shopify.com/s/files/1/0805/4777/4752/files/5_a13217f9-6ea7-47d5-9d0f-3d4556bcf5b4.jpg?v=1764594149,MJ-LB68940_Y1.jpg
The Hamsa Guardian Diamond Mangalsutra Bracelet,18 KT / Yellow Gold,18K,4.9512,1.403,106524.0,50984683110688,https://cdn.shopify.com/s/files/1/0805/4777/4752/files/MJ-LB68940_Y1.jpg?v=1764335972,https://cdn.shopify.com/s/files/1/0805/4777/4752/files/5_a13217f9-6ea7-47d5-9d0f-3d4556bcf5b4.jpg?v=1764594149,MJ-LB68940_Y1.jpg
The Eternal Eye Diamond Mangalsutra Bracelet,14 KT / Yellow Gold,14K,3.46,0.8,61822.0,50984682815776,https://cdn.shopify.com/s/files/1/0805/4777/4752/files/MJ-LB68941_Y1.jpg?v=1764335976,https://cdn.shopify.com/s/files/1/0805/4777/4752/files/10_782b9d6c-435a-4b26-88d5-0c24b5a17820.jpg?v=1764594174,MJ-LB68941_Y1.jpg
The Eternal Eye Diamond Mangalsutra Bracelet,18 KT / Yellow Gold,18K,4.152,0.8,79580.0,50984682914080,https://cdn.shopify.com/s/files/1/0805/4777/4752/files/MJ-LB68941_Y1.jpg?v=1764335976,https://cdn.shopify.com/s/files/1/0805/4777/4752/files/10_782b9d6c-435a-4b26-88d5-0c24b5a17820.jpg?v=1764594174,MJ-LB68941_Y1.jpg
The Anchored Heart Diamond Mangalsutra Bracelet,14 KT / Yellow Gold,14K,12.58,1.543,183518.0,50962688508192,https://cdn.shopify.com/s/files/1/0805/4777/4752/files/MJ-BG68257_Y4.jpg?v=1764589698,https://cdn.shopify.com/s/files/1/0805/4777/4752/files/8_8d1727bd-d3d2-4ec3-b8f0-5428aa1091d3.jpg?v=1764594203,MJ-BG68257_Y4.jpg
The Anchored Heart Diamond Mangalsutra Bracelet,18 KT / Yellow Gold,18K,15.09,1.543,248011.0,50962688606496,https://cdn.shopify.com/s/files/1/0805/4777/4752/files/MJ-BG68257_Y4.jpg?v=1764589698,https://cdn.shopify.com/s/files/1/0805/4777/4752/files/8_8d1727bd-d3d2-4ec3-b8f0-5428aa1091d3.jpg?v=1764594203,MJ-BG68257_Y4.jpg
The Modern Classic Diamond Mangalsutra Bracelet,14 KT / Yellow Gold,14K,13.57,1.504,193999.0,50962688213280,https://cdn.shopify.com/s/files/1/0805/4777/4752/files/MJ-OB68259_Y4.jpg?v=1764589780,https://cdn.shopify.com/s/files/1/0805/4777/4752/files/2_77a2af12-1326-4bf3-82b5-6f2b18443273.jpg?v=1764594221,MJ-OB68259_Y4.jpg
The Modern Classic Diamond Mangalsutra Bracelet,18 KT / Yellow Gold,18K,16.28,1.504,263597.0,50962688311584,https://cdn.shopify.com/s/files/1/0805/4777/4752/files/MJ-OB68259_Y4.jpg?v=1764589780,https://cdn.shopify.com/s/files/1/0805/4777/4752/files/2_77a2af12-1326-4bf3-82b5-6f2b18443273.jpg?v=1764594221,MJ-OB68259_Y4.jpg
The Minimal Muse Diamond Mangalsutra Bracelet,14 KT / Yellow Gold,14K,10.37,0.883,137952.0,50962687918368,https://cdn.shopify.com/s/files/1/0805/4777/4752/files/MJ-OB68260_Y4.jpg?v=1764589809,https://cdn.shopify.com/s/files/1/0805/4777/4752/files/3_4bc7a9a3-ad00-4ca0-82ec-55a807521a1b.jpg?v=1764594238,MJ-OB68260_Y4.jpg
The Minimal Muse Diamond Mangalsutra Bracelet,18 KT / Yellow Gold,18K,12.44,0.883,191127.0,50962688016672,https://cdn.shopify.com/s/files/1/0805/4777/4752/files/MJ-OB68260_Y4.jpg?v=1764589809,https://cdn.shopify.com/s/files/1/0805/4777/4752/files/3_4bc7a9a3-ad00-4ca0-82ec-55a807521a1b.jpg?v=1764594238,MJ-OB68260_Y4.jpg
The Love Shield Diamond Mangalsutra Bracelet,14 KT / Yellow Gold,14K,2.95,0.79,52338.0,50962687623456,https://cdn.shopify.com/s/files/1/0805/4777/4752/files/MJ-LB68262_Y1.jpg?v=1764335969,https://cdn.shopify.com/s/files/1/0805/4777/4752/files/5_b1f488fe-9878-4a53-9426-a4376c55fd13.jpg?v=1764594253,MJ-LB68262_Y1.jpg
The Love Shield Diamond Mangalsutra Bracelet,18 KT / Yellow Gold,18K,3.54,0.79,67479.0,50962687721760,https://cdn.shopify.com/s/files/1/0805/4777/4752/files/MJ-LB68262_Y1.jpg?v=1764335969,https://cdn.shopify.com/s/files/1/0805/4777/4752/files/5_b1f488fe-9878-4a53-9426-a4376c55fd13.jpg?v=1764594253,MJ-LB68262_Y1.jpg
The Sacred Charms Diamond Mangalsutra Bracelet,14 KT / Yellow Gold,14K,2.39,0.606,41496.0,50962687328544,https://cdn.shopify.com/s/files/1/0805/4777/4752/files/MJ-LB68261_Y1.jpg?v=1764335966,https://cdn.shopify.com/s/files/1/0805/4777/4752/files/6_926e5dc9-f257-4e53-bfa3-27b0c475d348.jpg?v=1764594267,MJ-LB68261_Y1.jpg
The Sacred Charms Diamond Mangalsutra Bracelet,18 KT / Yellow Gold,18K,2.87,0.606,53787.0,50962687426848,https://cdn.shopify.com/s/files/1/0805/4777/4752/files/MJ-LB68261_Y1.jpg?v=1764335966,https://cdn.shopify.com/s/files/1/0805/4777/4752/files/6_926e5dc9-f257-4e53-bfa3-27b0c475d348.jpg?v=1764594267,MJ-LB68261_Y1.jpg
The Protective Gaze Diamond Mangalsutra Bracelet,14 KT / Yellow Gold,14K,2.33,0.512,38351.0,50962687000864,https://cdn.shopify.com/s/files/1/0805/4777/4752/files/MJ-LB68258_Y1_88af434e-641f-478a-8b79-468f3be4ad25.jpg?v=1764837759,https://cdn.shopify.com/s/files/1/0805/4777/4752/files/MJ-LB68258_Y2_5e73d2ee-e5a6-42f2-a549-9871c39a37ac.jpg?v=1764837759,MJ-LB68258_Y1_88af434e-641f-478a-8b79-468f3be4ad25.jpg
The Protective Gaze Diamond Mangalsutra Bracelet,18 KT / Yellow Gold,18K,2.79,0.512,50237.0,50962687099168,https://cdn.shopify.com/s/files/1/0805/4777/4752/files/MJ-LB68258_Y1_88af434e-641f-478a-8b79-468f3be4ad25.jpg?v=1764837759,https://cdn.shopify.com/s/files/1/0805/4777/4752/files/MJ-LB68258_Y2_5e73d2ee-e5a6-42f2-a549-9871c39a37ac.jpg?v=1764837759,MJ-LB68258_Y1_88af434e-641f-478a-8b79-468f3be4ad25.jpg
Diamond Link Tennis Bracelet,9 KT / Yellow Gold,9K,93.97,9.347,938560.0,50942008262944,https://cdn.shopify.com/s/files/1/0805/4777/4752/files/SIL-MBR938112.jpg?v=1763478142,,SIL-MBR938112.jpg
Diamond Link Tennis Bracelet,14 KT / Yellow Gold,14K,103.26,9.347,1343712.0,50942008361248,https://cdn.shopify.com/s/files/1/0805/4777/4752/files/SIL-MBR938112.jpg?v=1763478142,,SIL-MBR938112.jpg
Diamond Link Tennis Bracelet,18 KT / Yellow Gold,18K,123.91,9.347,1873664.0,50942008459552,https://cdn.shopify.com/s/files/1/0805/4777/4752/files/SIL-MBR938112.jpg?v=1763478142,,SIL-MBR938112.jpg
Iced Out Diamond Tennis Bracelet,9 KT / White Gold,9K,75.71,7.178,746778.0,50942007935264,https://cdn.shopify.com/s/files/1/0805/4777/4752/files/SIL-MBR938111.jpg?v=1763478154,,SIL-MBR938111.jpg
Iced Out Diamond Tennis Bracelet,14 KT / White Gold,14K,83.2,7.178,1073251.0,50942008033568,https://cdn.shopify.com/s/files/1/0805/4777/4752/files/SIL-MBR938111.jpg?v=1763478154,,SIL-MBR938111.jpg
Iced Out Diamond Tennis Bracelet,18 KT / White Gold,18K,99.84,7.178,1500271.0,50942008131872,https://cdn.shopify.com/s/files/1/0805/4777/4752/files/SIL-MBR938111.jpg?v=1763478154,,SIL-MBR938111.jpg
Braided Wrap Diamond Tennis Bracelet,9 KT / Rose Gold,9K,37.77,9.645,534314.0,50942007574816,https://cdn.shopify.com/s/files/1/0805/4777/4752/files/SIL-MBR922912.jpg?v=1763478175,,SIL-MBR922912.jpg
Braided Wrap Diamond Tennis Bracelet,14 KT / Rose Gold,14K,41.5,9.645,697122.0,50942007673120,https://cdn.shopify.com/s/files/1/0805/4777/4752/files/SIL-MBR922912.jpg?v=1763478175,,SIL-MBR922912.jpg
Braided Wrap Diamond Tennis Bracelet,18 KT / Rose Gold,18K,49.8,9.645,910118.0,50942007771424,https://cdn.shopify.com/s/files/1/0805/4777/4752/files/SIL-MBR922912.jpg?v=1763478175,,SIL-MBR922912.jpg
High End Diamond Tennis Bracelet,9 KT / White Gold,9K,32.31,8.293,458201.0,50942007279904,https://cdn.shopify.com/s/files/1/0805/4777/4752/files/High-End_Silicon_Diamond_Bracelet.jpg?v=1763531606,,High-End_Silicon_Diamond_Bracelet.jpg
High End Diamond Tennis Bracelet,14 KT / White Gold,14K,35.5,8.293,597466.0,50942007378208,https://cdn.shopify.com/s/files/1/0805/4777/4752/files/High-End_Silicon_Diamond_Bracelet.jpg?v=1763531606,,High-End_Silicon_Diamond_Bracelet.jpg
High End Diamond Tennis Bracelet,18 KT / White Gold,18K,42.6,8.293,779668.0,50942007476512,https://cdn.shopify.com/s/files/1/0805/4777/4752/files/High-End_Silicon_Diamond_Bracelet.jpg?v=1763531606,,High-End_Silicon_Diamond_Bracelet.jpg
Strength Strand Diamond Tennis Bracelet,9 KT / Yellow Gold,9K,28.21,5.842,362751.0,50942007017760,https://cdn.shopify.com/s/files/1/0805/4777/4752/files/SIL-MBR922908.jpg?v=1763478212,,SIL-MBR922908.jpg
Strength Strand Diamond Tennis Bracelet,14 KT / Yellow Gold,14K,31.0,5.842,484389.0,50942007116064,https://cdn.shopify.com/s/files/1/0805/4777/4752/files/SIL-MBR922908.jpg?v=1763478212,,SIL-MBR922908.jpg
Strength Strand Diamond Tennis Bracelet,18 KT / Yellow Gold,18K,37.2,5.842,643495.0,50942007214368,https://cdn.shopify.com/s/files/1/0805/4777/4752/files/SIL-MBR922908.jpg?v=1763478212,,SIL-MBR922908.jpg
Monarch Band Diamond Ceramic Flexi-Bracelet,9 KT / Yellow Gold / Black,9K,2.54,0.73,42133.0,50941983064352,https://cdn.shopify.com/s/files/1/0805/4777/4752/files/SG-DGB00090.jpg?v=1763474315,https://cdn.shopify.com/s/files/1/0805/4777/4752/files/01-17.jpg?v=1763619442,SG-DGB00090.jpg
Monarch Band Diamond Ceramic Flexi-Bracelet,14 KT / Yellow Gold / Black,14K,2.77,0.73,52884.0,50941983129888,https://cdn.shopify.com/s/files/1/0805/4777/4752/files/SG-DGB00090.jpg?v=1763474315,https://cdn.shopify.com/s/files/1/0805/4777/4752/files/01-17.jpg?v=1763619442,SG-DGB00090.jpg
Monarch Band Diamond Ceramic Flexi-Bracelet,18 KT / Yellow Gold / Black,18K,3.28,0.73,66566.0,50941983195424,https://cdn.shopify.com/s/files/1/0805/4777/4752/files/SG-DGB00090.jpg?v=1763474315,https://cdn.shopify.com/s/files/1/0805/4777/4752/files/01-17.jpg?v=1763619442,SG-DGB00090.jpg
The Powerline Diamond Ceramic Flexi-Bracelet,9 KT / Yellow Gold / Black,9K,2.69,1.43,61889.0,50941982671136,https://cdn.shopify.com/s/files/1/0805/4777/4752/files/SG-DGB00087.jpg?v=1763474306,https://cdn.shopify.com/s/files/1/0805/4777/4752/files/01-20.jpg?v=1763619480,SG-DGB00087.jpg
The Powerline Diamond Ceramic Flexi-Bracelet,14 KT / Yellow Gold / Black,14K,2.94,1.43,73336.0,50941982736672,https://cdn.shopify.com/s/files/1/0805/4777/4752/files/SG-DGB00087.jpg?v=1763474306,https://cdn.shopify.com/s/files/1/0805/4777/4752/files/01-20.jpg?v=1763619480,SG-DGB00087.jpg
The Powerline Diamond Ceramic Flexi-Bracelet,18 KT / Yellow Gold / Black,18K,3.48,1.43,87842.0,50941982802208,https://cdn.shopify.com/s/files/1/0805/4777/4752/files/SG-DGB00087.jpg?v=1763474306,https://cdn.shopify.com/s/files/1/0805/4777/4752/files/01-20.jpg?v=1763619480,SG-DGB00087.jpg
Hybrid Link Diamond Ceramic Flexi-Bracelet,9 KT / Yellow Gold / Black,9K,2.86,0.95,50305.0,50941983392032,https://cdn.shopify.com/s/files/1/0805/4777/4752/files/SG-DGB00115_6d4dc838-6151-4c0e-aca4-fbccb76d3e6a.jpg?v=1763529919,https://cdn.shopify.com/s/files/1/0805/4777/4752/files/01-18.jpg?v=1763619486,SG-DGB00115_6d4dc838-6151-4c0e-aca4-fbccb76d3e6a.jpg
Hybrid Link Diamond Ceramic Flexi-Bracelet,14 KT / Yellow Gold / Black,14K,3.12,0.95,62421.0,50941983457568,https://cdn.shopify.com/s/files/1/0805/4777/4752/files/SG-DGB00115_6d4dc838-6151-4c0e-aca4-fbccb76d3e6a.jpg?v=1763529919,https://cdn.shopify.com/s/files/1/0805/4777/4752/files/01-18.jpg?v=1763619486,SG-DGB00115_6d4dc838-6151-4c0e-aca4-fbccb76d3e6a.jpg
Hybrid Link Diamond Ceramic Flexi-Bracelet,18 KT / Yellow Gold / Black,18K,3.69,0.95,77777.0,50941983654176,https://cdn.shopify.com/s/files/1/0805/4777/4752/files/SG-DGB00115_6d4dc838-6151-4c0e-aca4-fbccb76d3e6a.jpg?v=1763529919,https://cdn.shopify.com/s/files/1/0805/4777/4752/files/01-18.jpg?v=1763619486,SG-DGB00115_6d4dc838-6151-4c0e-aca4-fbccb76d3e6a.jpg
Sovereign Link Diamond Ceramic Flexi-Bracelet,9 KT / Yellow Gold / Black,9K,2.15,0.53,33721.0,50941984211232,https://cdn.shopify.com/s/files/1/0805/4777/4752/files/SG-DGB00118.jpg?v=1763474361,https://cdn.shopify.com/s/files/1/0805/4777/4752/files/01-17_8d22370f-9419-43a2-99bf-de890e484a50.jpg?v=1763619492,SG-DGB00118.jpg
Sovereign Link Diamond Ceramic Flexi-Bracelet,14 KT / Yellow Gold / Black,14K,2.35,0.53,42872.0,50941984276768,https://cdn.shopify.com/s/files/1/0805/4777/4752/files/SG-DGB00118.jpg?v=1763474361,https://cdn.shopify.com/s/files/1/0805/4777/4752/files/01-17_8d22370f-9419-43a2-99bf-de890e484a50.jpg?v=1763619492,SG-DGB00118.jpg
Sovereign Link Diamond Ceramic Flexi-Bracelet,18 KT / Yellow Gold / Black,18K,2.78,0.53,54447.0,50941984473376,https://cdn.shopify.com/s/files/1/0805/4777/4752/files/SG-DGB00118.jpg?v=1763474361,https://cdn.shopify.com/s/files/1/0805/4777/4752/files/01-17_8d22370f-9419-43a2-99bf-de890e484a50.jpg?v=1763619492,SG-DGB00118.jpg
Bold Cubic Diamond Ceramic Flexi-Bracelet,9 KT / Yellow Gold / Black,9K,3.95,0.55,47219.0,50941984571680,https://cdn.shopify.com/s/files/1/0805/4777/4752/files/SG-DGB00106.jpg?v=1763474330,,SG-DGB00106.jpg
Bold Cubic Diamond Ceramic Flexi-Bracelet,14 KT / Yellow Gold / Black,14K,4.31,0.55,63961.0,50941984637216,https://cdn.shopify.com/s/files/1/0805/4777/4752/files/SG-DGB00106.jpg?v=1763474330,,SG-DGB00106.jpg
Bold Cubic Diamond Ceramic Flexi-Bracelet,18 KT / Yellow Gold / Black,18K,5.1,0.55,85206.0,50941984833824,https://cdn.shopify.com/s/files/1/0805/4777/4752/files/SG-DGB00106.jpg?v=1763474330,,SG-DGB00106.jpg
Everbrave Diamond Ceramic Flexi-Bracelet,9 KT / Yellow Gold / Black,9K,3.1,0.73,45815.0,50941984932128,https://cdn.shopify.com/s/files/1/0805/4777/4752/files/SG-DGB00109.jpg?v=1763474348,https://cdn.shopify.com/s/files/1/0805/4777/4752/files/01-19.jpg?v=1763619504,SG-DGB00109.jpg
Everbrave Diamond Ceramic Flexi-Bracelet,14 KT / Yellow Gold / Black,14K,3.38,0.73,58930.0,50941984997664,https://cdn.shopify.com/s/files/1/0805/4777/4752/files/SG-DGB00109.jpg?v=1763474348,https://cdn.shopify.com/s/files/1/0805/4777/4752/files/01-19.jpg?v=1763619504,SG-DGB00109.jpg
Everbrave Diamond Ceramic Flexi-Bracelet,18 KT / Yellow Gold / Black,18K,4.0,0.73,75597.0,50941985194272,https://cdn.shopify.com/s/files/1/0805/4777/4752/files/SG-DGB00109.jpg?v=1763474348,https://cdn.shopify.com/s/files/1/0805/4777/4752/files/01-19.jpg?v=1763619504,SG-DGB00109.jpg
Marcell Pave Diamond Silicon Bracelet,9 KT / Yellow Gold / Blue,9K,10.62,1.77,126621.0,50941999415584,https://cdn.shopify.com/s/files/1/0805/4777/4752/files/NI-A-GKL-0003.jpg?v=1763474444,,NI-A-GKL-0003.jpg
Marcell Pave Diamond Silicon Bracelet,14 KT / Yellow Gold / Blue,14K,11.67,1.77,172410.0,50941999481120,https://cdn.shopify.com/s/files/1/0805/4777/4752/files/NI-A-GKL-0003.jpg?v=1763474444,,NI-A-GKL-0003.jpg
Marcell Pave Diamond Silicon Bracelet,18 KT / Yellow Gold / Blue,18K,14.0,1.77,232257.0,50941999546656,https://cdn.shopify.com/s/files/1/0805/4777/4752/files/NI-A-GKL-0003.jpg?v=1763474444,,NI-A-GKL-0003.jpg
Adrian Pave Diamond Silicon Bracelet,9 KT / Yellow Gold / Black,9K,14.28,1.46,145178.0,50942002561312,https://cdn.shopify.com/s/files/1/0805/4777/4752/files/NI-NGK3008.jpg?v=1763474466,,NI-NGK3008.jpg
Adrian Pave Diamond Silicon Bracelet,14 KT / Yellow Gold / Black,14K,15.69,1.46,205231.0,50942002626848,https://cdn.shopify.com/s/files/1/0805/4777/4752/files/NI-NGK3008.jpg?v=1763474466,,NI-NGK3008.jpg
Adrian Pave Diamond Silicon Bracelet,18 KT / Yellow Gold / Black,18K,18.83,1.46,285783.0,50942002692384,https://cdn.shopify.com/s/files/1/0805/4777/4752/files/NI-NGK3008.jpg?v=1763474466,,NI-NGK3008.jpg
Caden Pave Diamond Silicon Bracelet,9 KT / Yellow Gold / Blue,9K,10.33,2.21,136187.0,50942003216672,https://cdn.shopify.com/s/files/1/0805/4777/4752/files/NI-A-GKL-0001.jpg?v=1763474456,,NI-A-GKL-0001.jpg
Caden Pave Diamond Silicon Bracelet,14 KT / Yellow Gold / Blue,14K,11.35,2.21,180713.0,50942003282208,https://cdn.shopify.com/s/files/1/0805/4777/4752/files/NI-A-GKL-0001.jpg?v=1763474456,,NI-A-GKL-0001.jpg
Caden Pave Diamond Silicon Bracelet,18 KT / Yellow Gold / Blue,18K,13.62,2.21,238967.0,50942003347744,https://cdn.shopify.com/s/files/1/0805/4777/4752/files/NI-A-GKL-0001.jpg?v=1763474456,,NI-A-GKL-0001.jpg
VibeStack Diamond Non Openable Bangle,9 KT / Rose Gold,9K,9.98,6.254,242703.0,50738678300960,https://cdn.shopify.com/s/files/1/0805/4777/4752/files/WBN000014_R1.jpg?v=1758099396,https://cdn.shopify.com/s/files/1/0805/4777/4752/files/WBN000014_R2.jpg?v=1758099396,WBN000014_R1.jpg
VibeStack Diamond Non Openable Bangle,14 KT / Rose Gold,14K,11.31,6.254,288978.0,50702731084064,https://cdn.shopify.com/s/files/1/0805/4777/4752/files/WBN000014_R1.jpg?v=1758099396,https://cdn.shopify.com/s/files/1/0805/4777/4752/files/WBN000014_R2.jpg?v=1758099396,WBN000014_R1.jpg
VibeStack Diamond Non Openable Bangle,18 KT / Rose Gold,18K,13.3,6.254,343719.0,50702731182368,https://cdn.shopify.com/s/files/1/0805/4777/4752/files/WBN000014_R1.jpg?v=1758099396,https://cdn.shopify.com/s/files/1/0805/4777/4752/files/WBN000014_R2.jpg?v=1758099396,WBN000014_R1.jpg
Locket & Loop Diamond Tennis Bracelet,9 KT / Yellow Gold,9K,8.25,5.508,209657.0,50738678759712,https://cdn.shopify.com/s/files/1/0805/4777/4752/files/DBR000092_Y1.jpg?v=1758087256,https://cdn.shopify.com/s/files/1/0805/4777/4752/files/DBR000092_Y2.jpg?v=1758087592,DBR000092_Y1.jpg
Locket & Loop Diamond Tennis Bracelet,14 KT / Yellow Gold,14K,9.35,5.508,247916.0,50702730821920,https://cdn.shopify.com/s/files/1/0805/4777/4752/files/DBR000092_Y1.jpg?v=1758087256,https://cdn.shopify.com/s/files/1/0805/4777/4752/files/DBR000092_Y2.jpg?v=1758087592,DBR000092_Y1.jpg
Locket & Loop Diamond Tennis Bracelet,18 KT / Yellow Gold,18K,11.0,5.508,293230.0,50702730920224,https://cdn.shopify.com/s/files/1/0805/4777/4752/files/DBR000092_Y1.jpg?v=1758087256,https://cdn.shopify.com/s/files/1/0805/4777/4752/files/DBR000092_Y2.jpg?v=1758087592,DBR000092_Y1.jpg
Majesty Diamond Bracelet,9 KT / Yellow Gold,9K,9.75,3.51,185634.0,50738678858016,https://cdn.shopify.com/s/files/1/0805/4777/4752/files/DBN000012_Y1.jpg?v=1758087247,https://cdn.shopify.com/s/files/1/0805/4777/4752/files/DBN000012_Y2.jpg?v=1758087586,DBN000012_Y1.jpg
Majesty Diamond Bracelet,14 KT / Yellow Gold,14K,11.05,3.51,230849.0,50702730592544,https://cdn.shopify.com/s/files/1/0805/4777/4752/files/DBN000012_Y1.jpg?v=1758087247,https://cdn.shopify.com/s/files/1/0805/4777/4752/files/DBN000012_Y2.jpg?v=1758087586,DBN000012_Y1.jpg
Majesty Diamond Bracelet,18 KT / Yellow Gold,18K,13.0,3.51,284402.0,50702730690848,https://cdn.shopify.com/s/files/1/0805/4777/4752/files/DBN000012_Y1.jpg?v=1758087247,https://cdn.shopify.com/s/files/1/0805/4777/4752/files/DBN000012_Y2.jpg?v=1758087586,DBN000012_Y1.jpg
AM to Always Diamond Tennis Bracelet,9 KT / Rose Gold,9K,8.04,6.05,222523.0,50738678956320,https://cdn.shopify.com/s/files/1/0805/4777/4752/files/DBR000089_R1.jpg?v=1758098256,https://cdn.shopify.com/s/files/1/0805/4777/4752/files/DBR000089_R2.jpg?v=1758098256,DBR000089_R1.jpg
AM to Always Diamond Tennis Bracelet,14 KT / Rose Gold,14K,9.11,6.05,259789.0,50702730166560,https://cdn.shopify.com/s/files/1/0805/4777/4752/files/DBR000089_R1.jpg?v=1758098256,https://cdn.shopify.com/s/files/1/0805/4777/4752/files/DBR000089_R2.jpg?v=1758098256,DBR000089_R1.jpg
AM to Always Diamond Tennis Bracelet,18 KT / Rose Gold,18K,10.72,6.05,303969.0,50702730264864,https://cdn.shopify.com/s/files/1/0805/4777/4752/files/DBR000089_R1.jpg?v=1758098256,https://cdn.shopify.com/s/files/1/0805/4777/4752/files/DBR000089_R2.jpg?v=1758098256,DBR000089_R1.jpg
Supreme Elegance Diamond Bracelet,9 KT / Yellow Gold,9K,4.95,3.575,133002.0,50738679513376,https://cdn.shopify.com/s/files/1/0805/4777/4752/files/DBR000091_Y1.jpg?v=1758087253,https://cdn.shopify.com/s/files/1/0805/4777/4752/files/DBR000091_Y2.jpg?v=1767698741,DBR000091_Y1.jpg
Supreme Elegance Diamond Bracelet,14 KT / Yellow Gold,14K,5.61,3.575,155958.0,50702729904416,https://cdn.shopify.com/s/files/1/0805/4777/4752/files/DBR000091_Y1.jpg?v=1758087253,https://cdn.shopify.com/s/files/1/0805/4777/4752/files/DBR000091_Y2.jpg?v=1767698741,DBR000091_Y1.jpg
Supreme Elegance Diamond Bracelet,18 KT / Yellow Gold,18K,6.6,3.575,183146.0,50702730002720,https://cdn.shopify.com/s/files/1/0805/4777/4752/files/DBR000091_Y1.jpg?v=1758087253,https://cdn.shopify.com/s/files/1/0805/4777/4752/files/DBR000091_Y2.jpg?v=1767698741,DBR000091_Y1.jpg
Statement Strand Diamond Kada Bracelet,9 KT / Yellow Gold,9K,9.81,4.08,183427.0,50738679841056,https://cdn.shopify.com/s/files/1/0805/4777/4752/files/WBN000010_Y1.jpg?v=1758087541,https://cdn.shopify.com/s/files/1/0805/4777/4752/files/WBN000010.jpg?v=1771242435,WBN000010_Y1.jpg
Statement Strand Diamond Kada Bracelet,14 KT / Yellow Gold,14K,11.12,4.08,228939.0,50702729675040,https://cdn.shopify.com/s/files/1/0805/4777/4752/files/WBN000010_Y1.jpg?v=1758087541,https://cdn.shopify.com/s/files/1/0805/4777/4752/files/WBN000010.jpg?v=1771242435,WBN000010_Y1.jpg
Statement Strand Diamond Kada Bracelet,18 KT / Yellow Gold,18K,13.08,4.08,282802.0,50702729773344,https://cdn.shopify.com/s/files/1/0805/4777/4752/files/WBN000010_Y1.jpg?v=1758087541,https://cdn.shopify.com/s/files/1/0805/4777/4752/files/WBN000010.jpg?v=1771242435,WBN000010_Y1.jpg
Loop Curve Diamond Kada Bracelet,9 KT / Yellow Gold,9K,6.29,1.105,77300.0,50738680660256,https://cdn.shopify.com/s/files/1/0805/4777/4752/files/DBR000213_Y1.jpg?v=1758087258,https://cdn.shopify.com/s/files/1/0805/4777/4752/files/DBR000213_Y2.jpg?v=1758087594,DBR000213_Y1.jpg
Loop Curve Diamond Kada Bracelet,14 KT / Yellow Gold,14K,7.13,1.105,106482.0,50702728790304,https://cdn.shopify.com/s/files/1/0805/4777/4752/files/DBR000213_Y1.jpg?v=1758087258,https://cdn.shopify.com/s/files/1/0805/4777/4752/files/DBR000213_Y2.jpg?v=1758087594,DBR000213_Y1.jpg
Loop Curve Diamond Kada Bracelet,18 KT / Yellow Gold,18K,8.39,1.105,141059.0,50702728888608,https://cdn.shopify.com/s/files/1/0805/4777/4752/files/DBR000213_Y1.jpg?v=1758087258,https://cdn.shopify.com/s/files/1/0805/4777/4752/files/DBR000213_Y2.jpg?v=1758087594,DBR000213_Y1.jpg
Floral Cluster Diamond Kada Bracelet,9 KT / Yellow Gold,9K,6.06,1.046,73976.0,50738680791328,https://cdn.shopify.com/s/files/1/0805/4777/4752/files/DBR000218_Y1.jpg?v=1758087261,https://cdn.shopify.com/s/files/1/0805/4777/4752/files/DBR000218_Y2.jpg?v=1758087596,DBR000218_Y1.jpg
Floral Cluster Diamond Kada Bracelet,14 KT / Yellow Gold,14K,6.87,1.046,102098.0,50702728560928,https://cdn.shopify.com/s/files/1/0805/4777/4752/files/DBR000218_Y1.jpg?v=1758087261,https://cdn.shopify.com/s/files/1/0805/4777/4752/files/DBR000218_Y2.jpg?v=1758087596,DBR000218_Y1.jpg
Floral Cluster Diamond Kada Bracelet,18 KT / Yellow Gold,18K,8.08,1.046,135364.0,50702728659232,https://cdn.shopify.com/s/files/1/0805/4777/4752/files/DBR000218_Y1.jpg?v=1758087261,https://cdn.shopify.com/s/files/1/0805/4777/4752/files/DBR000218_Y2.jpg?v=1758087596,DBR000218_Y1.jpg
Mooncurve Diamond Tennis Bracelet,9 KT / White Gold,9K,9.23,12.0,387826.0,50738680987936,https://cdn.shopify.com/s/files/1/0805/4777/4752/files/RJ-LRNBR00575_W1.jpg?v=1754656539,https://cdn.shopify.com/s/files/1/0805/4777/4752/files/RJ-LRNBR00575_W2.jpg?v=1754656539,RJ-LRNBR00575_W1.jpg
Mooncurve Diamond Tennis Bracelet,14 KT / White Gold,14K,10.15,12.0,427693.0,50559961366816,https://cdn.shopify.com/s/files/1/0805/4777/4752/files/RJ-LRNBR00575_W1.jpg?v=1754656539,https://cdn.shopify.com/s/files/1/0805/4777/4752/files/RJ-LRNBR00575_W2.jpg?v=1754656539,RJ-LRNBR00575_W1.jpg
Mooncurve Diamond Tennis Bracelet,18 KT / White Gold,18K,12.18,12.0,479787.0,50559961465120,https://cdn.shopify.com/s/files/1/0805/4777/4752/files/RJ-LRNBR00575_W1.jpg?v=1754656539,https://cdn.shopify.com/s/files/1/0805/4777/4752/files/RJ-LRNBR00575_W2.jpg?v=1754656539,RJ-LRNBR00575_W1.jpg
The Marquisette Diamond Tennis Bracelet,9 KT / Yellow Gold,9K,16.09,8.056,394328.0,50738681086240,https://cdn.shopify.com/s/files/1/0805/4777/4752/files/MJ-LB70939-1_Y1.jpg?v=1754638491,https://cdn.shopify.com/s/files/1/0805/4777/4752/files/MJ-LB70939-1_Y2.jpg?v=1754638563,MJ-LB70939-1_Y1.jpg
The Marquisette Diamond Tennis Bracelet,14 KT / Yellow Gold,14K,17.69,8.056,463788.0,50559961104672,https://cdn.shopify.com/s/files/1/0805/4777/4752/files/MJ-LB70939-1_Y1.jpg?v=1754638491,https://cdn.shopify.com/s/files/1/0805/4777/4752/files/MJ-LB70939-1_Y2.jpg?v=1754638563,MJ-LB70939-1_Y1.jpg
The Marquisette Diamond Tennis Bracelet,18 KT / Yellow Gold,18K,21.22,8.056,554484.0,50559961202976,https://cdn.shopify.com/s/files/1/0805/4777/4752/files/MJ-LB70939-1_Y1.jpg?v=1754638491,https://cdn.shopify.com/s/files/1/0805/4777/4752/files/MJ-LB70939-1_Y2.jpg?v=1754638563,MJ-LB70939-1_Y1.jpg
Serene String Diamond Tennis Bracelet,9 KT / Yellow Gold,9K,10.79,11.824,484694.0,50738681184544,https://cdn.shopify.com/s/files/1/0805/4777/4752/files/MJ-LB61405-4_Y1.jpg?v=1754656167,https://cdn.shopify.com/s/files/1/0805/4777/4752/files/MJ-LB61405-4_Y2.jpg?v=1754656167,MJ-LB61405-4_Y1.jpg
Serene String Diamond Tennis Bracelet,14 KT / Yellow Gold,14K,11.86,11.824,531247.0,50559960908064,https://cdn.shopify.com/s/files/1/0805/4777/4752/files/MJ-LB61405-4_Y1.jpg?v=1754656167,https://cdn.shopify.com/s/files/1/0805/4777/4752/files/MJ-LB61405-4_Y2.jpg?v=1754656167,MJ-LB61405-4_Y1.jpg
Serene String Diamond Tennis Bracelet,18 KT / Yellow Gold,18K,14.23,11.824,592093.0,50559961006368,https://cdn.shopify.com/s/files/1/0805/4777/4752/files/MJ-LB61405-4_Y1.jpg?v=1754656167,https://cdn.shopify.com/s/files/1/0805/4777/4752/files/MJ-LB61405-4_Y2.jpg?v=1754656167,MJ-LB61405-4_Y1.jpg
First Flutter Diamond Tennis Bracelet,14 KT / Yellow Gold,14K,11.71,9.886,463186.0,50559960711456,https://cdn.shopify.com/s/files/1/0805/4777/4752/files/MJ-LB62125-2_Y1.jpg?v=1754638485,https://cdn.shopify.com/s/files/1/0805/4777/4752/files/MJ-LB62125-2_Y2.jpg?v=1754638557,MJ-LB62125-2_Y1.jpg
First Flutter Diamond Tennis Bracelet,18 KT / Yellow Gold,18K,14.05,9.886,523263.0,50559960809760,https://cdn.shopify.com/s/files/1/0805/4777/4752/files/MJ-LB62125-2_Y1.jpg?v=1754638485,https://cdn.shopify.com/s/files/1/0805/4777/4752/files/MJ-LB62125-2_Y2.jpg?v=1754638557,MJ-LB62125-2_Y1.jpg
First Flutter Diamond Tennis Bracelet,9 KT / Yellow Gold,9K,10.66,9.886,417262.0,50738681282848,https://cdn.shopify.com/s/files/1/0805/4777/4752/files/MJ-LB62125-2_Y1.jpg?v=1754638485,https://cdn.shopify.com/s/files/1/0805/4777/4752/files/MJ-LB62125-2_Y2.jpg?v=1754638557,MJ-LB62125-2_Y1.jpg
Moontrace Diamond Tennis Bracelet,9 KT / Yellow Gold,9K,7.19,7.89,323348.0,50738681381152,https://cdn.shopify.com/s/files/1/0805/4777/4752/files/MJ-LB70789-2_Y1.jpg?v=1754656139,https://cdn.shopify.com/s/files/1/0805/4777/4752/files/MJ-LB70789-2_Y2.jpg?v=1754656139,MJ-LB70789-2_Y1.jpg
Moontrace Diamond Tennis Bracelet,14 KT / Yellow Gold,14K,7.9,7.89,354340.0,50559960514848,https://cdn.shopify.com/s/files/1/0805/4777/4752/files/MJ-LB70789-2_Y1.jpg?v=1754656139,https://cdn.shopify.com/s/files/1/0805/4777/4752/files/MJ-LB70789-2_Y2.jpg?v=1754656139,MJ-LB70789-2_Y1.jpg
Moontrace Diamond Tennis Bracelet,18 KT / Yellow Gold,18K,9.48,7.89,394886.0,50559960613152,https://cdn.shopify.com/s/files/1/0805/4777/4752/files/MJ-LB70789-2_Y1.jpg?v=1754656139,https://cdn.shopify.com/s/files/1/0805/4777/4752/files/MJ-LB70789-2_Y2.jpg?v=1754656139,MJ-LB70789-2_Y1.jpg
Crimson Ember Diamond Openable Bracelet,9 KT / Rose Gold,9K,19.74154,2.68,216287.0,50738681544992,https://cdn.shopify.com/s/files/1/0805/4777/4752/files/ABR00039-BR0625_R1.jpg?v=1754655288,https://cdn.shopify.com/s/files/1/0805/4777/4752/files/ABR00039-BR0625_R2.jpg?v=1754655288,ABR00039-BR0625_R1.jpg
Crimson Ember Diamond Openable Bracelet,14 KT / Rose Gold,14K,21.69,2.68,301372.0,50559960351008,https://cdn.shopify.com/s/files/1/0805/4777/4752/files/ABR00039-BR0625_R1.jpg?v=1754655288,https://cdn.shopify.com/s/files/1/0805/4777/4752/files/ABR00039-BR0625_R2.jpg?v=1754655288,ABR00039-BR0625_R1.jpg
Crimson Ember Diamond Openable Bracelet,18 KT / Rose Gold,18K,26.0328,2.68,412753.0,50559960449312,https://cdn.shopify.com/s/files/1/0805/4777/4752/files/ABR00039-BR0625_R1.jpg?v=1754655288,https://cdn.shopify.com/s/files/1/0805/4777/4752/files/ABR00039-BR0625_R2.jpg?v=1754655288,ABR00039-BR0625_R1.jpg
Crystal Crush Diamond Tennis Bracelet,9 KT / White Gold,9K,26.95,27.438,1292795.0,50738681676064,https://cdn.shopify.com/s/files/1/0805/4777/4752/files/DBR000353_W1.jpg?v=1755761111,https://cdn.shopify.com/s/files/1/0805/4777/4752/files/DBR000353_W2.jpg?v=1755761111,DBR000353_W1.jpg
Crystal Crush Diamond Tennis Bracelet,14 KT / White Gold,14K,30.54,27.438,1417742.0,50527753109792,https://cdn.shopify.com/s/files/1/0805/4777/4752/files/DBR000353_W1.jpg?v=1755761111,https://cdn.shopify.com/s/files/1/0805/4777/4752/files/DBR000353_W2.jpg?v=1755761111,DBR000353_W1.jpg
Crystal Crush Diamond Tennis Bracelet,18 KT / White Gold,18K,35.93,27.438,1565759.0,50527753208096,https://cdn.shopify.com/s/files/1/0805/4777/4752/files/DBR000353_W1.jpg?v=1755761111,https://cdn.shopify.com/s/files/1/0805/4777/4752/files/DBR000353_W2.jpg?v=1755761111,DBR000353_W1.jpg
The Regal Bunch Diamond Tennis Bracelet,9 KT / Rose Gold,9K,21.0,13.5,519791.0,50738686099744,https://cdn.shopify.com/s/files/1/0805/4777/4752/files/DBR000334_R1.jpg?v=1755758352,https://cdn.shopify.com/s/files/1/0805/4777/4752/files/DBR000334_R2.jpg?v=1755758352,DBR000334_R1.jpg
The Regal Bunch Diamond Tennis Bracelet,14 KT / Rose Gold,14K,23.8,13.5,617177.0,50527752880416,https://cdn.shopify.com/s/files/1/0805/4777/4752/files/DBR000334_R1.jpg?v=1755758352,https://cdn.shopify.com/s/files/1/0805/4777/4752/files/DBR000334_R2.jpg?v=1755758352,DBR000334_R1.jpg
The Regal Bunch Diamond Tennis Bracelet,18 KT / Rose Gold,18K,28.0,13.5,732522.0,50527752978720,https://cdn.shopify.com/s/files/1/0805/4777/4752/files/DBR000334_R1.jpg?v=1755758352,https://cdn.shopify.com/s/files/1/0805/4777/4752/files/DBR000334_R2.jpg?v=1755758352,DBR000334_R1.jpg
Cluster Couture Diamond Tennis Bracelet,9 KT / Yellow Gold,9K,19.58,14.45,534342.0,50738688885024,https://cdn.shopify.com/s/files/1/0805/4777/4752/files/DBR000345_Y1.jpg?v=1755753975,https://cdn.shopify.com/s/files/1/0805/4777/4752/files/DBR000345_Y2.jpg?v=1755754233,DBR000345_Y1.jpg
Cluster Couture Diamond Tennis Bracelet,14 KT / Yellow Gold,14K,22.19,14.45,625137.0,50527752749344,https://cdn.shopify.com/s/files/1/0805/4777/4752/files/DBR000345_Y1.jpg?v=1755753975,https://cdn.shopify.com/s/files/1/0805/4777/4752/files/DBR000345_Y2.jpg?v=1755754233,DBR000345_Y1.jpg
Cluster Couture Diamond Tennis Bracelet,18 KT / Yellow Gold,18K,26.11,14.45,732729.0,50527752847648,https://cdn.shopify.com/s/files/1/0805/4777/4752/files/DBR000345_Y1.jpg?v=1755753975,https://cdn.shopify.com/s/files/1/0805/4777/4752/files/DBR000345_Y2.jpg?v=1755754233,DBR000345_Y1.jpg
Fusion Gleam Diamond Tennis Bracelet,9 KT / Yellow Gold,9K,18.95,5.6,336133.0,50738689278240,https://cdn.shopify.com/s/files/1/0805/4777/4752/files/DBR000356_Y1.jpg?v=1755754012,https://cdn.shopify.com/s/files/1/0805/4777/4752/files/DBR000356_Y2.jpg?v=1755754261,DBR000356_Y1.jpg
Fusion Gleam Diamond Tennis Bracelet,14 KT / Yellow Gold,14K,21.47,5.6,423949.0,50527752552736,https://cdn.shopify.com/s/files/1/0805/4777/4752/files/DBR000356_Y1.jpg?v=1755754012,https://cdn.shopify.com/s/files/1/0805/4777/4752/files/DBR000356_Y2.jpg?v=1755754261,DBR000356_Y1.jpg
Fusion Gleam Diamond Tennis Bracelet,18 KT / Yellow Gold,18K,25.26,5.6,528016.0,50527752651040,https://cdn.shopify.com/s/files/1/0805/4777/4752/files/DBR000356_Y1.jpg?v=1755754012,https://cdn.shopify.com/s/files/1/0805/4777/4752/files/DBR000356_Y2.jpg?v=1755754261,DBR000356_Y1.jpg
The Cluster Edit Diamond Tennis Bracelet,9 KT / Rose Gold,9K,18.74,17.582,611502.0,50738690556192,https://cdn.shopify.com/s/files/1/0805/4777/4752/files/DBR000351_R1.jpg?v=1755761049,https://cdn.shopify.com/s/files/1/0805/4777/4752/files/DBR000351_R2.jpg?v=1755761049,DBR000351_R1.jpg
The Cluster Edit Diamond Tennis Bracelet,14 KT / Rose Gold,14K,21.24,17.582,698420.0,50527752257824,https://cdn.shopify.com/s/files/1/0805/4777/4752/files/DBR000351_R1.jpg?v=1755761049,https://cdn.shopify.com/s/files/1/0805/4777/4752/files/DBR000351_R2.jpg?v=1755761049,DBR000351_R1.jpg
The Cluster Edit Diamond Tennis Bracelet,18 KT / Rose Gold,18K,24.98,17.582,801258.0,50527752356128,https://cdn.shopify.com/s/files/1/0805/4777/4752/files/DBR000351_R1.jpg?v=1755761049,https://cdn.shopify.com/s/files/1/0805/4777/4752/files/DBR000351_R2.jpg?v=1755761049,DBR000351_R1.jpg
The Luxe Crush Diamond Tennis Bracelet,9 KT / Yellow Gold,9K,18.22,20.07,930293.0,50738691703072,https://cdn.shopify.com/s/files/1/0805/4777/4752/files/DBR000354_Y1.jpg?v=1755754006,https://cdn.shopify.com/s/files/1/0805/4777/4752/files/DBR000354_Y2.jpg?v=1755754255,DBR000354_Y1.jpg
The Luxe Crush Diamond Tennis Bracelet,14 KT / Yellow Gold,14K,20.65,20.07,1014793.0,50527752126752,https://cdn.shopify.com/s/files/1/0805/4777/4752/files/DBR000354_Y1.jpg?v=1755754006,https://cdn.shopify.com/s/files/1/0805/4777/4752/files/DBR000354_Y2.jpg?v=1755754255,DBR000354_Y1.jpg
The Luxe Crush Diamond Tennis Bracelet,18 KT / Yellow Gold,18K,24.3,20.07,1114943.0,50527752225056,https://cdn.shopify.com/s/files/1/0805/4777/4752/files/DBR000354_Y1.jpg?v=1755754006,https://cdn.shopify.com/s/files/1/0805/4777/4752/files/DBR000354_Y2.jpg?v=1755754255,DBR000354_Y1.jpg
Emerald Curve Diamond Tennis Bracelet,9 KT / Rose Gold,9K,18.19,12.0,458408.0,50738691834144,https://cdn.shopify.com/s/files/1/0805/4777/4752/files/DBR000323_R1.jpg?v=1755766479,https://cdn.shopify.com/s/files/1/0805/4777/4752/files/DBR000323_R2.jpg?v=1755766479,DBR000323_R1.jpg
Emerald Curve Diamond Tennis Bracelet,14 KT / Rose Gold,14K,20.61,12.0,542713.0,50527751864608,https://cdn.shopify.com/s/files/1/0805/4777/4752/files/DBR000323_R1.jpg?v=1755766479,https://cdn.shopify.com/s/files/1/0805/4777/4752/files/DBR000323_R2.jpg?v=1755766479,DBR000323_R1.jpg
Emerald Curve Diamond Tennis Bracelet,18 KT / Rose Gold,18K,24.25,12.0,642633.0,50527751962912,https://cdn.shopify.com/s/files/1/0805/4777/4752/files/DBR000323_R1.jpg?v=1755766479,https://cdn.shopify.com/s/files/1/0805/4777/4752/files/DBR000323_R2.jpg?v=1755766479,DBR000323_R1.jpg
Jewelstorm Diamond Tennis Bracelet,9 KT / Rose Gold,9K,17.9,9.3,384183.0,50738692096288,https://cdn.shopify.com/s/files/1/0805/4777/4752/files/DBR000360_R1.jpg?v=1755758444,https://cdn.shopify.com/s/files/1/0805/4777/4752/files/DBR000360_R2.jpg?v=1755758444,DBR000360_R1.jpg
Jewelstorm Diamond Tennis Bracelet,14 KT / Rose Gold,14K,20.29,9.3,467225.0,50527751405856,https://cdn.shopify.com/s/files/1/0805/4777/4752/files/DBR000360_R1.jpg?v=1755758444,https://cdn.shopify.com/s/files/1/0805/4777/4752/files/DBR000360_R2.jpg?v=1755758444,DBR000360_R1.jpg
Jewelstorm Diamond Tennis Bracelet,18 KT / Rose Gold,18K,23.87,9.3,565552.0,50527751504160,https://cdn.shopify.com/s/files/1/0805/4777/4752/files/DBR000360_R1.jpg?v=1755758444,https://cdn.shopify.com/s/files/1/0805/4777/4752/files/DBR000360_R2.jpg?v=1755758444,DBR000360_R1.jpg
The Sparkle Spill Diamond Kada Bracelet,9 KT / Yellow Gold,9K,16.81,1.96,180078.0,50738692292896,https://cdn.shopify.com/s/files/1/0805/4777/4752/files/DBR000349_Y1.jpg?v=1754376130,https://cdn.shopify.com/s/files/1/0805/4777/4752/files/DBR000349_Y2.jpg?v=1754376274,DBR000349_Y1.jpg
The Sparkle Spill Diamond Kada Bracelet,14 KT / Yellow Gold,14K,19.05,1.96,258020.0,50527750553888,https://cdn.shopify.com/s/files/1/0805/4777/4752/files/DBR000349_Y1.jpg?v=1754376130,https://cdn.shopify.com/s/files/1/0805/4777/4752/files/DBR000349_Y2.jpg?v=1754376274,DBR000349_Y1.jpg
The Sparkle Spill Diamond Kada Bracelet,18 KT / Yellow Gold,18K,22.41,1.96,350323.0,50527750652192,https://cdn.shopify.com/s/files/1/0805/4777/4752/files/DBR000349_Y1.jpg?v=1754376130,https://cdn.shopify.com/s/files/1/0805/4777/4752/files/DBR000349_Y2.jpg?v=1754376274,DBR000349_Y1.jpg
Ruffle Royale Diamond Tennis Bracelet,9 KT / Yellow Gold,9K,15.69,17.38,582933.0,50738694652192,https://cdn.shopify.com/s/files/1/0805/4777/4752/files/DBR000343_Y1.jpg?v=1755753968,https://cdn.shopify.com/s/files/1/0805/4777/4752/files/DBR000343_Y2.jpg?v=1755754228,DBR000343_Y1.jpg
Ruffle Royale Diamond Tennis Bracelet,14 KT / Yellow Gold,14K,17.79,17.38,655770.0,50527750357280,https://cdn.shopify.com/s/files/1/0805/4777/4752/files/DBR000343_Y1.jpg?v=1755753968,https://cdn.shopify.com/s/files/1/0805/4777/4752/files/DBR000343_Y2.jpg?v=1755754228,DBR000343_Y1.jpg
Ruffle Royale Diamond Tennis Bracelet,18 KT / Yellow Gold,18K,20.92,17.38,741873.0,50527750455584,https://cdn.shopify.com/s/files/1/0805/4777/4752/files/DBR000343_Y1.jpg?v=1755753968,https://cdn.shopify.com/s/files/1/0805/4777/4752/files/DBR000343_Y2.jpg?v=1755754228,DBR000343_Y1.jpg
The Muse Loop Diamond Tennis Bracelet,9 KT / Yellow Gold,9K,14.74,6.2,277453.0,50738694881568,https://cdn.shopify.com/s/files/1/0805/4777/4752/files/DBR000286_Y1.jpg?v=1755753782,https://cdn.shopify.com/s/files/1/0805/4777/4752/files/DBR000286_Y2.jpg?v=1755754085,DBR000286_Y1.jpg
The Muse Loop Diamond Tennis Bracelet,14 KT / Yellow Gold,14K,16.7,6.2,345759.0,50527750127904,https://cdn.shopify.com/s/files/1/0805/4777/4752/files/DBR000286_Y1.jpg?v=1755753782,https://cdn.shopify.com/s/files/1/0805/4777/4752/files/DBR000286_Y2.jpg?v=1755754085,DBR000286_Y1.jpg
The Muse Loop Diamond Tennis Bracelet,18 KT / Yellow Gold,18K,19.65,6.2,426730.0,50527750226208,https://cdn.shopify.com/s/files/1/0805/4777/4752/files/DBR000286_Y1.jpg?v=1755753782,https://cdn.shopify.com/s/files/1/0805/4777/4752/files/DBR000286_Y2.jpg?v=1755754085,DBR000286_Y1.jpg
The Authority Band Diamond Tennis Bracelet,9 KT / Rose Gold,9K,14.64,24.28,1036615.0,50738697830688,https://cdn.shopify.com/s/files/1/0805/4777/4752/files/DBR000355_R1.jpg?v=1755761138,https://cdn.shopify.com/s/files/1/0805/4777/4752/files/DBR000355_R2.jpg?v=1755761138,DBR000355_R1.jpg
The Authority Band Diamond Tennis Bracelet,14 KT / Rose Gold,14K,16.6,24.28,1104583.0,50527749800224,https://cdn.shopify.com/s/files/1/0805/4777/4752/files/DBR000355_R1.jpg?v=1755761138,https://cdn.shopify.com/s/files/1/0805/4777/4752/files/DBR000355_R2.jpg?v=1755761138,DBR000355_R1.jpg
The Authority Band Diamond Tennis Bracelet,18 KT / Rose Gold,18K,19.52,24.28,1184919.0,50527749898528,https://cdn.shopify.com/s/files/1/0805/4777/4752/files/DBR000355_R1.jpg?v=1755761138,https://cdn.shopify.com/s/files/1/0805/4777/4752/files/DBR000355_R2.jpg?v=1755761138,DBR000355_R1.jpg
Gold and Ice Diamond Kada Bracelet,9 KT / White Gold,9K,14.34,1.11,138628.0,50738701566240,https://cdn.shopify.com/s/files/1/0805/4777/4752/files/DBR000371_W1.jpg?v=1754384221,https://cdn.shopify.com/s/files/1/0805/4777/4752/files/DBR000371_W2.jpg?v=1754384221,DBR000371_W1.jpg
Gold and Ice Diamond Kada Bracelet,14 KT / White Gold,14K,16.25,1.11,205110.0,50527749603616,https://cdn.shopify.com/s/files/1/0805/4777/4752/files/DBR000371_W1.jpg?v=1754384221,https://cdn.shopify.com/s/files/1/0805/4777/4752/files/DBR000371_W2.jpg?v=1754384221,DBR000371_W1.jpg
Gold and Ice Diamond Kada Bracelet,18 KT / White Gold,18K,19.12,1.11,283893.0,50527749701920,https://cdn.shopify.com/s/files/1/0805/4777/4752/files/DBR000371_W1.jpg?v=1754384221,https://cdn.shopify.com/s/files/1/0805/4777/4752/files/DBR000371_W2.jpg?v=1754384221,DBR000371_W1.jpg
Queen's Code Diamond Tennis Bracelet,9 KT / White Gold,9K,13.54,8.96,410261.0,50738701697312,https://cdn.shopify.com/s/files/1/0805/4777/4752/files/DBR000324_W1.jpg?v=1755758662,https://cdn.shopify.com/s/files/1/0805/4777/4752/files/DBR000324_W2.jpg?v=1755758662,DBR000324_W1.jpg
Queen's Code Diamond Tennis Bracelet,14 KT / White Gold,14K,15.35,8.96,473096.0,50527749407008,https://cdn.shopify.com/s/files/1/0805/4777/4752/files/DBR000324_W1.jpg?v=1755758662,https://cdn.shopify.com/s/files/1/0805/4777/4752/files/DBR000324_W2.jpg?v=1755758662,DBR000324_W1.jpg
Queen's Code Diamond Tennis Bracelet,18 KT / White Gold,18K,18.06,8.96,547503.0,50527749505312,https://cdn.shopify.com/s/files/1/0805/4777/4752/files/DBR000324_W1.jpg?v=1755758662,https://cdn.shopify.com/s/files/1/0805/4777/4752/files/DBR000324_W2.jpg?v=1755758662,DBR000324_W1.jpg
Opulence Line Diamond Tennis Bracelet,9 KT / Yellow Gold,9K,13.52,1.09,131869.0,50738703827232,https://cdn.shopify.com/s/files/1/0805/4777/4752/files/DBR000314_Y1.jpg?v=1755753869,https://cdn.shopify.com/s/files/1/0805/4777/4752/files/DBR000314_Y2.jpg?v=1755754150,DBR000314_Y1.jpg
Opulence Line Diamond Tennis Bracelet,14 KT / Yellow Gold,14K,15.33,1.09,194636.0,50527749243168,https://cdn.shopify.com/s/files/1/0805/4777/4752/files/DBR000314_Y1.jpg?v=1755753869,https://cdn.shopify.com/s/files/1/0805/4777/4752/files/DBR000314_Y2.jpg?v=1755754150,DBR000314_Y1.jpg
Opulence Line Diamond Tennis Bracelet,18 KT / Yellow Gold,18K,18.03,1.09,268868.0,50527749341472,https://cdn.shopify.com/s/files/1/0805/4777/4752/files/DBR000314_Y1.jpg?v=1755753869,https://cdn.shopify.com/s/files/1/0805/4777/4752/files/DBR000314_Y2.jpg?v=1755754150,DBR000314_Y1.jpg
Aligned Rows Diamond Chain Bracelet,9 KT / Yellow Gold,9K,13.44,6.0,262239.0,50738703958304,https://cdn.shopify.com/s/files/1/0805/4777/4752/files/DBR000330_Y1.jpg?v=1755753924,https://cdn.shopify.com/s/files/1/0805/4777/4752/files/DBR000330_Y2.jpg?v=1755754193,DBR000330_Y1.jpg
Aligned Rows Diamond Chain Bracelet,14 KT / Yellow Gold,14K,15.23,6.0,324547.0,50527749013792,https://cdn.shopify.com/s/files/1/0805/4777/4752/files/DBR000330_Y1.jpg?v=1755753924,https://cdn.shopify.com/s/files/1/0805/4777/4752/files/DBR000330_Y2.jpg?v=1755754193,DBR000330_Y1.jpg
Aligned Rows Diamond Chain Bracelet,18 KT / Yellow Gold,18K,17.92,6.0,398387.0,50527749112096,https://cdn.shopify.com/s/files/1/0805/4777/4752/files/DBR000330_Y1.jpg?v=1755753924,https://cdn.shopify.com/s/files/1/0805/4777/4752/files/DBR000330_Y2.jpg?v=1755754193,DBR000330_Y1.jpg
Fusion Glow Diamond Kada Bracelet,9 KT / Rose Gold,9K,13.19,3.6,228890.0,50738704220448,https://cdn.shopify.com/s/files/1/0805/4777/4752/files/DBR000350_R1.jpg?v=1755766792,https://cdn.shopify.com/s/files/1/0805/4777/4752/files/DBR000350_R2.jpg?v=1755766792,DBR000350_R1.jpg
Fusion Glow Diamond Kada Bracelet,14 KT / Rose Gold,14K,14.94,3.6,289976.0,50527748751648,https://cdn.shopify.com/s/files/1/0805/4777/4752/files/DBR000350_R1.jpg?v=1755766792,https://cdn.shopify.com/s/files/1/0805/4777/4752/files/DBR000350_R2.jpg?v=1755766792,DBR000350_R1.jpg
Fusion Glow Diamond Kada Bracelet,18 KT / Rose Gold,18K,17.58,3.6,362424.0,50527748849952,https://cdn.shopify.com/s/files/1/0805/4777/4752/files/DBR000350_R1.jpg?v=1755766792,https://cdn.shopify.com/s/files/1/0805/4777/4752/files/DBR000350_R2.jpg?v=1755766792,DBR000350_R1.jpg
Infinity Glow Diamond Tennis Bracelet,9 KT / Rose Gold,9K,12.88,24.65,1037327.0,50738704384288,https://cdn.shopify.com/s/files/1/0805/4777/4752/files/DBR000328_R1.jpg?v=1755758323,https://cdn.shopify.com/s/files/1/0805/4777/4752/files/DBR000328_R2.jpg?v=1755758323,DBR000328_R1.jpg
Infinity Glow Diamond Tennis Bracelet,14 KT / Rose Gold,14K,14.59,24.65,1096988.0,50527748522272,https://cdn.shopify.com/s/files/1/0805/4777/4752/files/DBR000328_R1.jpg?v=1755758323,https://cdn.shopify.com/s/files/1/0805/4777/4752/files/DBR000328_R2.jpg?v=1755758323,DBR000328_R1.jpg
Infinity Glow Diamond Tennis Bracelet,18 KT / Rose Gold,18K,17.17,24.65,1167762.0,50527748620576,https://cdn.shopify.com/s/files/1/0805/4777/4752/files/DBR000328_R1.jpg?v=1755758323,https://cdn.shopify.com/s/files/1/0805/4777/4752/files/DBR000328_R2.jpg?v=1755758323,DBR000328_R1.jpg
All of My Love Diamond Tennis Bracelet,9 KT / Rose Gold,9K,12.72,7.425,294786.0,50738704515360,https://cdn.shopify.com/s/files/1/0805/4777/4752/files/DBR000366_R1.jpg?v=1755758577,https://cdn.shopify.com/s/files/1/0805/4777/4752/files/DBR000366_R2.jpg?v=1755758577,DBR000366_R1.jpg
All of My Love Diamond Tennis Bracelet,14 KT / Rose Gold,14K,14.42,7.425,353812.0,50527748292896,https://cdn.shopify.com/s/files/1/0805/4777/4752/files/DBR000366_R1.jpg?v=1755758577,https://cdn.shopify.com/s/files/1/0805/4777/4752/files/DBR000366_R2.jpg?v=1755758577,DBR000366_R1.jpg
All of My Love Diamond Tennis Bracelet,18 KT / Rose Gold,18K,16.97,7.425,423762.0,50527748391200,https://cdn.shopify.com/s/files/1/0805/4777/4752/files/DBR000366_R1.jpg?v=1755758577,https://cdn.shopify.com/s/files/1/0805/4777/4752/files/DBR000366_R2.jpg?v=1755758577,DBR000366_R1.jpg
Crushline Diamond Tennis Bracelet,9 KT / Rose Gold,9K,12.39,1.92,145421.0,50738707366176,https://cdn.shopify.com/s/files/1/0805/4777/4752/files/DBR000313_R1.jpg?v=1755765607,https://cdn.shopify.com/s/files/1/0805/4777/4752/files/DBR000313_R2.jpg?v=1755765607,DBR000313_R1.jpg
Crushline Diamond Tennis Bracelet,14 KT / Rose Gold,14K,14.05,1.92,202954.0,50527747572000,https://cdn.shopify.com/s/files/1/0805/4777/4752/files/DBR000313_R1.jpg?v=1755765607,https://cdn.shopify.com/s/files/1/0805/4777/4752/files/DBR000313_R2.jpg?v=1755765607,DBR000313_R1.jpg
Crushline Diamond Tennis Bracelet,18 KT / Rose Gold,18K,16.53,1.92,271054.0,50527747670304,https://cdn.shopify.com/s/files/1/0805/4777/4752/files/DBR000313_R1.jpg?v=1755765607,https://cdn.shopify.com/s/files/1/0805/4777/4752/files/DBR000313_R2.jpg?v=1755765607,DBR000313_R1.jpg
Tip of Light Diamond Kada Bracelet,9 KT / Rose Gold,9K,12.381,1.16,131626.0,50738707661088,https://cdn.shopify.com/s/files/1/0805/4777/4752/files/DBR000309_R1.jpg?v=1754384142,https://cdn.shopify.com/s/files/1/0805/4777/4752/files/DBR000309_R2.jpg?v=1754384142,DBR000309_R1.jpg
Tip of Light Diamond Kada Bracelet,14 KT / Rose Gold,14K,14.0318,1.16,189042.0,50527747375392,https://cdn.shopify.com/s/files/1/0805/4777/4752/files/DBR000309_R1.jpg?v=1754384142,https://cdn.shopify.com/s/files/1/0805/4777/4752/files/DBR000309_R2.jpg?v=1754384142,DBR000309_R1.jpg
Tip of Light Diamond Kada Bracelet,18 KT / Rose Gold,18K,16.51,1.16,257070.0,50527747473696,https://cdn.shopify.com/s/files/1/0805/4777/4752/files/DBR000309_R1.jpg?v=1754384142,https://cdn.shopify.com/s/files/1/0805/4777/4752/files/DBR000309_R2.jpg?v=1754384142,DBR000309_R1.jpg
Glowbomb Diamond Tennis Bracelet,9 KT / Yellow Gold,9K,12.37,5.26,266686.0,50738707792160,https://cdn.shopify.com/s/files/1/0805/4777/4752/files/DBR000312_Y1.jpg?v=1755753861,https://cdn.shopify.com/s/files/1/0805/4777/4752/files/DBR000312_Y2.jpg?v=1755754145,DBR000312_Y1.jpg
Glowbomb Diamond Tennis Bracelet,14 KT / Yellow Gold,14K,14.02,5.26,324057.0,50527747244320,https://cdn.shopify.com/s/files/1/0805/4777/4752/files/DBR000312_Y1.jpg?v=1755753861,https://cdn.shopify.com/s/files/1/0805/4777/4752/files/DBR000312_Y2.jpg?v=1755754145,DBR000312_Y1.jpg
Glowbomb Diamond Tennis Bracelet,18 KT / Yellow Gold,18K,16.5,5.26,392075.0,50527747342624,https://cdn.shopify.com/s/files/1/0805/4777/4752/files/DBR000312_Y1.jpg?v=1755753861,https://cdn.shopify.com/s/files/1/0805/4777/4752/files/DBR000312_Y2.jpg?v=1755754145,DBR000312_Y1.jpg
The Empress Cuff Diamond Tennis Bracelet,9 KT / Yellow Gold,9K,12.37,7.52,294656.0,50738709266720,https://cdn.shopify.com/s/files/1/0805/4777/4752/files/DBR000361_Y1.jpg?v=1755754029,https://cdn.shopify.com/s/files/1/0805/4777/4752/files/DBR000361_Y2.jpg?v=1755754275,DBR000361_Y1.jpg
The Empress Cuff Diamond Tennis Bracelet,14 KT / Yellow Gold,14K,14.02,7.52,352028.0,50527747047712,https://cdn.shopify.com/s/files/1/0805/4777/4752/files/DBR000361_Y1.jpg?v=1755754029,https://cdn.shopify.com/s/files/1/0805/4777/4752/files/DBR000361_Y2.jpg?v=1755754275,DBR000361_Y1.jpg
The Empress Cuff Diamond Tennis Bracelet,18 KT / Yellow Gold,18K,16.5,7.52,420046.0,50527747146016,https://cdn.shopify.com/s/files/1/0805/4777/4752/files/DBR000361_Y1.jpg?v=1755754029,https://cdn.shopify.com/s/files/1/0805/4777/4752/files/DBR000361_Y2.jpg?v=1755754275,DBR000361_Y1.jpg
Majestic Melt Diamond Tennis Bracelet,9 KT / Yellow Gold,9K,12.09,5.255,243540.0,50738709528864,https://cdn.shopify.com/s/files/1/0805/4777/4752/files/DBR000348_Y1.jpg?v=1755753987,https://cdn.shopify.com/s/files/1/0805/4777/4752/files/DBR000348_Y2.jpg?v=1755754241,DBR000348_Y1.jpg
Majestic Melt Diamond Tennis Bracelet,14 KT / Yellow Gold,14K,13.71,5.255,299682.0,50527746818336,https://cdn.shopify.com/s/files/1/0805/4777/4752/files/DBR000348_Y1.jpg?v=1755753987,https://cdn.shopify.com/s/files/1/0805/4777/4752/files/DBR000348_Y2.jpg?v=1755754241,DBR000348_Y1.jpg
Majestic Melt Diamond Tennis Bracelet,18 KT / Yellow Gold,18K,16.13,5.255,366134.0,50527746916640,https://cdn.shopify.com/s/files/1/0805/4777/4752/files/DBR000348_Y1.jpg?v=1755753987,https://cdn.shopify.com/s/files/1/0805/4777/4752/files/DBR000348_Y2.jpg?v=1755754241,DBR000348_Y1.jpg
Pear Play Diamond Chain Bracelet,9 KT / Rose Gold,9K,12.08,2.22,168666.0,50738716213536,https://cdn.shopify.com/s/files/1/0805/4777/4752/files/DBR000301_R1.jpg?v=1755765256,https://cdn.shopify.com/s/files/1/0805/4777/4752/files/DBR000301_R2.jpg?v=1755765256,DBR000301_R1.jpg
Pear Play Diamond Chain Bracelet,14 KT / Rose Gold,14K,13.69,2.22,224680.0,50527746556192,https://cdn.shopify.com/s/files/1/0805/4777/4752/files/DBR000301_R1.jpg?v=1755765256,https://cdn.shopify.com/s/files/1/0805/4777/4752/files/DBR000301_R2.jpg?v=1755765256,DBR000301_R1.jpg
Pear Play Diamond Chain Bracelet,18 KT / Rose Gold,18K,16.11,2.22,291078.0,50527746654496,https://cdn.shopify.com/s/files/1/0805/4777/4752/files/DBR000301_R1.jpg?v=1755765256,https://cdn.shopify.com/s/files/1/0805/4777/4752/files/DBR000301_R2.jpg?v=1755765256,DBR000301_R1.jpg
Velvet Orbit Diamond Tennis Bracelet,9 KT / Yellow Gold,9K,11.78,7.75,296296.0,50738716836128,https://cdn.shopify.com/s/files/1/0805/4777/4752/files/DBR000284_Y1.jpg?v=1755753775,https://cdn.shopify.com/s/files/1/0805/4777/4752/files/DBR000284_Y2.jpg?v=1755754080,DBR000284_Y1.jpg
Velvet Orbit Diamond Tennis Bracelet,14 KT / Yellow Gold,14K,13.35,7.75,350918.0,50527746425120,https://cdn.shopify.com/s/files/1/0805/4777/4752/files/DBR000284_Y1.jpg?v=1755753775,https://cdn.shopify.com/s/files/1/0805/4777/4752/files/DBR000284_Y2.jpg?v=1755754080,DBR000284_Y1.jpg
Velvet Orbit Diamond Tennis Bracelet,18 KT / Yellow Gold,18K,15.7,7.75,415547.0,50527746523424,https://cdn.shopify.com/s/files/1/0805/4777/4752/files/DBR000284_Y1.jpg?v=1755753775,https://cdn.shopify.com/s/files/1/0805/4777/4752/files/DBR000284_Y2.jpg?v=1755754080,DBR000284_Y1.jpg
Fresh Burst Diamond Tennis Bracelet,9 KT / Rose Gold,9K,11.58,1.02,115242.0,50738717065504,https://cdn.shopify.com/s/files/1/0805/4777/4752/files/DBR000315_R1.jpg?v=1755765646,https://cdn.shopify.com/s/files/1/0805/4777/4752/files/DBR000315_R2.jpg?v=1755765646,DBR000315_R1.jpg
Fresh Burst Diamond Tennis Bracelet,14 KT / Rose Gold,14K,13.12,1.02,168906.0,50527746162976,https://cdn.shopify.com/s/files/1/0805/4777/4752/files/DBR000315_R1.jpg?v=1755765646,https://cdn.shopify.com/s/files/1/0805/4777/4752/files/DBR000315_R2.jpg?v=1755765646,DBR000315_R1.jpg
Fresh Burst Diamond Tennis Bracelet,18 KT / Rose Gold,18K,15.44,1.02,232548.0,50527746261280,https://cdn.shopify.com/s/files/1/0805/4777/4752/files/DBR000315_R1.jpg?v=1755765646,https://cdn.shopify.com/s/files/1/0805/4777/4752/files/DBR000315_R2.jpg?v=1755765646,DBR000315_R1.jpg
Orchestra of Sparkle Diamond Tennis Bracelet,9 KT / Yellow Gold,9K,11.57,7.04,275761.0,50738718540064,https://cdn.shopify.com/s/files/1/0805/4777/4752/files/DBR000335_Y1.jpg?v=1755753941,https://cdn.shopify.com/s/files/1/0805/4777/4752/files/DBR000335_Y2.jpg?v=1755754206,DBR000335_Y1.jpg
Orchestra of Sparkle Diamond Tennis Bracelet,14 KT / Yellow Gold,14K,13.11,7.04,329391.0,50527745966368,https://cdn.shopify.com/s/files/1/0805/4777/4752/files/DBR000335_Y1.jpg?v=1755753941,https://cdn.shopify.com/s/files/1/0805/4777/4752/files/DBR000335_Y2.jpg?v=1755754206,DBR000335_Y1.jpg
Orchestra of Sparkle Diamond Tennis Bracelet,18 KT / Yellow Gold,18K,15.42,7.04,392884.0,50527746064672,https://cdn.shopify.com/s/files/1/0805/4777/4752/files/DBR000335_Y1.jpg?v=1755753941,https://cdn.shopify.com/s/files/1/0805/4777/4752/files/DBR000335_Y2.jpg?v=1755754206,DBR000335_Y1.jpg
Royal Mix Diamond Tennis Bracelet,9 KT / White Gold,9K,11.42,12.6,518991.0,50738718802208,https://cdn.shopify.com/s/files/1/0805/4777/4752/files/DBR000362_W1.jpg?v=1755758494,https://cdn.shopify.com/s/files/1/0805/4777/4752/files/DBR000362_W2.jpg?v=1755758494,DBR000362_W1.jpg
Royal Mix Diamond Tennis Bracelet,14 KT / White Gold,14K,12.95,12.6,572020.0,50527745704224,https://cdn.shopify.com/s/files/1/0805/4777/4752/files/DBR000362_W1.jpg?v=1755758494,https://cdn.shopify.com/s/files/1/0805/4777/4752/files/DBR000362_W2.jpg?v=1755758494,DBR000362_W1.jpg
Royal Mix Diamond Tennis Bracelet,18 KT / White Gold,18K,15.23,12.6,634717.0,50527745802528,https://cdn.shopify.com/s/files/1/0805/4777/4752/files/DBR000362_W1.jpg?v=1755758494,https://cdn.shopify.com/s/files/1/0805/4777/4752/files/DBR000362_W2.jpg?v=1755758494,DBR000362_W1.jpg
Couture Clasp Diamond Tennis Bracelet,9 KT / Rose Gold,9K,11.39,7.04,274404.0,50738719097120,https://cdn.shopify.com/s/files/1/0805/4777/4752/files/DBR000318_R1.jpg?v=1755766410,https://cdn.shopify.com/s/files/1/0805/4777/4752/files/DBR000318_R2.jpg?v=1755766410,DBR000318_R1.jpg
Couture Clasp Diamond Tennis Bracelet,14 KT / Rose Gold,14K,12.91,7.04,327237.0,50527745474848,https://cdn.shopify.com/s/files/1/0805/4777/4752/files/DBR000318_R1.jpg?v=1755766410,https://cdn.shopify.com/s/files/1/0805/4777/4752/files/DBR000318_R2.jpg?v=1755766410,DBR000318_R1.jpg
Couture Clasp Diamond Tennis Bracelet,18 KT / Rose Gold,18K,15.19,7.04,389826.0,50527745573152,https://cdn.shopify.com/s/files/1/0805/4777/4752/files/DBR000318_R1.jpg?v=1755766410,https://cdn.shopify.com/s/files/1/0805/4777/4752/files/DBR000318_R2.jpg?v=1755766410,DBR000318_R1.jpg
Fine Line Diamond Tennis Bracelet,9 KT / White Gold,9K,11.32,1.13,116205.0,50738719359264,https://cdn.shopify.com/s/files/1/0805/4777/4752/files/DBR000310_W1.jpg?v=1755765467,https://cdn.shopify.com/s/files/1/0805/4777/4752/files/DBR000310_W2.jpg?v=1755765467,DBR000310_W1.jpg
Fine Line Diamond Tennis Bracelet,14 KT / White Gold,14K,12.83,1.13,168707.0,50527745311008,https://cdn.shopify.com/s/files/1/0805/4777/4752/files/DBR000310_W1.jpg?v=1755765467,https://cdn.shopify.com/s/files/1/0805/4777/4752/files/DBR000310_W2.jpg?v=1755765467,DBR000310_W1.jpg
Fine Line Diamond Tennis Bracelet,18 KT / White Gold,18K,15.09,1.13,230837.0,50527745409312,https://cdn.shopify.com/s/files/1/0805/4777/4752/files/DBR000310_W1.jpg?v=1755765467,https://cdn.shopify.com/s/files/1/0805/4777/4752/files/DBR000310_W2.jpg?v=1755765467,DBR000310_W1.jpg
Runway Polished Diamond Tennis Bracelet,9 KT / Yellow Gold,9K,11.26,13.198,506738.0,50738719523104,https://cdn.shopify.com/s/files/1/0805/4777/4752/files/DBR000319_Y1.jpg?v=1755753886,https://cdn.shopify.com/s/files/1/0805/4777/4752/files/DBR000319_Y2.jpg?v=1755754164,DBR000319_Y1.jpg
Runway Polished Diamond Tennis Bracelet,14 KT / Yellow Gold,14K,12.76,13.198,558943.0,50527745114400,https://cdn.shopify.com/s/files/1/0805/4777/4752/files/DBR000319_Y1.jpg?v=1755753886,https://cdn.shopify.com/s/files/1/0805/4777/4752/files/DBR000319_Y2.jpg?v=1755754164,DBR000319_Y1.jpg
Runway Polished Diamond Tennis Bracelet,18 KT / Yellow Gold,18K,15.01,13.198,620762.0,50527745212704,https://cdn.shopify.com/s/files/1/0805/4777/4752/files/DBR000319_Y1.jpg?v=1755753886,https://cdn.shopify.com/s/files/1/0805/4777/4752/files/DBR000319_Y2.jpg?v=1755754164,DBR000319_Y1.jpg
Radiance Boxed Diamond Tennis Bracelet,9 KT / Rose Gold,9K,11.24,13.198,506582.0,50738719654176,https://cdn.shopify.com/s/files/1/0805/4777/4752/files/DBR000342_R1.jpg?v=1755760601,https://cdn.shopify.com/s/files/1/0805/4777/4752/files/DBR000342_R2.jpg?v=1755760601,DBR000342_R1.jpg
Radiance Boxed Diamond Tennis Bracelet,14 KT / Rose Gold,14K,12.73,13.198,558625.0,50527744819488,https://cdn.shopify.com/s/files/1/0805/4777/4752/files/DBR000342_R1.jpg?v=1755760601,https://cdn.shopify.com/s/files/1/0805/4777/4752/files/DBR000342_R2.jpg?v=1755760601,DBR000342_R1.jpg
Radiance Boxed Diamond Tennis Bracelet,18 KT / Rose Gold,18K,14.98,13.198,620363.0,50527744917792,https://cdn.shopify.com/s/files/1/0805/4777/4752/files/DBR000342_R1.jpg?v=1755760601,https://cdn.shopify.com/s/files/1/0805/4777/4752/files/DBR000342_R2.jpg?v=1755760601,DBR000342_R1.jpg
Circles of Forever Diamond Tennis Bracelet,9 KT / Yellow Gold,9K,10.93,9.3,402071.0,50738722242848,https://cdn.shopify.com/s/files/1/0805/4777/4752/files/DBR000333_Y1.jpg?v=1755753934,https://cdn.shopify.com/s/files/1/0805/4777/4752/files/DBR000333_Y2.jpg?v=1755754200,DBR000333_Y1.jpg
Circles of Forever Diamond Tennis Bracelet,14 KT / Yellow Gold,14K,12.38,9.3,452689.0,50527744655648,https://cdn.shopify.com/s/files/1/0805/4777/4752/files/DBR000333_Y1.jpg?v=1755753934,https://cdn.shopify.com/s/files/1/0805/4777/4752/files/DBR000333_Y2.jpg?v=1755754200,DBR000333_Y1.jpg
Circles of Forever Diamond Tennis Bracelet,18 KT / Yellow Gold,18K,14.57,9.3,512752.0,50527744753952,https://cdn.shopify.com/s/files/1/0805/4777/4752/files/DBR000333_Y1.jpg?v=1755753934,https://cdn.shopify.com/s/files/1/0805/4777/4752/files/DBR000333_Y2.jpg?v=1755754200,DBR000333_Y1.jpg
Promise Row Diamond Tennis Bracelet,9 KT / Yellow Gold,9K,10.91,6.75,263016.0,50738722341152,https://cdn.shopify.com/s/files/1/0805/4777/4752/files/DBR000288_Y1.jpg?v=1755753790,https://cdn.shopify.com/s/files/1/0805/4777/4752/files/DBR000288_Y2.jpg?v=1755754090,DBR000288_Y1.jpg
Promise Row Diamond Tennis Bracelet,14 KT / Yellow Gold,14K,12.37,6.75,313661.0,50527744459040,https://cdn.shopify.com/s/files/1/0805/4777/4752/files/DBR000288_Y1.jpg?v=1755753790,https://cdn.shopify.com/s/files/1/0805/4777/4752/files/DBR000288_Y2.jpg?v=1755754090,DBR000288_Y1.jpg
Promise Row Diamond Tennis Bracelet,18 KT / Yellow Gold,18K,14.55,6.75,373575.0,50527744557344,https://cdn.shopify.com/s/files/1/0805/4777/4752/files/DBR000288_Y1.jpg?v=1755753790,https://cdn.shopify.com/s/files/1/0805/4777/4752/files/DBR000288_Y2.jpg?v=1755754090,DBR000288_Y1.jpg
Rhythmic Perfection Diamond Tennis Bracelet,9 KT / Yellow Gold,9K,10.91,9.029,323806.0,50738647925024,https://cdn.shopify.com/s/files/1/0805/4777/4752/files/DBR000352_Y1.jpg?v=1755753999,https://cdn.shopify.com/s/files/1/0805/4777/4752/files/DBR000352_Y2.jpg?v=1755754249,DBR000352_Y1.jpg
Rhythmic Perfection Diamond Tennis Bracelet,14 KT / Yellow Gold,14K,12.36,9.029,374356.0,50527744262432,https://cdn.shopify.com/s/files/1/0805/4777/4752/files/DBR000352_Y1.jpg?v=1755753999,https://cdn.shopify.com/s/files/1/0805/4777/4752/files/DBR000352_Y2.jpg?v=1755754249,DBR000352_Y1.jpg
Rhythmic Perfection Diamond Tennis Bracelet,18 KT / Yellow Gold,18K,14.54,9.029,434244.0,50527744360736,https://cdn.shopify.com/s/files/1/0805/4777/4752/files/DBR000352_Y1.jpg?v=1755753999,https://cdn.shopify.com/s/files/1/0805/4777/4752/files/DBR000352_Y2.jpg?v=1755754249,DBR000352_Y1.jpg
Classic & Composed Diamond Tennis Bracelet,9 KT / Yellow Gold,9K,10.89,6.37,252730.0,50738649268512,https://cdn.shopify.com/s/files/1/0805/4777/4752/files/DBR000322_Y1.jpg?v=1755753896,https://cdn.shopify.com/s/files/1/0805/4777/4752/files/DBR000322_Y2.jpg?v=1755754171,DBR000322_Y1.jpg
Classic & Composed Diamond Tennis Bracelet,14 KT / Yellow Gold,14K,12.35,6.37,303307.0,50527744033056,https://cdn.shopify.com/s/files/1/0805/4777/4752/files/DBR000322_Y1.jpg?v=1755753896,https://cdn.shopify.com/s/files/1/0805/4777/4752/files/DBR000322_Y2.jpg?v=1755754171,DBR000322_Y1.jpg
Classic & Composed Diamond Tennis Bracelet,18 KT / Yellow Gold,18K,14.53,6.37,363168.0,50527744131360,https://cdn.shopify.com/s/files/1/0805/4777/4752/files/DBR000322_Y1.jpg?v=1755753896,https://cdn.shopify.com/s/files/1/0805/4777/4752/files/DBR000322_Y2.jpg?v=1755754171,DBR000322_Y1.jpg
Brilliance She Is Diamond Tennis Bracelet,9 KT / White Gold,9K,10.89,10.5,442930.0,50738649366816,https://cdn.shopify.com/s/files/1/0805/4777/4752/files/DBR000331_W1.jpg?v=1755760324,https://cdn.shopify.com/s/files/1/0805/4777/4752/files/DBR000331_W2.jpg?v=1755760324,DBR000331_W1.jpg
Brilliance She Is Diamond Tennis Bracelet,14 KT / White Gold,14K,12.34,10.5,493413.0,50527743770912,https://cdn.shopify.com/s/files/1/0805/4777/4752/files/DBR000331_W1.jpg?v=1755760324,https://cdn.shopify.com/s/files/1/0805/4777/4752/files/DBR000331_W2.jpg?v=1755760324,DBR000331_W1.jpg
Brilliance She Is Diamond Tennis Bracelet,18 KT / White Gold,18K,14.52,10.5,553246.0,50527743869216,https://cdn.shopify.com/s/files/1/0805/4777/4752/files/DBR000331_W1.jpg?v=1755760324,https://cdn.shopify.com/s/files/1/0805/4777/4752/files/DBR000331_W2.jpg?v=1755760324,DBR000331_W1.jpg
Lined In Grace Diamond Tennis Bracelet,9 KT / Yellow Gold,9K,10.88,6.37,252646.0,50738649465120,https://cdn.shopify.com/s/files/1/0805/4777/4752/files/DBR000365_Y1.jpg?v=1755754042,https://cdn.shopify.com/s/files/1/0805/4777/4752/files/DBR000365_Y2.jpg?v=1755754287,DBR000365_Y1.jpg
Lined In Grace Diamond Tennis Bracelet,14 KT / Yellow Gold,14K,12.33,6.37,303095.0,50527743574304,https://cdn.shopify.com/s/files/1/0805/4777/4752/files/DBR000365_Y1.jpg?v=1755754042,https://cdn.shopify.com/s/files/1/0805/4777/4752/files/DBR000365_Y2.jpg?v=1755754287,DBR000365_Y1.jpg
Lined In Grace Diamond Tennis Bracelet,18 KT / Yellow Gold,18K,14.51,6.37,362902.0,50527743672608,https://cdn.shopify.com/s/files/1/0805/4777/4752/files/DBR000365_Y1.jpg?v=1755754042,https://cdn.shopify.com/s/files/1/0805/4777/4752/files/DBR000365_Y2.jpg?v=1755754287,DBR000365_Y1.jpg
Her Silhouette Diamond Tennis Bracelet,9 KT / Rose Gold,9K,10.84,7.71,288095.0,50738649563424,https://cdn.shopify.com/s/files/1/0805/4777/4752/files/DBR000369_R1.jpg?v=1755761251,https://cdn.shopify.com/s/files/1/0805/4777/4752/files/DBR000369_R2.jpg?v=1755761251,DBR000369_R1.jpg
Her Silhouette Diamond Tennis Bracelet,14 KT / Rose Gold,14K,12.29,7.71,338409.0,50527743279392,https://cdn.shopify.com/s/files/1/0805/4777/4752/files/DBR000369_R1.jpg?v=1755761251,https://cdn.shopify.com/s/files/1/0805/4777/4752/files/DBR000369_R2.jpg?v=1755761251,DBR000369_R1.jpg
Her Silhouette Diamond Tennis Bracelet,18 KT / Rose Gold,18K,14.46,7.71,397986.0,50527743377696,https://cdn.shopify.com/s/files/1/0805/4777/4752/files/DBR000369_R1.jpg?v=1755761251,https://cdn.shopify.com/s/files/1/0805/4777/4752/files/DBR000369_R2.jpg?v=1755761251,DBR000369_R1.jpg
Luxe Loop Diamond Tennis Bracelet,9 KT / Yellow Gold,9K,10.83,12.04,556654.0,50738649661728,https://cdn.shopify.com/s/files/1/0805/4777/4752/files/DBR000320_Y1.jpg?v=1755753890,https://cdn.shopify.com/s/files/1/0805/4777/4752/files/DBR000320_Y2.jpg?v=1755754166,DBR000320_Y1.jpg
Luxe Loop Diamond Tennis Bracelet,14 KT / Yellow Gold,14K,12.28,12.04,606934.0,50527741182240,https://cdn.shopify.com/s/files/1/0805/4777/4752/files/DBR000320_Y1.jpg?v=1755753890,https://cdn.shopify.com/s/files/1/0805/4777/4752/files/DBR000320_Y2.jpg?v=1755754166,DBR000320_Y1.jpg
Luxe Loop Diamond Tennis Bracelet,18 KT / Yellow Gold,18K,14.44,12.04,666362.0,50527741280544,https://cdn.shopify.com/s/files/1/0805/4777/4752/files/DBR000320_Y1.jpg?v=1755753890,https://cdn.shopify.com/s/files/1/0805/4777/4752/files/DBR000320_Y2.jpg?v=1755754166,DBR000320_Y1.jpg
Duo Gleam Diamond Kada Bracelet,9 KT / Rose Gold,9K,10.75,1.344,117578.0,50738649760032,https://cdn.shopify.com/s/files/1/0805/4777/4752/files/DBR000268_R1.jpg?v=1754384290,https://cdn.shopify.com/s/files/1/0805/4777/4752/files/DBR000268_R2.jpg?v=1754384290,DBR000268_R1.jpg
Duo Gleam Diamond Kada Bracelet,14 KT / Rose Gold,14K,12.18,1.344,167399.0,50527740920096,https://cdn.shopify.com/s/files/1/0805/4777/4752/files/DBR000268_R1.jpg?v=1754384290,https://cdn.shopify.com/s/files/1/0805/4777/4752/files/DBR000268_R2.jpg?v=1754384290,DBR000268_R1.jpg
Duo Gleam Diamond Kada Bracelet,18 KT / Rose Gold,18K,14.33,1.344,226435.0,50527741018400,https://cdn.shopify.com/s/files/1/0805/4777/4752/files/DBR000268_R1.jpg?v=1754384290,https://cdn.shopify.com/s/files/1/0805/4777/4752/files/DBR000268_R2.jpg?v=1754384290,DBR000268_R1.jpg
Brilliance Stack Diamond Tennis Bracelet,9 KT / White Gold,9K,10.72,5.037,234163.0,50738649891104,https://cdn.shopify.com/s/files/1/0805/4777/4752/files/DBR000321_W1.jpg?v=1755766455,https://cdn.shopify.com/s/files/1/0805/4777/4752/files/DBR000321_W2.jpg?v=1755766455,DBR000321_W1.jpg
Brilliance Stack Diamond Tennis Bracelet,14 KT / White Gold,14K,12.15,5.037,283883.0,50527740756256,https://cdn.shopify.com/s/files/1/0805/4777/4752/files/DBR000321_W1.jpg?v=1755766455,https://cdn.shopify.com/s/files/1/0805/4777/4752/files/DBR000321_W2.jpg?v=1755766455,DBR000321_W1.jpg
Brilliance Stack Diamond Tennis Bracelet,18 KT / White Gold,18K,14.29,5.037,342717.0,50527740854560,https://cdn.shopify.com/s/files/1/0805/4777/4752/files/DBR000321_W1.jpg?v=1755766455,https://cdn.shopify.com/s/files/1/0805/4777/4752/files/DBR000321_W2.jpg?v=1755766455,DBR000321_W1.jpg
Grace Grown Diamond Flexi Bracelet,9 KT / Yellow Gold,9K,10.52,0.85,102645.0,50738651365664,https://cdn.shopify.com/s/files/1/0805/4777/4752/files/DBR000265_Y1.jpg?v=1755753754,https://cdn.shopify.com/s/files/1/0805/4777/4752/files/DBR000265_Y2.jpg?v=1755754062,DBR000265_Y1.jpg
Grace Grown Diamond Flexi Bracelet,14 KT / Yellow Gold,14K,11.92,0.85,151406.0,50527740592416,https://cdn.shopify.com/s/files/1/0805/4777/4752/files/DBR000265_Y1.jpg?v=1755753754,https://cdn.shopify.com/s/files/1/0805/4777/4752/files/DBR000265_Y2.jpg?v=1755754062,DBR000265_Y1.jpg
Grace Grown Diamond Flexi Bracelet,18 KT / Yellow Gold,18K,14.02,0.85,209132.0,50527740690720,https://cdn.shopify.com/s/files/1/0805/4777/4752/files/DBR000265_Y1.jpg?v=1755753754,https://cdn.shopify.com/s/files/1/0805/4777/4752/files/DBR000265_Y2.jpg?v=1755754062,DBR000265_Y1.jpg
Lined in Light Diamond Kada Bracelet,9 KT / Rose Gold,9K,10.5,5.8,234552.0,50738651463968,https://cdn.shopify.com/s/files/1/0805/4777/4752/files/DBR000281_R1.jpg?v=1755759999,https://cdn.shopify.com/s/files/1/0805/4777/4752/files/DBR000281_R2.jpg?v=1755759999,DBR000281_R1.jpg
Lined in Light Diamond Kada Bracelet,14 KT / Rose Gold,14K,11.9,5.8,283245.0,50527740297504,https://cdn.shopify.com/s/files/1/0805/4777/4752/files/DBR000281_R1.jpg?v=1755759999,https://cdn.shopify.com/s/files/1/0805/4777/4752/files/DBR000281_R2.jpg?v=1755759999,DBR000281_R1.jpg
Lined in Light Diamond Kada Bracelet,18 KT / Rose Gold,18K,14.0,5.8,340918.0,50527740395808,https://cdn.shopify.com/s/files/1/0805/4777/4752/files/DBR000281_R1.jpg?v=1755759999,https://cdn.shopify.com/s/files/1/0805/4777/4752/files/DBR000281_R2.jpg?v=1755759999,DBR000281_R1.jpg
Circles of Devotion Diamond Tennis Bracelet,9 KT / Rose Gold,9K,10.5,5.5,226549.0,50738651988256,https://cdn.shopify.com/s/files/1/0805/4777/4752/files/DBR000283_R1.jpg?v=1755767676,https://cdn.shopify.com/s/files/1/0805/4777/4752/files/DBR000283_R2.jpg?v=1755767676,DBR000283_R1.jpg
Circles of Devotion Diamond Tennis Bracelet,14 KT / Rose Gold,14K,11.9,5.5,275242.0,50527740100896,https://cdn.shopify.com/s/files/1/0805/4777/4752/files/DBR000283_R1.jpg?v=1755767676,https://cdn.shopify.com/s/files/1/0805/4777/4752/files/DBR000283_R2.jpg?v=1755767676,DBR000283_R1.jpg
Circles of Devotion Diamond Tennis Bracelet,18 KT / Rose Gold,18K,14.0,5.5,332915.0,50527740199200,https://cdn.shopify.com/s/files/1/0805/4777/4752/files/DBR000283_R1.jpg?v=1755767676,https://cdn.shopify.com/s/files/1/0805/4777/4752/files/DBR000283_R2.jpg?v=1755767676,DBR000283_R1.jpg
The Commitment Line Diamond Tennis Bracelet,9 KT / Yellow Gold,9K,11.1,4.41,202033.0,50738657100064,https://cdn.shopify.com/s/files/1/0805/4777/4752/files/DBR000290_Y1.jpg?v=1755753797,https://cdn.shopify.com/s/files/1/0805/4777/4752/files/DBR000290_Y2.jpg?v=1755754096,DBR000290_Y1.jpg
The Commitment Line Diamond Tennis Bracelet,14 KT / Yellow Gold,14K,12.58,4.41,253508.0,50527739937056,https://cdn.shopify.com/s/files/1/0805/4777/4752/files/DBR000290_Y1.jpg?v=1755753797,https://cdn.shopify.com/s/files/1/0805/4777/4752/files/DBR000290_Y2.jpg?v=1755754096,DBR000290_Y1.jpg
The Commitment Line Diamond Tennis Bracelet,18 KT / Yellow Gold,18K,14.8,4.41,314476.0,50527740035360,https://cdn.shopify.com/s/files/1/0805/4777/4752/files/DBR000290_Y1.jpg?v=1755753797,https://cdn.shopify.com/s/files/1/0805/4777/4752/files/DBR000290_Y2.jpg?v=1755754096,DBR000290_Y1.jpg
The Forever Thread Diamond Tennis Bracelet,9 KT / Yellow Gold,9K,10.39,4.35,195040.0,50738659197216,https://cdn.shopify.com/s/files/1/0805/4777/4752/files/DBR000274_Y1.jpg?v=1755753764,https://cdn.shopify.com/s/files/1/0805/4777/4752/files/DBR000274_Y2.jpg?v=1755754072,DBR000274_Y1.jpg
The Forever Thread Diamond Tennis Bracelet,14 KT / Yellow Gold,14K,11.78,4.35,243267.0,50527739740448,https://cdn.shopify.com/s/files/1/0805/4777/4752/files/DBR000274_Y1.jpg?v=1755753764,https://cdn.shopify.com/s/files/1/0805/4777/4752/files/DBR000274_Y2.jpg?v=1755754072,DBR000274_Y1.jpg
The Forever Thread Diamond Tennis Bracelet,18 KT / Yellow Gold,18K,13.86,4.35,300372.0,50527739838752,https://cdn.shopify.com/s/files/1/0805/4777/4752/files/DBR000274_Y1.jpg?v=1755753764,https://cdn.shopify.com/s/files/1/0805/4777/4752/files/DBR000274_Y2.jpg?v=1755754072,DBR000274_Y1.jpg
The Cut Manifesto Diamond Tennis Bracelet,9 KT / Yellow Gold,9K,10.18,7.98,290276.0,50738659295520,https://cdn.shopify.com/s/files/1/0805/4777/4752/files/DBR000363_Y1.jpg?v=1755754037,https://cdn.shopify.com/s/files/1/0805/4777/4752/files/DBR000363_Y2.jpg?v=1755754281,DBR000363_Y1.jpg
The Cut Manifesto Diamond Tennis Bracelet,14 KT / Yellow Gold,14K,11.54,7.98,337510.0,50527739543840,https://cdn.shopify.com/s/files/1/0805/4777/4752/files/DBR000363_Y1.jpg?v=1755754037,https://cdn.shopify.com/s/files/1/0805/4777/4752/files/DBR000363_Y2.jpg?v=1755754281,DBR000363_Y1.jpg
The Cut Manifesto Diamond Tennis Bracelet,18 KT / Yellow Gold,18K,13.57,7.98,393359.0,50527739642144,https://cdn.shopify.com/s/files/1/0805/4777/4752/files/DBR000363_Y1.jpg?v=1755754037,https://cdn.shopify.com/s/files/1/0805/4777/4752/files/DBR000363_Y2.jpg?v=1755754281,DBR000363_Y1.jpg
The Emerald Theory Diamond Tennis Bracelet,9 KT / Rose Gold,9K,9.95,12.7,596600.0,50738659393824,https://cdn.shopify.com/s/files/1/0805/4777/4752/files/DBR000289_R1.jpg?v=1755761840,https://cdn.shopify.com/s/files/1/0805/4777/4752/files/DBR000289_R2.jpg?v=1755761840,DBR000289_R1.jpg
The Emerald Theory Diamond Tennis Bracelet,14 KT / Rose Gold,14K,11.27,12.7,642680.0,50527739248928,https://cdn.shopify.com/s/files/1/0805/4777/4752/files/DBR000289_R1.jpg?v=1755761840,https://cdn.shopify.com/s/files/1/0805/4777/4752/files/DBR000289_R2.jpg?v=1755761840,DBR000289_R1.jpg
The Emerald Theory Diamond Tennis Bracelet,18 KT / Rose Gold,18K,13.26,12.7,697313.0,50527739347232,https://cdn.shopify.com/s/files/1/0805/4777/4752/files/DBR000289_R1.jpg?v=1755761840,https://cdn.shopify.com/s/files/1/0805/4777/4752/files/DBR000289_R2.jpg?v=1755761840,DBR000289_R1.jpg
Architects of Light Diamond Tennis Bracelet,9 KT / Rose Gold,9K,9.94,6.62,252173.0,50738659492128,https://cdn.shopify.com/s/files/1/0805/4777/4752/files/DBR000340_R1.jpg?v=1755760396,https://cdn.shopify.com/s/files/1/0805/4777/4752/files/DBR000340_R2.jpg?v=1755760396,DBR000340_R1.jpg
Architects of Light Diamond Tennis Bracelet,14 KT / Rose Gold,14K,11.27,6.62,298313.0,50527739052320,https://cdn.shopify.com/s/files/1/0805/4777/4752/files/DBR000340_R1.jpg?v=1755760396,https://cdn.shopify.com/s/files/1/0805/4777/4752/files/DBR000340_R2.jpg?v=1755760396,DBR000340_R1.jpg
Architects of Light Diamond Tennis Bracelet,18 KT / Rose Gold,18K,13.26,6.62,352947.0,50527739150624,https://cdn.shopify.com/s/files/1/0805/4777/4752/files/DBR000340_R1.jpg?v=1755760396,https://cdn.shopify.com/s/files/1/0805/4777/4752/files/DBR000340_R2.jpg?v=1755760396,DBR000340_R1.jpg
Sculpted in Symmetry Diamond Tennis Bracelet,9 KT / Yellow Gold,9K,9.94,13.73,560595.0,50738659852576,https://cdn.shopify.com/s/files/1/0805/4777/4752/files/DBR000368_Y1.jpg?v=1755754053,https://cdn.shopify.com/s/files/1/0805/4777/4752/files/DBR000368_Y2.jpg?v=1755754295,DBR000368_Y1.jpg
Sculpted in Symmetry Diamond Tennis Bracelet,14 KT / Yellow Gold,14K,11.27,13.73,606735.0,50527738888480,https://cdn.shopify.com/s/files/1/0805/4777/4752/files/DBR000368_Y1.jpg?v=1755754053,https://cdn.shopify.com/s/files/1/0805/4777/4752/files/DBR000368_Y2.jpg?v=1755754295,DBR000368_Y1.jpg
Sculpted in Symmetry Diamond Tennis Bracelet,18 KT / Yellow Gold,18K,13.25,13.73,661247.0,50527738986784,https://cdn.shopify.com/s/files/1/0805/4777/4752/files/DBR000368_Y1.jpg?v=1755754053,https://cdn.shopify.com/s/files/1/0805/4777/4752/files/DBR000368_Y2.jpg?v=1755754295,DBR000368_Y1.jpg
The Frame Edit Diamond Tennis Bracelet,9 KT / Rose Gold,9K,9.8,13.44,623092.0,50738660671776,https://cdn.shopify.com/s/files/1/0805/4777/4752/files/DBR000367_R1.jpg?v=1755767556,https://cdn.shopify.com/s/files/1/0805/4777/4752/files/DBR000367_R2.jpg?v=1755767556,DBR000367_R1.jpg
The Frame Edit Diamond Tennis Bracelet,14 KT / Rose Gold,14K,11.1,13.44,668476.0,50527738626336,https://cdn.shopify.com/s/files/1/0805/4777/4752/files/DBR000367_R1.jpg?v=1755767556,https://cdn.shopify.com/s/files/1/0805/4777/4752/files/DBR000367_R2.jpg?v=1755767556,DBR000367_R1.jpg
The Frame Edit Diamond Tennis Bracelet,18 KT / Rose Gold,18K,13.06,13.44,722285.0,50527738724640,https://cdn.shopify.com/s/files/1/0805/4777/4752/files/DBR000367_R1.jpg?v=1755767556,https://cdn.shopify.com/s/files/1/0805/4777/4752/files/DBR000367_R2.jpg?v=1755767556,DBR000367_R1.jpg
Star Embellished Diamond Tennis Bracelet,9 KT / Yellow Gold,9K,9.56,4.997,205990.0,50738660933920,https://cdn.shopify.com/s/files/1/0805/4777/4752/files/DBR000325_Y1.jpg?v=1755753908,https://cdn.shopify.com/s/files/1/0805/4777/4752/files/DBR000325_Y2.jpg?v=1755754179,DBR000325_Y1.jpg
Star Embellished Diamond Tennis Bracelet,14 KT / Yellow Gold,14K,10.84,4.997,250374.0,50527738495264,https://cdn.shopify.com/s/files/1/0805/4777/4752/files/DBR000325_Y1.jpg?v=1755753908,https://cdn.shopify.com/s/files/1/0805/4777/4752/files/DBR000325_Y2.jpg?v=1755754179,DBR000325_Y1.jpg
Star Embellished Diamond Tennis Bracelet,18 KT / Yellow Gold,18K,12.75,4.997,302873.0,50527738593568,https://cdn.shopify.com/s/files/1/0805/4777/4752/files/DBR000325_Y1.jpg?v=1755753908,https://cdn.shopify.com/s/files/1/0805/4777/4752/files/DBR000325_Y2.jpg?v=1755754179,DBR000325_Y1.jpg
Born to Lead Diamond Tennis Bracelet,9 KT / Yellow Gold,9K,9.36,5.75,224551.0,50738661163296,https://cdn.shopify.com/s/files/1/0805/4777/4752/files/DBR000341_Y1.jpg?v=1755753961,https://cdn.shopify.com/s/files/1/0805/4777/4752/files/DBR000341_Y2.jpg?v=1755754223,DBR000341_Y1.jpg
Born to Lead Diamond Tennis Bracelet,14 KT / Yellow Gold,14K,10.61,5.75,267977.0,50527738298656,https://cdn.shopify.com/s/files/1/0805/4777/4752/files/DBR000341_Y1.jpg?v=1755753961,https://cdn.shopify.com/s/files/1/0805/4777/4752/files/DBR000341_Y2.jpg?v=1755754223,DBR000341_Y1.jpg
Born to Lead Diamond Tennis Bracelet,18 KT / Yellow Gold,18K,12.48,5.75,319369.0,50527738396960,https://cdn.shopify.com/s/files/1/0805/4777/4752/files/DBR000341_Y1.jpg?v=1755753961,https://cdn.shopify.com/s/files/1/0805/4777/4752/files/DBR000341_Y2.jpg?v=1755754223,DBR000341_Y1.jpg
Lines of Precision Diamond Tennis Bracelet,9 KT / Yellow Gold,9K,9.3,4.4,188081.0,50738661261600,https://cdn.shopify.com/s/files/1/0805/4777/4752/files/DBR000339_Y1.jpg?v=1755753955,https://cdn.shopify.com/s/files/1/0805/4777/4752/files/DBR000339_Y2.jpg?v=1755754217,DBR000339_Y1.jpg
Lines of Precision Diamond Tennis Bracelet,14 KT / Yellow Gold,14K,10.54,4.4,231210.0,50527738069280,https://cdn.shopify.com/s/files/1/0805/4777/4752/files/DBR000339_Y1.jpg?v=1755753955,https://cdn.shopify.com/s/files/1/0805/4777/4752/files/DBR000339_Y2.jpg?v=1755754217,DBR000339_Y1.jpg
Lines of Precision Diamond Tennis Bracelet,18 KT / Yellow Gold,18K,12.4,4.4,282291.0,50527738167584,https://cdn.shopify.com/s/files/1/0805/4777/4752/files/DBR000339_Y1.jpg?v=1755753955,https://cdn.shopify.com/s/files/1/0805/4777/4752/files/DBR000339_Y2.jpg?v=1755754217,DBR000339_Y1.jpg
Vega In Bloom Diamond Kada Bracelet,9 KT / Yellow Gold,9K,9.1,0.73,88657.0,50738661392672,https://cdn.shopify.com/s/files/1/0805/4777/4752/files/DBR000269_Y1.jpg?v=1754376115,https://cdn.shopify.com/s/files/1/0805/4777/4752/files/DBR000269_Y2.jpg?v=1754376262,DBR000269_Y1.jpg
Vega In Bloom Diamond Kada Bracelet,14 KT / Yellow Gold,14K,10.31,0.73,130826.0,50527737872672,https://cdn.shopify.com/s/files/1/0805/4777/4752/files/DBR000269_Y1.jpg?v=1754376115,https://cdn.shopify.com/s/files/1/0805/4777/4752/files/DBR000269_Y2.jpg?v=1754376262,DBR000269_Y1.jpg
Vega In Bloom Diamond Kada Bracelet,18 KT / Yellow Gold,18K,12.13,0.73,180800.0,50527737970976,https://cdn.shopify.com/s/files/1/0805/4777/4752/files/DBR000269_Y1.jpg?v=1754376115,https://cdn.shopify.com/s/files/1/0805/4777/4752/files/DBR000269_Y2.jpg?v=1754376262,DBR000269_Y1.jpg
Legacy Arc Diamond Tennis Bracelet,9 KT / Yellow Gold,9K,8.95,3.6,164075.0,50738670108960,https://cdn.shopify.com/s/files/1/0805/4777/4752/files/DBR000327_Y1.jpg?v=1755753915,https://cdn.shopify.com/s/files/1/0805/4777/4752/files/DBR000327_Y2.jpg?v=1755754185,DBR000327_Y1.jpg
Legacy Arc Diamond Tennis Bracelet,14 KT / Yellow Gold,14K,10.14,3.6,205549.0,50527737676064,https://cdn.shopify.com/s/files/1/0805/4777/4752/files/DBR000327_Y1.jpg?v=1755753915,https://cdn.shopify.com/s/files/1/0805/4777/4752/files/DBR000327_Y2.jpg?v=1755754185,DBR000327_Y1.jpg
Legacy Arc Diamond Tennis Bracelet,18 KT / Yellow Gold,18K,11.93,3.6,254699.0,50527737774368,https://cdn.shopify.com/s/files/1/0805/4777/4752/files/DBR000327_Y1.jpg?v=1755753915,https://cdn.shopify.com/s/files/1/0805/4777/4752/files/DBR000327_Y2.jpg?v=1755754185,DBR000327_Y1.jpg
The Marquise Line Diamond Tennis Bracelet,9 KT / Yellow Gold,9K,8.9,8.4,291752.0,50738670502176,https://cdn.shopify.com/s/files/1/0805/4777/4752/files/DBR000344_Y1.jpg?v=1755753971,https://cdn.shopify.com/s/files/1/0805/4777/4752/files/DBR000344_Y2.jpg?v=1755754230,DBR000344_Y1.jpg
The Marquise Line Diamond Tennis Bracelet,14 KT / Yellow Gold,14K,10.09,8.4,333057.0,50527737479456,https://cdn.shopify.com/s/files/1/0805/4777/4752/files/DBR000344_Y1.jpg?v=1755753971,https://cdn.shopify.com/s/files/1/0805/4777/4752/files/DBR000344_Y2.jpg?v=1755754230,DBR000344_Y1.jpg
The Marquise Line Diamond Tennis Bracelet,18 KT / Yellow Gold,18K,11.87,8.4,381950.0,50527737577760,https://cdn.shopify.com/s/files/1/0805/4777/4752/files/DBR000344_Y1.jpg?v=1755753971,https://cdn.shopify.com/s/files/1/0805/4777/4752/files/DBR000344_Y2.jpg?v=1755754230,DBR000344_Y1.jpg
Follow No Rule Diamond Tennis Bracelet,9 KT / Yellow Gold,9K,8.51,17.0,731625.0,50738670403872,https://cdn.shopify.com/s/files/1/0805/4777/4752/files/DBR000287_Y1.jpg?v=1755753786,https://cdn.shopify.com/s/files/1/0805/4777/4752/files/DBR000287_Y2.jpg?v=1755754088,DBR000287_Y1.jpg
Follow No Rule Diamond Tennis Bracelet,14 KT / Yellow Gold,14K,9.65,17.0,771140.0,50527737282848,https://cdn.shopify.com/s/files/1/0805/4777/4752/files/DBR000287_Y1.jpg?v=1755753786,https://cdn.shopify.com/s/files/1/0805/4777/4752/files/DBR000287_Y2.jpg?v=1755754088,DBR000287_Y1.jpg
Follow No Rule Diamond Tennis Bracelet,18 KT / Yellow Gold,18K,11.35,17.0,817873.0,50527737381152,https://cdn.shopify.com/s/files/1/0805/4777/4752/files/DBR000287_Y1.jpg?v=1755753786,https://cdn.shopify.com/s/files/1/0805/4777/4752/files/DBR000287_Y2.jpg?v=1755754088,DBR000287_Y1.jpg
Orb Trace Diamond Tennis Bracelet,9 KT / White Gold,9K,8.5,4.406,182166.0,50738670633248,https://cdn.shopify.com/s/files/1/0805/4777/4752/files/DBR000303_W1.jpg?v=1755765322,https://cdn.shopify.com/s/files/1/0805/4777/4752/files/DBR000303_W2.jpg?v=1755765322,DBR000303_W1.jpg
Orb Trace Diamond Tennis Bracelet,14 KT / White Gold,14K,9.64,4.406,221648.0,50527737020704,https://cdn.shopify.com/s/files/1/0805/4777/4752/files/DBR000303_W1.jpg?v=1755765322,https://cdn.shopify.com/s/files/1/0805/4777/4752/files/DBR000303_W2.jpg?v=1755765322,DBR000303_W1.jpg
Orb Trace Diamond Tennis Bracelet,18 KT / White Gold,18K,11.34,4.406,268353.0,50527737119008,https://cdn.shopify.com/s/files/1/0805/4777/4752/files/DBR000303_W1.jpg?v=1755765322,https://cdn.shopify.com/s/files/1/0805/4777/4752/files/DBR000303_W2.jpg?v=1755765322,DBR000303_W1.jpg
Facet Line Diamond Tennis Bracelet,9 KT / White Gold,9K,8.44,7.008,251111.0,50738670731552,https://cdn.shopify.com/s/files/1/0805/4777/4752/files/DBR000332_W1.jpg?v=1755766536,https://cdn.shopify.com/s/files/1/0805/4777/4752/files/DBR000332_W2.jpg?v=1755766536,DBR000332_W1.jpg
Facet Line Diamond Tennis Bracelet,14 KT / White Gold,14K,9.56,7.008,290200.0,50527736758560,https://cdn.shopify.com/s/files/1/0805/4777/4752/files/DBR000332_W1.jpg?v=1755766536,https://cdn.shopify.com/s/files/1/0805/4777/4752/files/DBR000332_W2.jpg?v=1755766536,DBR000332_W1.jpg
Facet Line Diamond Tennis Bracelet,18 KT / White Gold,18K,11.25,7.008,336568.0,50527736856864,https://cdn.shopify.com/s/files/1/0805/4777/4752/files/DBR000332_W1.jpg?v=1755766536,https://cdn.shopify.com/s/files/1/0805/4777/4752/files/DBR000332_W2.jpg?v=1755766536,DBR000332_W1.jpg
Eterna Round Diamond Chain Bracelet,9 KT / Rose Gold,9K,8.07,0.904,85467.0,50738672599328,https://cdn.shopify.com/s/files/1/0805/4777/4752/files/DBR000298_R1.jpg?v=1755765171,https://cdn.shopify.com/s/files/1/0805/4777/4752/files/DBR000298_R2.jpg?v=1755765171,DBR000298_R1.jpg
Eterna Round Diamond Chain Bracelet,14 KT / Rose Gold,14K,9.15,0.904,122929.0,50527736496416,https://cdn.shopify.com/s/files/1/0805/4777/4752/files/DBR000298_R1.jpg?v=1755765171,https://cdn.shopify.com/s/files/1/0805/4777/4752/files/DBR000298_R2.jpg?v=1755765171,DBR000298_R1.jpg
Eterna Round Diamond Chain Bracelet,18 KT / Rose Gold,18K,10.76,0.904,167216.0,50527736594720,https://cdn.shopify.com/s/files/1/0805/4777/4752/files/DBR000298_R1.jpg?v=1755765171,https://cdn.shopify.com/s/files/1/0805/4777/4752/files/DBR000298_R2.jpg?v=1755765171,DBR000298_R1.jpg
More Than One Light Diamond Tennis Bracelet,9 KT / Yellow Gold,9K,8.06,2.3,122625.0,50738672992544,https://cdn.shopify.com/s/files/1/0805/4777/4752/files/DBR000297_Y1.jpg?v=1755753814,https://cdn.shopify.com/s/files/1/0805/4777/4752/files/DBR000297_Y2.jpg?v=1755754109,DBR000297_Y1.jpg
More Than One Light Diamond Tennis Bracelet,14 KT / Yellow Gold,14K,9.13,2.3,159959.0,50527736365344,https://cdn.shopify.com/s/files/1/0805/4777/4752/files/DBR000297_Y1.jpg?v=1755753814,https://cdn.shopify.com/s/files/1/0805/4777/4752/files/DBR000297_Y2.jpg?v=1755754109,DBR000297_Y1.jpg
More Than One Light Diamond Tennis Bracelet,18 KT / Yellow Gold,18K,10.74,2.3,204192.0,50527736463648,https://cdn.shopify.com/s/files/1/0805/4777/4752/files/DBR000297_Y1.jpg?v=1755753814,https://cdn.shopify.com/s/files/1/0805/4777/4752/files/DBR000297_Y2.jpg?v=1755754109,DBR000297_Y1.jpg
Vow & Veil Diamond Tennis Bracelet,9 KT / Rose Gold,9K,8.05,2.09,116953.0,50738674565408,https://cdn.shopify.com/s/files/1/0805/4777/4752/files/DBR000326_R1.jpg?v=1755758710,https://cdn.shopify.com/s/files/1/0805/4777/4752/files/DBR000326_R2.jpg?v=1755758710,DBR000326_R1.jpg
Vow & Veil Diamond Tennis Bracelet,14 KT / Rose Gold,14K,9.12,2.09,154253.0,50527736070432,https://cdn.shopify.com/s/files/1/0805/4777/4752/files/DBR000326_R1.jpg?v=1755758710,https://cdn.shopify.com/s/files/1/0805/4777/4752/files/DBR000326_R2.jpg?v=1755758710,DBR000326_R1.jpg
Vow & Veil Diamond Tennis Bracelet,18 KT / Rose Gold,18K,10.73,2.09,198459.0,50527736168736,https://cdn.shopify.com/s/files/1/0805/4777/4752/files/DBR000326_R1.jpg?v=1755758710,https://cdn.shopify.com/s/files/1/0805/4777/4752/files/DBR000326_R2.jpg?v=1755758710,DBR000326_R1.jpg
Golden Ruffle Diamond Kada Bracelet,9 KT / Rose Gold,9K,7.73,2.11,135636.0,50738674663712,https://cdn.shopify.com/s/files/1/0805/4777/4752/files/DBR000294_R1.jpg?v=1755765115,https://cdn.shopify.com/s/files/1/0805/4777/4752/files/DBR000294_R2.jpg?v=1755765115,DBR000294_R1.jpg
Golden Ruffle Diamond Kada Bracelet,14 KT / Rose Gold,14K,8.76,2.11,171477.0,50527735873824,https://cdn.shopify.com/s/files/1/0805/4777/4752/files/DBR000294_R1.jpg?v=1755765115,https://cdn.shopify.com/s/files/1/0805/4777/4752/files/DBR000294_R2.jpg?v=1755765115,DBR000294_R1.jpg
Golden Ruffle Diamond Kada Bracelet,18 KT / Rose Gold,18K,10.31,2.11,213982.0,50527735972128,https://cdn.shopify.com/s/files/1/0805/4777/4752/files/DBR000294_R1.jpg?v=1755765115,https://cdn.shopify.com/s/files/1/0805/4777/4752/files/DBR000294_R2.jpg?v=1755765115,DBR000294_R1.jpg
Her Crowned Throne Diamond Tennis Bracelet,9 KT / Rose Gold,9K,7.71,11.34,465937.0,50738674762016,https://cdn.shopify.com/s/files/1/0805/4777/4752/files/DBR000358_R1.jpg?v=1755761180,https://cdn.shopify.com/s/files/1/0805/4777/4752/files/DBR000358_R2.jpg?v=1755761180,DBR000358_R1.jpg
Her Crowned Throne Diamond Tennis Bracelet,14 KT / Rose Gold,14K,8.74,11.34,501710.0,50527735677216,https://cdn.shopify.com/s/files/1/0805/4777/4752/files/DBR000358_R1.jpg?v=1755761180,https://cdn.shopify.com/s/files/1/0805/4777/4752/files/DBR000358_R2.jpg?v=1755761180,DBR000358_R1.jpg
Her Crowned Throne Diamond Tennis Bracelet,18 KT / Rose Gold,18K,10.28,11.34,544039.0,50527735775520,https://cdn.shopify.com/s/files/1/0805/4777/4752/files/DBR000358_R1.jpg?v=1755761180,https://cdn.shopify.com/s/files/1/0805/4777/4752/files/DBR000358_R2.jpg?v=1755761180,DBR000358_R1.jpg
Every Queen Deserves Diamond Chain Bracelet,9 KT / Rose Gold,9K,7.43,8.092,295369.0,50738674860320,https://cdn.shopify.com/s/files/1/0805/4777/4752/files/DBR000338_R1.jpg?v=1755766657,https://cdn.shopify.com/s/files/1/0805/4777/4752/files/DBR000338_R2.jpg?v=1755766657,DBR000338_R1.jpg
Every Queen Deserves Diamond Chain Bracelet,14 KT / Rose Gold,14K,8.42,8.092,329819.0,50527735480608,https://cdn.shopify.com/s/files/1/0805/4777/4752/files/DBR000338_R1.jpg?v=1755766657,https://cdn.shopify.com/s/files/1/0805/4777/4752/files/DBR000338_R2.jpg?v=1755766657,DBR000338_R1.jpg
Every Queen Deserves Diamond Chain Bracelet,18 KT / Rose Gold,18K,9.9,8.092,370555.0,50527735578912,https://cdn.shopify.com/s/files/1/0805/4777/4752/files/DBR000338_R1.jpg?v=1755766657,https://cdn.shopify.com/s/files/1/0805/4777/4752/files/DBR000338_R2.jpg?v=1755766657,DBR000338_R1.jpg
Not Owned But Claimed Diamond Tennis Bracelet,9 KT / Yellow Gold,9K,7.28,1.95,107370.0,50738674958624,https://cdn.shopify.com/s/files/1/0805/4777/4752/files/DBR000329_Y1.jpg?v=1755753921,https://cdn.shopify.com/s/files/1/0805/4777/4752/files/DBR000329_Y2.jpg?v=1755754190,DBR000329_Y1.jpg
Not Owned But Claimed Diamond Tennis Bracelet,14 KT / Yellow Gold,14K,8.25,1.95,141124.0,50527735316768,https://cdn.shopify.com/s/files/1/0805/4777/4752/files/DBR000329_Y1.jpg?v=1755753921,https://cdn.shopify.com/s/files/1/0805/4777/4752/files/DBR000329_Y2.jpg?v=1755754190,DBR000329_Y1.jpg
Not Owned But Claimed Diamond Tennis Bracelet,18 KT / Yellow Gold,18K,9.71,1.95,181157.0,50527735415072,https://cdn.shopify.com/s/files/1/0805/4777/4752/files/DBR000329_Y1.jpg?v=1755753921,https://cdn.shopify.com/s/files/1/0805/4777/4752/files/DBR000329_Y2.jpg?v=1755754190,DBR000329_Y1.jpg
Mini Constellation Diamond Tennis Bracelet,9 KT / Yellow Gold,9K,6.94,0.805,74243.0,50738675056928,https://cdn.shopify.com/s/files/1/0805/4777/4752/files/DBR000364_Y1.jpg?v=1755754039,https://cdn.shopify.com/s/files/1/0805/4777/4752/files/DBR000364_Y2.jpg?v=1755754284,DBR000364_Y1.jpg
Mini Constellation Diamond Tennis Bracelet,14 KT / Yellow Gold,14K,7.87,0.805,106471.0,50527734923552,https://cdn.shopify.com/s/files/1/0805/4777/4752/files/DBR000364_Y1.jpg?v=1755754039,https://cdn.shopify.com/s/files/1/0805/4777/4752/files/DBR000364_Y2.jpg?v=1755754284,DBR000364_Y1.jpg
Mini Constellation Diamond Tennis Bracelet,18 KT / Yellow Gold,18K,9.26,0.805,144626.0,50527735021856,https://cdn.shopify.com/s/files/1/0805/4777/4752/files/DBR000364_Y1.jpg?v=1755754039,https://cdn.shopify.com/s/files/1/0805/4777/4752/files/DBR000364_Y2.jpg?v=1755754284,DBR000364_Y1.jpg
Circle of Becoming Diamond Tennis Bracelet,9 KT / White Gold,9K,6.62,11.85,366454.0,50738675155232,https://cdn.shopify.com/s/files/1/0805/4777/4752/files/DBR000336_W1.jpg?v=1755758383,https://cdn.shopify.com/s/files/1/0805/4777/4752/files/DBR000336_W2.jpg?v=1755758383,DBR000336_W1.jpg
Circle of Becoming Diamond Tennis Bracelet,14 KT / White Gold,14K,7.51,11.85,397224.0,50527734432032,https://cdn.shopify.com/s/files/1/0805/4777/4752/files/DBR000336_W1.jpg?v=1755758383,https://cdn.shopify.com/s/files/1/0805/4777/4752/files/DBR000336_W2.jpg?v=1755758383,DBR000336_W1.jpg
Circle of Becoming Diamond Tennis Bracelet,18 KT / White Gold,18K,8.83,11.85,433556.0,50527734530336,https://cdn.shopify.com/s/files/1/0805/4777/4752/files/DBR000336_W1.jpg?v=1755758383,https://cdn.shopify.com/s/files/1/0805/4777/4752/files/DBR000336_W2.jpg?v=1755758383,DBR000336_W1.jpg
Willow Line Diamond Chain Bracelet,9 KT / Yellow Gold,9K,6.59,1.26,83715.0,50738677252384,https://cdn.shopify.com/s/files/1/0805/4777/4752/files/DBR000272_Y1.jpg?v=1755753761,https://cdn.shopify.com/s/files/1/0805/4777/4752/files/DBR000272_Y2.jpg?v=1755754069,DBR000272_Y1.jpg
Willow Line Diamond Chain Bracelet,14 KT / Yellow Gold,14K,7.47,1.26,114288.0,50527734268192,https://cdn.shopify.com/s/files/1/0805/4777/4752/files/DBR000272_Y1.jpg?v=1755753761,https://cdn.shopify.com/s/files/1/0805/4777/4752/files/DBR000272_Y2.jpg?v=1755754069,DBR000272_Y1.jpg
Willow Line Diamond Chain Bracelet,18 KT / Yellow Gold,18K,8.79,1.26,150512.0,50527734366496,https://cdn.shopify.com/s/files/1/0805/4777/4752/files/DBR000272_Y1.jpg?v=1755753761,https://cdn.shopify.com/s/files/1/0805/4777/4752/files/DBR000272_Y2.jpg?v=1755754069,DBR000272_Y1.jpg
Ruling In Silence Diamond Tennis Bracelet,9 KT / Rose Gold,9K,6.3,4.604,170716.0,50738677809440,https://cdn.shopify.com/s/files/1/0805/4777/4752/files/DBR000285_R1.jpg?v=1755767731,https://cdn.shopify.com/s/files/1/0805/4777/4752/files/DBR000285_R2.jpg?v=1755767731,DBR000285_R1.jpg
Ruling In Silence Diamond Tennis Bracelet,14 KT / Rose Gold,14K,7.14,4.604,199932.0,50527734006048,https://cdn.shopify.com/s/files/1/0805/4777/4752/files/DBR000285_R1.jpg?v=1755767731,https://cdn.shopify.com/s/files/1/0805/4777/4752/files/DBR000285_R2.jpg?v=1755767731,DBR000285_R1.jpg
Ruling In Silence Diamond Tennis Bracelet,18 KT / Rose Gold,18K,8.4,4.604,234536.0,50527734104352,https://cdn.shopify.com/s/files/1/0805/4777/4752/files/DBR000285_R1.jpg?v=1755767731,https://cdn.shopify.com/s/files/1/0805/4777/4752/files/DBR000285_R2.jpg?v=1755767731,DBR000285_R1.jpg
Shapes of Power Diamond Kada Bracelet,9 KT / Yellow Gold,9K,5.85,1.574,86464.0,50738677907744,https://cdn.shopify.com/s/files/1/0805/4777/4752/files/DBR000279_Y1.jpg?v=1754376124,https://cdn.shopify.com/s/files/1/0805/4777/4752/files/DBR000279_Y2.jpg?v=1754376269,DBR000279_Y1.jpg
Shapes of Power Diamond Kada Bracelet,14 KT / Yellow Gold,14K,6.63,1.574,113593.0,50527733416224,https://cdn.shopify.com/s/files/1/0805/4777/4752/files/DBR000279_Y1.jpg?v=1754376124,https://cdn.shopify.com/s/files/1/0805/4777/4752/files/DBR000279_Y2.jpg?v=1754376269,DBR000279_Y1.jpg
Shapes of Power Diamond Kada Bracelet,18 KT / Yellow Gold,18K,7.8,1.574,145725.0,50527733514528,https://cdn.shopify.com/s/files/1/0805/4777/4752/files/DBR000279_Y1.jpg?v=1754376124,https://cdn.shopify.com/s/files/1/0805/4777/4752/files/DBR000279_Y2.jpg?v=1754376269,DBR000279_Y1.jpg
Utterly Hers Diamond Tennis Bracelet,9 KT / White Gold,9K,5.66,2.62,112923.0,50738678006048,https://cdn.shopify.com/s/files/1/0805/4777/4752/files/DBR000305_W1.jpg?v=1755760222,https://cdn.shopify.com/s/files/1/0805/4777/4752/files/DBR000305_W2.jpg?v=1755760222,DBR000305_W1.jpg
Utterly Hers Diamond Tennis Bracelet,14 KT / White Gold,14K,6.41,2.62,139126.0,50527732400416,https://cdn.shopify.com/s/files/1/0805/4777/4752/files/DBR000305_W1.jpg?v=1755760222,https://cdn.shopify.com/s/files/1/0805/4777/4752/files/DBR000305_W2.jpg?v=1755760222,DBR000305_W1.jpg
Utterly Hers Diamond Tennis Bracelet,18 KT / White Gold,18K,7.55,2.62,170299.0,50527732498720,https://cdn.shopify.com/s/files/1/0805/4777/4752/files/DBR000305_W1.jpg?v=1755760222,https://cdn.shopify.com/s/files/1/0805/4777/4752/files/DBR000305_W2.jpg?v=1755760222,DBR000305_W1.jpg
Meant to Align Diamond Kada Bracelet,9 KT / Yellow Gold,9K,5.62,0.856,65557.0,50738678202656,https://cdn.shopify.com/s/files/1/0805/4777/4752/files/DBR000302_Y1.jpg?v=1755753831,https://cdn.shopify.com/s/files/1/0805/4777/4752/files/DBR000302_Y2.jpg?v=1755754124,DBR000302_Y1.jpg
Meant to Align Diamond Kada Bracelet,14 KT / Yellow Gold,14K,6.37,0.856,91625.0,50527732203808,https://cdn.shopify.com/s/files/1/0805/4777/4752/files/DBR000302_Y1.jpg?v=1755753831,https://cdn.shopify.com/s/files/1/0805/4777/4752/files/DBR000302_Y2.jpg?v=1755754124,DBR000302_Y1.jpg
Meant to Align Diamond Kada Bracelet,18 KT / Yellow Gold,18K,7.49,0.856,122447.0,50527732302112,https://cdn.shopify.com/s/files/1/0805/4777/4752/files/DBR000302_Y1.jpg?v=1755753831,https://cdn.shopify.com/s/files/1/0805/4777/4752/files/DBR000302_Y2.jpg?v=1755754124,DBR000302_Y1.jpg
Jaali Filigree Diamond Chain Bracelet,9 KT / Rose Gold,9K,4.52,0.541,48799.0,50738678104352,https://cdn.shopify.com/s/files/1/0805/4777/4752/files/DBR000270_R1.jpg?v=1755767627,https://cdn.shopify.com/s/files/1/0805/4777/4752/files/DBR000270_R2.jpg?v=1755767627,DBR000270_R1.jpg
Jaali Filigree Diamond Chain Bracelet,14 KT / Rose Gold,14K,5.13,0.541,69830.0,50527731843360,https://cdn.shopify.com/s/files/1/0805/4777/4752/files/DBR000270_R1.jpg?v=1755767627,https://cdn.shopify.com/s/files/1/0805/4777/4752/files/DBR000270_R2.jpg?v=1755767627,DBR000270_R1.jpg
Jaali Filigree Diamond Chain Bracelet,18 KT / Rose Gold,18K,6.03,0.541,94627.0,50527731941664,https://cdn.shopify.com/s/files/1/0805/4777/4752/files/DBR000270_R1.jpg?v=1755767627,https://cdn.shopify.com/s/files/1/0805/4777/4752/files/DBR000270_R2.jpg?v=1755767627,DBR000270_R1.jpg
Layered in Light Diamond Kada Bracelet,9 KT / Yellow Gold,9K,5.74,2.338,119725.0,50738686492960,https://cdn.shopify.com/s/files/1/0805/4777/4752/files/DBR000278_Y1.jpg?v=1754376121,https://cdn.shopify.com/s/files/1/0805/4777/4752/files/DBR000278_Y2.jpg?v=1754376267,DBR000278_Y1.jpg
Layered in Light Diamond Kada Bracelet,14 KT / Yellow Gold,14K,6.5,2.338,146293.0,50527731679520,https://cdn.shopify.com/s/files/1/0805/4777/4752/files/DBR000278_Y1.jpg?v=1754376121,https://cdn.shopify.com/s/files/1/0805/4777/4752/files/DBR000278_Y2.jpg?v=1754376267,DBR000278_Y1.jpg
Layered in Light Diamond Kada Bracelet,18 KT / Yellow Gold,18K,7.65,2.338,177831.0,50527731777824,https://cdn.shopify.com/s/files/1/0805/4777/4752/files/DBR000278_Y1.jpg?v=1754376121,https://cdn.shopify.com/s/files/1/0805/4777/4752/files/DBR000278_Y2.jpg?v=1754376267,DBR000278_Y1.jpg
Subtle Reflection Diamond Kada Bracelet,9 KT / Yellow Gold,9K,5.46,0.494,54689.0,50738697470240,https://cdn.shopify.com/s/files/1/0805/4777/4752/files/DBR000293_Y1.jpg?v=1755753800,https://cdn.shopify.com/s/files/1/0805/4777/4752/files/DBR000293_Y2.jpg?v=1755754098,DBR000293_Y1.jpg
Subtle Reflection Diamond Kada Bracelet,14 KT / Yellow Gold,14K,6.19,0.494,80029.0,50527731482912,https://cdn.shopify.com/s/files/1/0805/4777/4752/files/DBR000293_Y1.jpg?v=1755753800,https://cdn.shopify.com/s/files/1/0805/4777/4752/files/DBR000293_Y2.jpg?v=1755754098,DBR000293_Y1.jpg
Subtle Reflection Diamond Kada Bracelet,18 KT / Yellow Gold,18K,7.28,0.494,109999.0,50527731581216,https://cdn.shopify.com/s/files/1/0805/4777/4752/files/DBR000293_Y1.jpg?v=1755753800,https://cdn.shopify.com/s/files/1/0805/4777/4752/files/DBR000293_Y2.jpg?v=1755754098,DBR000293_Y1.jpg
Femme Thread Diamond Tennis Bracelet,9 KT / Rose Gold,9K,5.45,3.98,147605.0,50738689179936,https://cdn.shopify.com/s/files/1/0805/4777/4752/files/DBR000300_R1.jpg?v=1755760181,https://cdn.shopify.com/s/files/1/0805/4777/4752/files/DBR000300_R2.jpg?v=1755760181,DBR000300_R1.jpg
Femme Thread Diamond Tennis Bracelet,14 KT / Rose Gold,14K,6.17,3.98,172816.0,50527731188000,https://cdn.shopify.com/s/files/1/0805/4777/4752/files/DBR000300_R1.jpg?v=1755760181,https://cdn.shopify.com/s/files/1/0805/4777/4752/files/DBR000300_R2.jpg?v=1755760181,DBR000300_R1.jpg
Femme Thread Diamond Tennis Bracelet,18 KT / Rose Gold,18K,7.26,3.98,202732.0,50527731286304,https://cdn.shopify.com/s/files/1/0805/4777/4752/files/DBR000300_R1.jpg?v=1755760181,https://cdn.shopify.com/s/files/1/0805/4777/4752/files/DBR000300_R2.jpg?v=1755760181,DBR000300_R1.jpg
Sits Like Silk Diamond Tennis Bracelet,9 KT / Rose Gold,9K,5.12,0.45,50933.0,50738690457888,https://cdn.shopify.com/s/files/1/0805/4777/4752/files/DBR000296_R1.jpg?v=1755760054,https://cdn.shopify.com/s/files/1/0805/4777/4752/files/DBR000296_R2.jpg?v=1755760054,DBR000296_R1.jpg
Sits Like Silk Diamond Tennis Bracelet,14 KT / Rose Gold,14K,5.81,0.45,74746.0,50527730729248,https://cdn.shopify.com/s/files/1/0805/4777/4752/files/DBR000296_R1.jpg?v=1755760054,https://cdn.shopify.com/s/files/1/0805/4777/4752/files/DBR000296_R2.jpg?v=1755760054,DBR000296_R1.jpg
Sits Like Silk Diamond Tennis Bracelet,18 KT / Rose Gold,18K,6.83,0.45,102839.0,50527730827552,https://cdn.shopify.com/s/files/1/0805/4777/4752/files/DBR000296_R1.jpg?v=1755760054,https://cdn.shopify.com/s/files/1/0805/4777/4752/files/DBR000296_R2.jpg?v=1755760054,DBR000296_R1.jpg
Multi-Cut Brilliant Diamond Chain Bracelet,9 KT / Yellow Gold,9K,4.76,3.03,133975.0,50738694553888,https://cdn.shopify.com/s/files/1/0805/4777/4752/files/DBR000359_Y1.jpg?v=1755754021,https://cdn.shopify.com/s/files/1/0805/4777/4752/files/DBR000359_Y2.jpg?v=1755754269,DBR000359_Y1.jpg
Multi-Cut Brilliant Diamond Chain Bracelet,14 KT / Yellow Gold,14K,5.39,3.03,156005.0,50527730532640,https://cdn.shopify.com/s/files/1/0805/4777/4752/files/DBR000359_Y1.jpg?v=1755754021,https://cdn.shopify.com/s/files/1/0805/4777/4752/files/DBR000359_Y2.jpg?v=1755754269,DBR000359_Y1.jpg
Multi-Cut Brilliant Diamond Chain Bracelet,18 KT / Yellow Gold,18K,6.34,3.03,182113.0,50527730630944,https://cdn.shopify.com/s/files/1/0805/4777/4752/files/DBR000359_Y1.jpg?v=1755754021,https://cdn.shopify.com/s/files/1/0805/4777/4752/files/DBR000359_Y2.jpg?v=1755754269,DBR000359_Y1.jpg
Eternal Interlocked Diamond Flexi Bracelet,9 KT / Yellow Gold,9K,4.61,0.291,42816.0,50738694783264,https://cdn.shopify.com/s/files/1/0805/4777/4752/files/DBR000295_Y1.jpg?v=1755753807,https://cdn.shopify.com/s/files/1/0805/4777/4752/files/DBR000295_Y2.jpg?v=1755754104,DBR000295_Y1.jpg
Eternal Interlocked Diamond Flexi Bracelet,14 KT / Yellow Gold,14K,5.23,0.291,64245.0,50527730270496,https://cdn.shopify.com/s/files/1/0805/4777/4752/files/DBR000295_Y1.jpg?v=1755753807,https://cdn.shopify.com/s/files/1/0805/4777/4752/files/DBR000295_Y2.jpg?v=1755754104,DBR000295_Y1.jpg
Eternal Interlocked Diamond Flexi Bracelet,18 KT / Yellow Gold,18K,6.15,0.291,89556.0,50527730368800,https://cdn.shopify.com/s/files/1/0805/4777/4752/files/DBR000295_Y1.jpg?v=1755753807,https://cdn.shopify.com/s/files/1/0805/4777/4752/files/DBR000295_Y2.jpg?v=1755754104,DBR000295_Y1.jpg
Power Poured Diamond Chain Bracelet,9 KT / Yellow Gold,9K,4.57,1.43,72892.0,50738695438624,https://cdn.shopify.com/s/files/1/0805/4777/4752/files/DBR000337_Y1.jpg?v=1755753948,https://cdn.shopify.com/s/files/1/0805/4777/4752/files/DBR000337_Y2.jpg?v=1755754211,DBR000337_Y1.jpg
Power Poured Diamond Chain Bracelet,14 KT / Yellow Gold,14K,5.18,1.43,94091.0,50527730041120,https://cdn.shopify.com/s/files/1/0805/4777/4752/files/DBR000337_Y1.jpg?v=1755753948,https://cdn.shopify.com/s/files/1/0805/4777/4752/files/DBR000337_Y2.jpg?v=1755754211,DBR000337_Y1.jpg
Power Poured Diamond Chain Bracelet,18 KT / Yellow Gold,18K,6.09,1.43,119146.0,50527730139424,https://cdn.shopify.com/s/files/1/0805/4777/4752/files/DBR000337_Y1.jpg?v=1755753948,https://cdn.shopify.com/s/files/1/0805/4777/4752/files/DBR000337_Y2.jpg?v=1755754211,DBR000337_Y1.jpg
Glow Curve Diamond Kada Bracelet,9 KT / Yellow Gold,9K,4.35,0.58,48548.0,50738697240864,https://cdn.shopify.com/s/files/1/0805/4777/4752/files/DBR000277_Y1.jpg?v=1754376118,https://cdn.shopify.com/s/files/1/0805/4777/4752/files/DBR000277_Y2.jpg?v=1754376264,DBR000277_Y1.jpg
Glow Curve Diamond Kada Bracelet,14 KT / Yellow Gold,14K,4.93,0.58,68721.0,50527729844512,https://cdn.shopify.com/s/files/1/0805/4777/4752/files/DBR000277_Y1.jpg?v=1754376118,https://cdn.shopify.com/s/files/1/0805/4777/4752/files/DBR000277_Y2.jpg?v=1754376264,DBR000277_Y1.jpg
Glow Curve Diamond Kada Bracelet,18 KT / Yellow Gold,18K,5.8,0.58,92614.0,50527729942816,https://cdn.shopify.com/s/files/1/0805/4777/4752/files/DBR000277_Y1.jpg?v=1754376118,https://cdn.shopify.com/s/files/1/0805/4777/4752/files/DBR000277_Y2.jpg?v=1754376264,DBR000277_Y1.jpg
Unfiltered Glamour Diamond Chain Bracelet,9 KT / Yellow Gold,9K,4.07,0.196,36176.0,50738716934432,https://cdn.shopify.com/s/files/1/0805/4777/4752/files/DBR000299_Y1.jpg?v=1755753820,https://cdn.shopify.com/s/files/1/0805/4777/4752/files/DBR000299_Y2.jpg?v=1755754115,DBR000299_Y1.jpg
Unfiltered Glamour Diamond Chain Bracelet,14 KT / Yellow Gold,14K,4.62,0.196,55120.0,50527729418528,https://cdn.shopify.com/s/files/1/0805/4777/4752/files/DBR000299_Y1.jpg?v=1755753820,https://cdn.shopify.com/s/files/1/0805/4777/4752/files/DBR000299_Y2.jpg?v=1755754115,DBR000299_Y1.jpg
Unfiltered Glamour Diamond Chain Bracelet,18 KT / Yellow Gold,18K,5.43,0.196,77446.0,50527729516832,https://cdn.shopify.com/s/files/1/0805/4777/4752/files/DBR000299_Y1.jpg?v=1755753820,https://cdn.shopify.com/s/files/1/0805/4777/4752/files/DBR000299_Y2.jpg?v=1755754115,DBR000299_Y1.jpg
HexaLink Diamond Chain Bracelet,9 KT / Yellow Gold,9K,3.77,0.29,36404.0,50738718703904,https://cdn.shopify.com/s/files/1/0805/4777/4752/files/DBR000311_Y1.jpg?v=1755753856,https://cdn.shopify.com/s/files/1/0805/4777/4752/files/DBR000311_Y2.jpg?v=1755754142,DBR000311_Y1.jpg
HexaLink Diamond Chain Bracelet,14 KT / Yellow Gold,14K,4.28,0.29,53956.0,50527729221920,https://cdn.shopify.com/s/files/1/0805/4777/4752/files/DBR000311_Y1.jpg?v=1755753856,https://cdn.shopify.com/s/files/1/0805/4777/4752/files/DBR000311_Y2.jpg?v=1755754142,DBR000311_Y1.jpg
HexaLink Diamond Chain Bracelet,18 KT / Yellow Gold,18K,5.03,0.29,74634.0,50527729320224,https://cdn.shopify.com/s/files/1/0805/4777/4752/files/DBR000311_Y1.jpg?v=1755753856,https://cdn.shopify.com/s/files/1/0805/4777/4752/files/DBR000311_Y2.jpg?v=1755754142,DBR000311_Y1.jpg
Garland of Brilliance Diamond Tennis Bracelet,9 KT / Yellow Gold,9K,3.57,1.28,61280.0,50738719228192,https://cdn.shopify.com/s/files/1/0805/4777/4752/files/DBR000317_Y1.jpg?v=1755753880,https://cdn.shopify.com/s/files/1/0805/4777/4752/files/DBR000317_Y2.jpg?v=1755754158,DBR000317_Y1.jpg
Garland of Brilliance Diamond Tennis Bracelet,14 KT / Yellow Gold,14K,4.04,1.28,77779.0,50527729025312,https://cdn.shopify.com/s/files/1/0805/4777/4752/files/DBR000317_Y1.jpg?v=1755753880,https://cdn.shopify.com/s/files/1/0805/4777/4752/files/DBR000317_Y2.jpg?v=1755754158,DBR000317_Y1.jpg
Garland of Brilliance Diamond Tennis Bracelet,18 KT / Yellow Gold,18K,4.75,1.28,97323.0,50527729123616,https://cdn.shopify.com/s/files/1/0805/4777/4752/files/DBR000317_Y1.jpg?v=1755753880,https://cdn.shopify.com/s/files/1/0805/4777/4752/files/DBR000317_Y2.jpg?v=1755754158,DBR000317_Y1.jpg
Satin Loop Diamond Chain Bracelet,9 KT / Yellow Gold,9K,3.46,1.29,60716.0,50738722144544,https://cdn.shopify.com/s/files/1/0805/4777/4752/files/DBR000347_Y1.jpg?v=1755753984,https://cdn.shopify.com/s/files/1/0805/4777/4752/files/DBR000347_Y2.jpg?v=1755754238,DBR000347_Y1.jpg
Satin Loop Diamond Chain Bracelet,14 KT / Yellow Gold,14K,3.92,1.29,76749.0,50527728828704,https://cdn.shopify.com/s/files/1/0805/4777/4752/files/DBR000347_Y1.jpg?v=1755753984,https://cdn.shopify.com/s/files/1/0805/4777/4752/files/DBR000347_Y2.jpg?v=1755754238,DBR000347_Y1.jpg
Satin Loop Diamond Chain Bracelet,18 KT / Yellow Gold,18K,4.61,1.29,95726.0,50527728927008,https://cdn.shopify.com/s/files/1/0805/4777/4752/files/DBR000347_Y1.jpg?v=1755753984,https://cdn.shopify.com/s/files/1/0805/4777/4752/files/DBR000347_Y2.jpg?v=1755754238,DBR000347_Y1.jpg
She Holds Multitudes Diamond Chain Bracelet,9 KT / Rose Gold,9K,3.43,1.5,66088.0,50738723619104,https://cdn.shopify.com/s/files/1/0805/4777/4752/files/DBR000346_R1.jpg?v=1755766735,https://cdn.shopify.com/s/files/1/0805/4777/4752/files/DBR000346_R2.jpg?v=1755766735,DBR000346_R1.jpg
She Holds Multitudes Diamond Chain Bracelet,14 KT / Rose Gold,14K,3.88,1.5,81925.0,50527728501024,https://cdn.shopify.com/s/files/1/0805/4777/4752/files/DBR000346_R1.jpg?v=1755766735,https://cdn.shopify.com/s/files/1/0805/4777/4752/files/DBR000346_R2.jpg?v=1755766735,DBR000346_R1.jpg
She Holds Multitudes Diamond Chain Bracelet,18 KT / Rose Gold,18K,4.57,1.5,100794.0,50527728599328,https://cdn.shopify.com/s/files/1/0805/4777/4752/files/DBR000346_R1.jpg?v=1755766735,https://cdn.shopify.com/s/files/1/0805/4777/4752/files/DBR000346_R2.jpg?v=1755766735,DBR000346_R1.jpg
Lines of Her Light Diamond Flexi Bracelet,9 KT / Yellow Gold,9K,3.19,0.36,33861.0,50738723717408,https://cdn.shopify.com/s/files/1/0805/4777/4752/files/DBR000316_Y1.jpg?v=1755753876,https://cdn.shopify.com/s/files/1/0805/4777/4752/files/DBR000316_Y2.jpg?v=1755754155,DBR000316_Y1.jpg
Lines of Her Light Diamond Flexi Bracelet,14 KT / Yellow Gold,14K,3.62,0.36,48698.0,50527728337184,https://cdn.shopify.com/s/files/1/0805/4777/4752/files/DBR000316_Y1.jpg?v=1755753876,https://cdn.shopify.com/s/files/1/0805/4777/4752/files/DBR000316_Y2.jpg?v=1755754155,DBR000316_Y1.jpg
Lines of Her Light Diamond Flexi Bracelet,18 KT / Yellow Gold,18K,4.26,0.36,66257.0,50527728435488,https://cdn.shopify.com/s/files/1/0805/4777/4752/files/DBR000316_Y1.jpg?v=1755753876,https://cdn.shopify.com/s/files/1/0805/4777/4752/files/DBR000316_Y2.jpg?v=1755754155,DBR000316_Y1.jpg
Glamour Drip Diamond Chain Bracelet,9 KT / Rose Gold,9K,3.19,0.77,44796.0,50738723848480,https://cdn.shopify.com/s/files/1/0805/4777/4752/files/DBR000357_R1.jpg?v=1755767524,https://cdn.shopify.com/s/files/1/0805/4777/4752/files/DBR000357_R2.jpg?v=1755767524,DBR000357_R1.jpg
Glamour Drip Diamond Chain Bracelet,14 KT / Rose Gold,14K,3.62,0.77,59634.0,50527728075040,https://cdn.shopify.com/s/files/1/0805/4777/4752/files/DBR000357_R1.jpg?v=1755767524,https://cdn.shopify.com/s/files/1/0805/4777/4752/files/DBR000357_R2.jpg?v=1755767524,DBR000357_R1.jpg
Glamour Drip Diamond Chain Bracelet,18 KT / Rose Gold,18K,4.26,0.77,77192.0,50527728173344,https://cdn.shopify.com/s/files/1/0805/4777/4752/files/DBR000357_R1.jpg?v=1755767524,https://cdn.shopify.com/s/files/1/0805/4777/4752/files/DBR000357_R2.jpg?v=1755767524,DBR000357_R1.jpg
Liquid Luxe Diamond Tennis Bracelet,9 KT / Yellow Gold,9K,3.07,0.96,48955.0,50738726797600,https://cdn.shopify.com/s/files/1/0805/4777/4752/files/DBR000306_Y1.jpg?v=1755753841,https://cdn.shopify.com/s/files/1/0805/4777/4752/files/DBR000306_Y2.jpg?v=1755754132,DBR000306_Y1.jpg
Liquid Luxe Diamond Tennis Bracelet,14 KT / Yellow Gold,14K,3.48,0.96,63198.0,50527727943968,https://cdn.shopify.com/s/files/1/0805/4777/4752/files/DBR000306_Y1.jpg?v=1755753841,https://cdn.shopify.com/s/files/1/0805/4777/4752/files/DBR000306_Y2.jpg?v=1755754132,DBR000306_Y1.jpg
Liquid Luxe Diamond Tennis Bracelet,18 KT / Yellow Gold,18K,4.1,0.96,80135.0,50527728042272,https://cdn.shopify.com/s/files/1/0805/4777/4752/files/DBR000306_Y1.jpg?v=1755753841,https://cdn.shopify.com/s/files/1/0805/4777/4752/files/DBR000306_Y2.jpg?v=1755754132,DBR000306_Y1.jpg
Slip of Light Diamond Tennis Bracelet,9 KT / Yellow Gold,9K,2.98,6.72,201928.0,50738728239392,https://cdn.shopify.com/s/files/1/0805/4777/4752/files/DBR000307_Y1.jpg?v=1755753845,https://cdn.shopify.com/s/files/1/0805/4777/4752/files/DBR000307_Y2.jpg?v=1755754134,DBR000307_Y1.jpg
Slip of Light Diamond Tennis Bracelet,14 KT / Yellow Gold,14K,3.38,6.72,215773.0,50527727714592,https://cdn.shopify.com/s/files/1/0805/4777/4752/files/DBR000307_Y1.jpg?v=1755753845,https://cdn.shopify.com/s/files/1/0805/4777/4752/files/DBR000307_Y2.jpg?v=1755754134,DBR000307_Y1.jpg
Slip of Light Diamond Tennis Bracelet,18 KT / Yellow Gold,18K,3.98,6.72,232196.0,50527727812896,https://cdn.shopify.com/s/files/1/0805/4777/4752/files/DBR000307_Y1.jpg?v=1755753845,https://cdn.shopify.com/s/files/1/0805/4777/4752/files/DBR000307_Y2.jpg?v=1755754134,DBR000307_Y1.jpg
More Than Enough Diamond Chain Bracelet,9 KT / Rose Gold,9K,2.6,3.0,99790.0,50738728763680,https://cdn.shopify.com/s/files/1/0805/4777/4752/files/DBR000308_R1.jpg?v=1755765393,https://cdn.shopify.com/s/files/1/0805/4777/4752/files/DBR000308_R2.jpg?v=1755765393,DBR000308_R1.jpg
More Than Enough Diamond Chain Bracelet,14 KT / Rose Gold,14K,2.94,3.0,111784.0,50527727452448,https://cdn.shopify.com/s/files/1/0805/4777/4752/files/DBR000308_R1.jpg?v=1755765393,https://cdn.shopify.com/s/files/1/0805/4777/4752/files/DBR000308_R2.jpg?v=1755765393,DBR000308_R1.jpg
More Than Enough Diamond Chain Bracelet,18 KT / Rose Gold,18K,3.46,3.0,126047.0,50527727550752,https://cdn.shopify.com/s/files/1/0805/4777/4752/files/DBR000308_R1.jpg?v=1755765393,https://cdn.shopify.com/s/files/1/0805/4777/4752/files/DBR000308_R2.jpg?v=1755765393,DBR000308_R1.jpg
The Kingdom Within Diamond Tennis Bracelet,9 KT / Rose Gold,9K,10.629,11.83,549521.0,50738732040480,https://cdn.shopify.com/s/files/1/0805/4777/4752/files/DBR000370_R1.jpg?v=1755767586,https://cdn.shopify.com/s/files/1/0805/4777/4752/files/DBR000370_R2.jpg?v=1755767586,DBR000370_R1.jpg
The Kingdom Within Diamond Tennis Bracelet,14 KT / Rose Gold,14K,12.0462,11.83,598812.0,50527726797088,https://cdn.shopify.com/s/files/1/0805/4777/4752/files/DBR000370_R1.jpg?v=1755767586,https://cdn.shopify.com/s/files/1/0805/4777/4752/files/DBR000370_R2.jpg?v=1755767586,DBR000370_R1.jpg
The Kingdom Within Diamond Tennis Bracelet,18 KT / Rose Gold,18K,14.17,11.83,657169.0,50527726895392,https://cdn.shopify.com/s/files/1/0805/4777/4752/files/DBR000370_R1.jpg?v=1755767586,https://cdn.shopify.com/s/files/1/0805/4777/4752/files/DBR000370_R2.jpg?v=1755767586,DBR000370_R1.jpg
Pink Enamel Fashion Diamond Bracelet,9 KT / Yellow Gold,9K,3.04,0.181,27936.0,50738732138784,https://cdn.shopify.com/s/files/1/0805/4777/4752/files/DBR000243_Y1.jpg?v=1750415134,https://cdn.shopify.com/s/files/1/0805/4777/4752/files/DBR000243_Y2.jpg?v=1750415245,DBR000243_Y1.jpg
Pink Enamel Fashion Diamond Bracelet,14 KT / Yellow Gold,14K,3.44,0.181,41983.0,50311772733728,https://cdn.shopify.com/s/files/1/0805/4777/4752/files/DBR000243_Y1.jpg?v=1750415134,https://cdn.shopify.com/s/files/1/0805/4777/4752/files/DBR000243_Y2.jpg?v=1750415245,DBR000243_Y1.jpg
Pink Enamel Fashion Diamond Bracelet,18 KT / Yellow Gold,18K,4.05,0.181,58691.0,50311772832032,https://cdn.shopify.com/s/files/1/0805/4777/4752/files/DBR000243_Y1.jpg?v=1750415134,https://cdn.shopify.com/s/files/1/0805/4777/4752/files/DBR000243_Y2.jpg?v=1750415245,DBR000243_Y1.jpg
The Golden Eye Fashion Diamond Chain Bracelet,9 KT / White Gold,9K,2.51,0.255,25889.0,50738732302624,https://cdn.shopify.com/s/files/1/0805/4777/4752/files/DBR000241_W1.jpg?v=1750683724,https://cdn.shopify.com/s/files/1/0805/4777/4752/files/DBR000241_W2.jpg?v=1750683724,DBR000241_W1.jpg
The Golden Eye Fashion Diamond Chain Bracelet,14 KT / White Gold,14K,2.85,0.255,37579.0,50311772602656,https://cdn.shopify.com/s/files/1/0805/4777/4752/files/DBR000241_W1.jpg?v=1750683724,https://cdn.shopify.com/s/files/1/0805/4777/4752/files/DBR000241_W2.jpg?v=1750683724,DBR000241_W1.jpg
The Golden Eye Fashion Diamond Chain Bracelet,18 KT / White Gold,18K,3.35,0.255,51355.0,50311772700960,https://cdn.shopify.com/s/files/1/0805/4777/4752/files/DBR000241_W1.jpg?v=1750683724,https://cdn.shopify.com/s/files/1/0805/4777/4752/files/DBR000241_W2.jpg?v=1750683724,DBR000241_W1.jpg
Clove Noire Diamond Tennis Bracelet,9 KT / Rose Gold,9K,9.65,5.66,229526.0,50738732466464,https://cdn.shopify.com/s/files/1/0805/4777/4752/files/DBR000153_R1.jpg?v=1748605776,https://cdn.shopify.com/s/files/1/0805/4777/4752/files/DBR000153_R2.jpg?v=1748605776,DBR000153_R1.jpg
Clove Noire Diamond Tennis Bracelet,14 KT / Rose Gold,14K,10.94,5.66,274309.0,50236901916960,https://cdn.shopify.com/s/files/1/0805/4777/4752/files/DBR000153_R1.jpg?v=1748605776,https://cdn.shopify.com/s/files/1/0805/4777/4752/files/DBR000153_R2.jpg?v=1748605776,DBR000153_R1.jpg
Clove Noire Diamond Tennis Bracelet,18 KT / Rose Gold,18K,12.87,5.66,327321.0,50236902015264,https://cdn.shopify.com/s/files/1/0805/4777/4752/files/DBR000153_R1.jpg?v=1748605776,https://cdn.shopify.com/s/files/1/0805/4777/4752/files/DBR000153_R2.jpg?v=1748605776,DBR000153_R1.jpg
Marquise Stride Diamond Tennis Bracelet,9 KT / Yellow Gold,9K,9.23,5.982,234692.0,50738732564768,https://cdn.shopify.com/s/files/1/0805/4777/4752/files/DBR000152_Y1.jpg?v=1748603312,https://cdn.shopify.com/s/files/1/0805/4777/4752/files/DBR000152_Y2.jpg?v=1748603371,DBR000152_Y1.jpg
Marquise Stride Diamond Tennis Bracelet,14 KT / Yellow Gold,14K,10.46,5.982,277489.0,50236901622048,https://cdn.shopify.com/s/files/1/0805/4777/4752/files/DBR000152_Y1.jpg?v=1748603312,https://cdn.shopify.com/s/files/1/0805/4777/4752/files/DBR000152_Y2.jpg?v=1748603371,DBR000152_Y1.jpg
Marquise Stride Diamond Tennis Bracelet,18 KT / Yellow Gold,18K,12.3,5.982,328111.0,50236901720352,https://cdn.shopify.com/s/files/1/0805/4777/4752/files/DBR000152_Y1.jpg?v=1748603312,https://cdn.shopify.com/s/files/1/0805/4777/4752/files/DBR000152_Y2.jpg?v=1748603371,DBR000152_Y1.jpg
Leafline Luxe Diamond Kada Bracelet,9 KT / White Gold,9K,8.1,3.529,181089.0,50738732957984,https://cdn.shopify.com/s/files/1/0805/4777/4752/files/DBR000151_W1.jpg?v=1748605734,https://cdn.shopify.com/s/files/1/0805/4777/4752/files/DBR000151_W2.jpg?v=1748605734,DBR000151_W1.jpg
Leafline Luxe Diamond Kada Bracelet,14 KT / White Gold,14K,9.17,3.529,218557.0,50236901425440,https://cdn.shopify.com/s/files/1/0805/4777/4752/files/DBR000151_W1.jpg?v=1748605734,https://cdn.shopify.com/s/files/1/0805/4777/4752/files/DBR000151_W2.jpg?v=1748605734,DBR000151_W1.jpg
Leafline Luxe Diamond Kada Bracelet,18 KT / White Gold,18K,10.79,3.529,263020.0,50236901523744,https://cdn.shopify.com/s/files/1/0805/4777/4752/files/DBR000151_W1.jpg?v=1748605734,https://cdn.shopify.com/s/files/1/0805/4777/4752/files/DBR000151_W2.jpg?v=1748605734,DBR000151_W1.jpg
Dribble Diamond Tennis Bracelet,9 KT / Yellow Gold,9K,7.32,6.23,225759.0,50738733056288,https://cdn.shopify.com/s/files/1/0805/4777/4752/files/DBR000150_Y1.jpg?v=1748603307,https://cdn.shopify.com/s/files/1/0805/4777/4752/files/DBR000150_Y2.jpg?v=1748603366,DBR000150_Y1.jpg
Dribble Diamond Tennis Bracelet,14 KT / Yellow Gold,14K,8.29,6.23,259648.0,50236901064992,https://cdn.shopify.com/s/files/1/0805/4777/4752/files/DBR000150_Y1.jpg?v=1748603307,https://cdn.shopify.com/s/files/1/0805/4777/4752/files/DBR000150_Y2.jpg?v=1748603366,DBR000150_Y1.jpg
Dribble Diamond Tennis Bracelet,18 KT / Yellow Gold,18K,9.75,6.23,299789.0,50236901163296,https://cdn.shopify.com/s/files/1/0805/4777/4752/files/DBR000150_Y1.jpg?v=1748603307,https://cdn.shopify.com/s/files/1/0805/4777/4752/files/DBR000150_Y2.jpg?v=1748603366,DBR000150_Y1.jpg
Facet Flow Diamond Tennis Bracelet,9 KT / Rose Gold,9K,8.09,6.05,227238.0,50738733154592,https://cdn.shopify.com/s/files/1/0805/4777/4752/files/DBR000149_R1.jpg?v=1748605694,https://cdn.shopify.com/s/files/1/0805/4777/4752/files/DBR000149_R2.jpg?v=1748605694,DBR000149_R1.jpg
Facet Flow Diamond Tennis Bracelet,14 KT / Rose Gold,14K,9.17,6.05,264767.0,50236900835616,https://cdn.shopify.com/s/files/1/0805/4777/4752/files/DBR000149_R1.jpg?v=1748605694,https://cdn.shopify.com/s/files/1/0805/4777/4752/files/DBR000149_R2.jpg?v=1748605694,DBR000149_R1.jpg
Facet Flow Diamond Tennis Bracelet,18 KT / Rose Gold,18K,10.79,6.05,309230.0,50236900933920,https://cdn.shopify.com/s/files/1/0805/4777/4752/files/DBR000149_R1.jpg?v=1748605694,https://cdn.shopify.com/s/files/1/0805/4777/4752/files/DBR000149_R2.jpg?v=1748605694,DBR000149_R1.jpg
Marquise Muse Diamond Tennis Bracelet,9 KT / Yellow Gold,9K,6.75,7.96,267281.0,50738733580576,https://cdn.shopify.com/s/files/1/0805/4777/4752/files/DBR000148_Y1.jpg?v=1748603301,https://cdn.shopify.com/s/files/1/0805/4777/4752/files/DBR000148_Y2.jpg?v=1748603360,DBR000148_Y1.jpg
Marquise Muse Diamond Tennis Bracelet,14 KT / Yellow Gold,14K,7.65,7.96,298583.0,50236900540704,https://cdn.shopify.com/s/files/1/0805/4777/4752/files/DBR000148_Y1.jpg?v=1748603301,https://cdn.shopify.com/s/files/1/0805/4777/4752/files/DBR000148_Y2.jpg?v=1748603360,DBR000148_Y1.jpg
Marquise Muse Diamond Tennis Bracelet,18 KT / Yellow Gold,18K,9.0,7.96,335658.0,50236900639008,https://cdn.shopify.com/s/files/1/0805/4777/4752/files/DBR000148_Y1.jpg?v=1748603301,https://cdn.shopify.com/s/files/1/0805/4777/4752/files/DBR000148_Y2.jpg?v=1748603360,DBR000148_Y1.jpg
Clove Radiant Diamond Tennis Bracelet,9 KT / Rose Gold,9K,6.65,5.643,204663.0,50738735055136,https://cdn.shopify.com/s/files/1/0805/4777/4752/files/DBR000147_R1.jpg?v=1748605494,https://cdn.shopify.com/s/files/1/0805/4777/4752/files/DBR000147_R2.jpg?v=1748605494,DBR000147_R1.jpg
Clove Radiant Diamond Tennis Bracelet,14 KT / Rose Gold,14K,7.54,5.643,235534.0,50236900311328,https://cdn.shopify.com/s/files/1/0805/4777/4752/files/DBR000147_R1.jpg?v=1748605494,https://cdn.shopify.com/s/files/1/0805/4777/4752/files/DBR000147_R2.jpg?v=1748605494,DBR000147_R1.jpg
Clove Radiant Diamond Tennis Bracelet,18 KT / Rose Gold,18K,8.87,5.643,272069.0,50236900409632,https://cdn.shopify.com/s/files/1/0805/4777/4752/files/DBR000147_R1.jpg?v=1748605494,https://cdn.shopify.com/s/files/1/0805/4777/4752/files/DBR000147_R2.jpg?v=1748605494,DBR000147_R1.jpg
Twilight Cascade Diamond Kada Bracelet,9 KT / Rose Gold,9K,8.28,4.815,214121.0,50738735153440,https://cdn.shopify.com/s/files/1/0805/4777/4752/files/DBR000146_R1.jpg?v=1748605381,https://cdn.shopify.com/s/files/1/0805/4777/4752/files/DBR000146_R2.jpg?v=1748605381,DBR000146_R1.jpg
Twilight Cascade Diamond Kada Bracelet,14 KT / Rose Gold,14K,9.38,4.815,252481.0,50236900081952,https://cdn.shopify.com/s/files/1/0805/4777/4752/files/DBR000146_R1.jpg?v=1748605381,https://cdn.shopify.com/s/files/1/0805/4777/4752/files/DBR000146_R2.jpg?v=1748605381,DBR000146_R1.jpg
Twilight Cascade Diamond Kada Bracelet,18 KT / Rose Gold,18K,11.04,4.815,297998.0,50236900180256,https://cdn.shopify.com/s/files/1/0805/4777/4752/files/DBR000146_R1.jpg?v=1748605381,https://cdn.shopify.com/s/files/1/0805/4777/4752/files/DBR000146_R2.jpg?v=1748605381,DBR000146_R1.jpg
Garden of Glint Diamond Tennis Bracelet,9 KT / Yellow Gold,9K,15.04,6.248,289075.0,50738735251744,https://cdn.shopify.com/s/files/1/0805/4777/4752/files/DBR000145_Y1.jpg?v=1748603292,https://cdn.shopify.com/s/files/1/0805/4777/4752/files/DBR000145_Y2.jpg?v=1748603353,DBR000145_Y1.jpg
Garden of Glint Diamond Tennis Bracelet,14 KT / Yellow Gold,14K,17.05,6.248,358866.0,50236899787040,https://cdn.shopify.com/s/files/1/0805/4777/4752/files/DBR000145_Y1.jpg?v=1748603292,https://cdn.shopify.com/s/files/1/0805/4777/4752/files/DBR000145_Y2.jpg?v=1748603353,DBR000145_Y1.jpg
Garden of Glint Diamond Tennis Bracelet,18 KT / Yellow Gold,18K,20.05,6.248,441390.0,50236899885344,https://cdn.shopify.com/s/files/1/0805/4777/4752/files/DBR000145_Y1.jpg?v=1748603292,https://cdn.shopify.com/s/files/1/0805/4777/4752/files/DBR000145_Y2.jpg?v=1748603353,DBR000145_Y1.jpg
Pentalbind Diamond Kada Bracelet,9 KT / White Gold,9K,8.52,3.181,158013.0,50738735382816,https://cdn.shopify.com/s/files/1/0805/4777/4752/files/DBR000144_W1.jpg?v=1748605244,https://cdn.shopify.com/s/files/1/0805/4777/4752/files/DBR000144_W2.jpg?v=1748605244,DBR000144_W1.jpg
Pentalbind Diamond Kada Bracelet,14 KT / White Gold,14K,9.66,3.181,197562.0,50236899590432,https://cdn.shopify.com/s/files/1/0805/4777/4752/files/DBR000144_W1.jpg?v=1748605244,https://cdn.shopify.com/s/files/1/0805/4777/4752/files/DBR000144_W2.jpg?v=1748605244,DBR000144_W1.jpg
Pentalbind Diamond Kada Bracelet,18 KT / White Gold,18K,11.36,3.181,244321.0,50236899688736,https://cdn.shopify.com/s/files/1/0805/4777/4752/files/DBR000144_W1.jpg?v=1748605244,https://cdn.shopify.com/s/files/1/0805/4777/4752/files/DBR000144_W2.jpg?v=1748605244,DBR000144_W1.jpg
Petal Royale Diamond Kada Bracelet,9 KT / Yellow Gold,9K,8.66,2.29,131558.0,50738735513888,https://cdn.shopify.com/s/files/1/0805/4777/4752/files/DBR000143_Y1.jpg?v=1748603286,https://cdn.shopify.com/s/files/1/0805/4777/4752/files/DBR000143_Y2.jpg?v=1749540634,DBR000143_Y1.jpg
Petal Royale Diamond Kada Bracelet,14 KT / Yellow Gold,14K,9.81,2.29,171675.0,50236899295520,https://cdn.shopify.com/s/files/1/0805/4777/4752/files/DBR000143_Y1.jpg?v=1748603286,https://cdn.shopify.com/s/files/1/0805/4777/4752/files/DBR000143_Y2.jpg?v=1749540634,DBR000143_Y1.jpg
Petal Royale Diamond Kada Bracelet,18 KT / Yellow Gold,18K,11.54,2.29,219204.0,50236899393824,https://cdn.shopify.com/s/files/1/0805/4777/4752/files/DBR000143_Y1.jpg?v=1748603286,https://cdn.shopify.com/s/files/1/0805/4777/4752/files/DBR000143_Y2.jpg?v=1749540634,DBR000143_Y1.jpg
Floral Maestro Diamond Kada Bracelet,9 KT / Rose Gold,9K,8.39,4.04,189095.0,50738735612192,https://cdn.shopify.com/s/files/1/0805/4777/4752/files/DBR000142_R1.jpg?v=1748605125,https://cdn.shopify.com/s/files/1/0805/4777/4752/files/DBR000142_R2.jpg?v=1748605125,DBR000142_R1.jpg
Floral Maestro Diamond Kada Bracelet,14 KT / Rose Gold,14K,9.51,4.04,228016.0,50236899098912,https://cdn.shopify.com/s/files/1/0805/4777/4752/files/DBR000142_R1.jpg?v=1748605125,https://cdn.shopify.com/s/files/1/0805/4777/4752/files/DBR000142_R2.jpg?v=1748605125,DBR000142_R1.jpg
Floral Maestro Diamond Kada Bracelet,18 KT / Rose Gold,18K,11.19,4.04,274127.0,50236899197216,https://cdn.shopify.com/s/files/1/0805/4777/4752/files/DBR000142_R1.jpg?v=1748605125,https://cdn.shopify.com/s/files/1/0805/4777/4752/files/DBR000142_R2.jpg?v=1748605125,DBR000142_R1.jpg
Clover Diamond Tennis Bracelet,9 KT / Yellow Gold,9K,6.9,3.988,162543.0,50738735710496,https://cdn.shopify.com/s/files/1/0805/4777/4752/files/DBR000141_Y1.jpg?v=1748603280,https://cdn.shopify.com/s/files/1/0805/4777/4752/files/DBR000141_Y2.jpg?v=1748603343,DBR000141_Y1.jpg
Clover Diamond Tennis Bracelet,14 KT / Yellow Gold,14K,7.82,3.988,194542.0,50236898836768,https://cdn.shopify.com/s/files/1/0805/4777/4752/files/DBR000141_Y1.jpg?v=1748603280,https://cdn.shopify.com/s/files/1/0805/4777/4752/files/DBR000141_Y2.jpg?v=1748603343,DBR000141_Y1.jpg
Clover Diamond Tennis Bracelet,18 KT / Yellow Gold,18K,9.2,3.988,232441.0,50236898935072,https://cdn.shopify.com/s/files/1/0805/4777/4752/files/DBR000141_Y1.jpg?v=1748603280,https://cdn.shopify.com/s/files/1/0805/4777/4752/files/DBR000141_Y2.jpg?v=1748603343,DBR000141_Y1.jpg
Glided Harmony Diamond Tennis Bracelet,9 KT / White Gold,9K,6.8,4.65,179392.0,50738735841568,https://cdn.shopify.com/s/files/1/0805/4777/4752/files/DBR000139_W1.jpg?v=1748604948,https://cdn.shopify.com/s/files/1/0805/4777/4752/files/DBR000139_W2.jpg?v=1748604948,DBR000139_W1.jpg
Glided Harmony Diamond Tennis Bracelet,14 KT / White Gold,14K,7.71,4.65,210958.0,50236898672928,https://cdn.shopify.com/s/files/1/0805/4777/4752/files/DBR000139_W1.jpg?v=1748604948,https://cdn.shopify.com/s/files/1/0805/4777/4752/files/DBR000139_W2.jpg?v=1748604948,DBR000139_W1.jpg
Glided Harmony Diamond Tennis Bracelet,18 KT / White Gold,18K,9.07,4.65,248317.0,50236898771232,https://cdn.shopify.com/s/files/1/0805/4777/4752/files/DBR000139_W1.jpg?v=1748604948,https://cdn.shopify.com/s/files/1/0805/4777/4752/files/DBR000139_W2.jpg?v=1748604948,DBR000139_W1.jpg
The Bling Lattice Diamond Tennis Bracelet,9 KT / Rose Gold,9K,7.18,7.16,249430.0,50738737316128,https://cdn.shopify.com/s/files/1/0805/4777/4752/files/DBR000138_R1.jpg?v=1748604891,https://cdn.shopify.com/s/files/1/0805/4777/4752/files/DBR000138_R2.jpg?v=1748604891,DBR000138_R1.jpg
The Bling Lattice Diamond Tennis Bracelet,14 KT / Rose Gold,14K,8.13,7.16,282658.0,50236898378016,https://cdn.shopify.com/s/files/1/0805/4777/4752/files/DBR000138_R1.jpg?v=1748604891,https://cdn.shopify.com/s/files/1/0805/4777/4752/files/DBR000138_R2.jpg?v=1748604891,DBR000138_R1.jpg
The Bling Lattice Diamond Tennis Bracelet,18 KT / Rose Gold,18K,9.57,7.16,322123.0,50236898476320,https://cdn.shopify.com/s/files/1/0805/4777/4752/files/DBR000138_R1.jpg?v=1748604891,https://cdn.shopify.com/s/files/1/0805/4777/4752/files/DBR000138_R2.jpg?v=1748604891,DBR000138_R1.jpg
Evermine Diamond Tennis Bracelet,9 KT / Rose Gold,9K,6.63,3.322,142570.0,50738739446048,https://cdn.shopify.com/s/files/1/0805/4777/4752/files/DBR000137_R1.jpg?v=1748604801,https://cdn.shopify.com/s/files/1/0805/4777/4752/files/DBR000137_R2.jpg?v=1748604801,DBR000137_R1.jpg
Evermine Diamond Tennis Bracelet,14 KT / Rose Gold,14K,7.51,3.322,173278.0,50236898148640,https://cdn.shopify.com/s/files/1/0805/4777/4752/files/DBR000137_R1.jpg?v=1748604801,https://cdn.shopify.com/s/files/1/0805/4777/4752/files/DBR000137_R2.jpg?v=1748604801,DBR000137_R1.jpg
Evermine Diamond Tennis Bracelet,18 KT / Rose Gold,18K,8.84,3.322,209732.0,50236898246944,https://cdn.shopify.com/s/files/1/0805/4777/4752/files/DBR000137_R1.jpg?v=1748604801,https://cdn.shopify.com/s/files/1/0805/4777/4752/files/DBR000137_R2.jpg?v=1748604801,DBR000137_R1.jpg
The Love Link Diamond Tennis Bracelet,9 KT / Yellow Gold,9K,6.75,4.97,187526.0,50738740330784,https://cdn.shopify.com/s/files/1/0805/4777/4752/files/DBR000136_Y1.jpg?v=1748603268,https://cdn.shopify.com/s/files/1/0805/4777/4752/files/DBR000136_Y2.jpg?v=1748603334,DBR000136_Y1.jpg
The Love Link Diamond Tennis Bracelet,14 KT / Yellow Gold,14K,7.66,4.97,218923.0,50236897919264,https://cdn.shopify.com/s/files/1/0805/4777/4752/files/DBR000136_Y1.jpg?v=1748603268,https://cdn.shopify.com/s/files/1/0805/4777/4752/files/DBR000136_Y2.jpg?v=1748603334,DBR000136_Y1.jpg
The Love Link Diamond Tennis Bracelet,18 KT / Yellow Gold,18K,9.01,4.97,256025.0,50236898017568,https://cdn.shopify.com/s/files/1/0805/4777/4752/files/DBR000136_Y1.jpg?v=1748603268,https://cdn.shopify.com/s/files/1/0805/4777/4752/files/DBR000136_Y2.jpg?v=1748603334,DBR000136_Y1.jpg
Crownlight Diamond Tennis Bracelet,9 KT / White Gold,9K,21.0,15.126,574415.0,50738740560160,https://cdn.shopify.com/s/files/1/0805/4777/4752/files/DBR000135_W1.jpg?v=1748604611,https://cdn.shopify.com/s/files/1/0805/4777/4752/files/DBR000135_W2.jpg?v=1748604611,DBR000135_W1.jpg
Crownlight Diamond Tennis Bracelet,14 KT / White Gold,14K,23.8,15.126,671801.0,50236897788192,https://cdn.shopify.com/s/files/1/0805/4777/4752/files/DBR000135_W1.jpg?v=1748604611,https://cdn.shopify.com/s/files/1/0805/4777/4752/files/DBR000135_W2.jpg?v=1748604611,DBR000135_W1.jpg
Crownlight Diamond Tennis Bracelet,18 KT / White Gold,18K,28.0,15.126,787146.0,50236897886496,https://cdn.shopify.com/s/files/1/0805/4777/4752/files/DBR000135_W1.jpg?v=1748604611,https://cdn.shopify.com/s/files/1/0805/4777/4752/files/DBR000135_W2.jpg?v=1748604611,DBR000135_W1.jpg
Lotus Mirage Diamond Chain Bracelet,9 KT / Rose Gold,9K,4.65,0.837,62800.0,50738740691232,https://cdn.shopify.com/s/files/1/0805/4777/4752/files/DBR000108_R1.jpg?v=1748604509,https://cdn.shopify.com/s/files/1/0805/4777/4752/files/DBR000108_R2.jpg?v=1748604509,DBR000108_R1.jpg
Lotus Mirage Diamond Chain Bracelet,14 KT / Rose Gold,14K,5.27,0.837,84364.0,50236897493280,https://cdn.shopify.com/s/files/1/0805/4777/4752/files/DBR000108_R1.jpg?v=1748604509,https://cdn.shopify.com/s/files/1/0805/4777/4752/files/DBR000108_R2.jpg?v=1748604509,DBR000108_R1.jpg
Lotus Mirage Diamond Chain Bracelet,18 KT / Rose Gold,18K,6.2,0.837,109905.0,50236897591584,https://cdn.shopify.com/s/files/1/0805/4777/4752/files/DBR000108_R1.jpg?v=1748604509,https://cdn.shopify.com/s/files/1/0805/4777/4752/files/DBR000108_R2.jpg?v=1748604509,DBR000108_R1.jpg
Circle of Love Diamond Chain Bracelet,9 KT / Yellow Gold,9K,2.33,1.033,55026.0,50738740789536,https://cdn.shopify.com/s/files/1/0805/4777/4752/files/DBR000107_Y1.jpg?v=1748603259,https://cdn.shopify.com/s/files/1/0805/4777/4752/files/DBR000107_Y2.jpg?v=1748603326,DBR000107_Y1.jpg
Circle of Love Diamond Chain Bracelet,14 KT / Yellow Gold,14K,2.64,1.033,65825.0,50236897263904,https://cdn.shopify.com/s/files/1/0805/4777/4752/files/DBR000107_Y1.jpg?v=1748603259,https://cdn.shopify.com/s/files/1/0805/4777/4752/files/DBR000107_Y2.jpg?v=1748603326,DBR000107_Y1.jpg
Circle of Love Diamond Chain Bracelet,18 KT / Yellow Gold,18K,3.1,1.033,78548.0,50236897362208,https://cdn.shopify.com/s/files/1/0805/4777/4752/files/DBR000107_Y1.jpg?v=1748603259,https://cdn.shopify.com/s/files/1/0805/4777/4752/files/DBR000107_Y2.jpg?v=1748603326,DBR000107_Y1.jpg
Lucent Pear and Marquise Diamond Tennis Bracelet,9 KT / Yellow Gold,9K,9.77,4.86,209161.0,50738740887840,https://cdn.shopify.com/s/files/1/0805/4777/4752/files/DBR000106_Y1.jpg?v=1753168032,https://cdn.shopify.com/s/files/1/0805/4777/4752/files/Product2.jpg?v=1753700735,DBR000106_Y1.jpg
Lucent Pear and Marquise Diamond Tennis Bracelet,14 KT / Yellow Gold,14K,11.07,4.86,254443.0,50236897034528,https://cdn.shopify.com/s/files/1/0805/4777/4752/files/DBR000106_Y1.jpg?v=1753168032,https://cdn.shopify.com/s/files/1/0805/4777/4752/files/Product2.jpg?v=1753700735,DBR000106_Y1.jpg
Lucent Pear and Marquise Diamond Tennis Bracelet,18 KT / Yellow Gold,18K,13.03,4.86,308172.0,50236897132832,https://cdn.shopify.com/s/files/1/0805/4777/4752/files/DBR000106_Y1.jpg?v=1753168032,https://cdn.shopify.com/s/files/1/0805/4777/4752/files/Product2.jpg?v=1753700735,DBR000106_Y1.jpg
Classic Round Diamond Tennis Bracelet,9 KT / Rose Gold,9K,9.01,4.95,205370.0,50738740986144,https://cdn.shopify.com/s/files/1/0805/4777/4752/files/DBR000105_R1.jpg?v=1748604225,https://cdn.shopify.com/s/files/1/0805/4777/4752/files/DBR000105_R2.jpg?v=1748604225,DBR000105_R1.jpg
Classic Round Diamond Tennis Bracelet,14 KT / Rose Gold,14K,10.21,4.95,247140.0,50236896837920,https://cdn.shopify.com/s/files/1/0805/4777/4752/files/DBR000105_R1.jpg?v=1748604225,https://cdn.shopify.com/s/files/1/0805/4777/4752/files/DBR000105_R2.jpg?v=1748604225,DBR000105_R1.jpg
Classic Round Diamond Tennis Bracelet,18 KT / Rose Gold,18K,12.01,4.95,296601.0,50236896936224,https://cdn.shopify.com/s/files/1/0805/4777/4752/files/DBR000105_R1.jpg?v=1748604225,https://cdn.shopify.com/s/files/1/0805/4777/4752/files/DBR000105_R2.jpg?v=1748604225,DBR000105_R1.jpg
Dual Desire Emerald & Pear Cut Diamond Tennis Bracelet,9 KT / Yellow Gold,9K,14.69,12.06,509186.0,50738741117216,https://cdn.shopify.com/s/files/1/0805/4777/4752/files/DBR000104_Y1.jpg?v=1748603249,https://cdn.shopify.com/s/files/1/0805/4777/4752/files/DBR000104_Y2.jpg?v=1748603319,DBR000104_Y1.jpg
Dual Desire Emerald & Pear Cut Diamond Tennis Bracelet,14 KT / Yellow Gold,14K,16.65,12.06,577323.0,50236896575776,https://cdn.shopify.com/s/files/1/0805/4777/4752/files/DBR000104_Y1.jpg?v=1748603249,https://cdn.shopify.com/s/files/1/0805/4777/4752/files/DBR000104_Y2.jpg?v=1748603319,DBR000104_Y1.jpg
Dual Desire Emerald & Pear Cut Diamond Tennis Bracelet,18 KT / Yellow Gold,18K,19.59,12.06,658037.0,50236896674080,https://cdn.shopify.com/s/files/1/0805/4777/4752/files/DBR000104_Y1.jpg?v=1748603249,https://cdn.shopify.com/s/files/1/0805/4777/4752/files/DBR000104_Y2.jpg?v=1748603319,DBR000104_Y1.jpg
The Divine Watch Evil Eye Diamond Bracelet,9 KT / Rose Gold,9K,2.59,0.158,25287.0,50149563302176,https://cdn.shopify.com/s/files/1/0805/4777/4752/files/BREV-12_R1.jpg?v=1747820261,https://cdn.shopify.com/s/files/1/0805/4777/4752/files/BREV-12_R2.jpg?v=1747820261,BREV-12_R1.jpg
The Divine Watch Evil Eye Diamond Bracelet,14 KT / Rose Gold,14K,2.93,0.158,37248.0,50142888591648,https://cdn.shopify.com/s/files/1/0805/4777/4752/files/BREV-12_R1.jpg?v=1747820261,https://cdn.shopify.com/s/files/1/0805/4777/4752/files/BREV-12_R2.jpg?v=1747820261,BREV-12_R1.jpg
The Divine Watch Evil Eye Diamond Bracelet,18 KT / Rose Gold,18K,3.45,0.158,51484.0,50142888689952,https://cdn.shopify.com/s/files/1/0805/4777/4752/files/BREV-12_R1.jpg?v=1747820261,https://cdn.shopify.com/s/files/1/0805/4777/4752/files/BREV-12_R2.jpg?v=1747820261,BREV-12_R1.jpg
Enchanting Beads Evil Eye Diamond Bracelet,9 KT / Yellow Gold,9K,3.09,0.376,34065.0,50149565563168,https://cdn.shopify.com/s/files/1/0805/4777/4752/files/BREV-14_Y1.jpg?v=1747806797,https://cdn.shopify.com/s/files/1/0805/4777/4752/files/BREV-14_Y2.jpg?v=1747806817,BREV-14_Y1.jpg
Enchanting Beads Evil Eye Diamond Bracelet,14 KT / Yellow Gold,14K,3.4,0.376,47430.0,50142888460576,https://cdn.shopify.com/s/files/1/0805/4777/4752/files/BREV-14_Y1.jpg?v=1747806797,https://cdn.shopify.com/s/files/1/0805/4777/4752/files/BREV-14_Y2.jpg?v=1747806817,BREV-14_Y1.jpg
Enchanting Beads Evil Eye Diamond Bracelet,18 KT / Yellow Gold,18K,4.08,0.376,64880.0,50142888558880,https://cdn.shopify.com/s/files/1/0805/4777/4752/files/BREV-14_Y1.jpg?v=1747806797,https://cdn.shopify.com/s/files/1/0805/4777/4752/files/BREV-14_Y2.jpg?v=1747806817,BREV-14_Y1.jpg
Good Vibe Evil Eye Diamond Bracelet,9 KT / Yellow Gold,9K,2.33,0.247,25541.0,50149566185760,https://cdn.shopify.com/s/files/1/0805/4777/4752/files/BREV-07_Y1.jpg?v=1747817444,https://cdn.shopify.com/s/files/1/0805/4777/4752/files/BREV-07_Y2.jpg?v=1747817461,BREV-07_Y1.jpg
Good Vibe Evil Eye Diamond Bracelet,14 KT / Yellow Gold,14K,2.64,0.247,36339.0,50142888263968,https://cdn.shopify.com/s/files/1/0805/4777/4752/files/BREV-07_Y1.jpg?v=1747817444,https://cdn.shopify.com/s/files/1/0805/4777/4752/files/BREV-07_Y2.jpg?v=1747817461,BREV-07_Y1.jpg
Good Vibe Evil Eye Diamond Bracelet,18 KT / Yellow Gold,18K,3.1,0.247,49063.0,50142888362272,https://cdn.shopify.com/s/files/1/0805/4777/4752/files/BREV-07_Y1.jpg?v=1747817444,https://cdn.shopify.com/s/files/1/0805/4777/4752/files/BREV-07_Y2.jpg?v=1747817461,BREV-07_Y1.jpg
Goodluck Charm Evil Eye Diamond Bracelet,9 KT / White Gold,9K,2.29,0.179,23406.0,50149566710048,https://cdn.shopify.com/s/files/1/0805/4777/4752/files/BREV-13_W1.jpg?v=1747820301,https://cdn.shopify.com/s/files/1/0805/4777/4752/files/BREV-13_W2.jpg?v=1747820301,BREV-13_W1.jpg
Goodluck Charm Evil Eye Diamond Bracelet,14 KT / White Gold,14K,2.59,0.179,33975.0,50142887837984,https://cdn.shopify.com/s/files/1/0805/4777/4752/files/BREV-13_W1.jpg?v=1747820301,https://cdn.shopify.com/s/files/1/0805/4777/4752/files/BREV-13_W2.jpg?v=1747820301,BREV-13_W1.jpg
Goodluck Charm Evil Eye Diamond Bracelet,18 KT / White Gold,18K,3.05,0.179,46563.0,50142887936288,https://cdn.shopify.com/s/files/1/0805/4777/4752/files/BREV-13_W1.jpg?v=1747820301,https://cdn.shopify.com/s/files/1/0805/4777/4752/files/BREV-13_W2.jpg?v=1747820301,BREV-13_W1.jpg
Whispering Ward Evil Eye Diamond Bracelet,9 KT / Yellow Gold,9K,2.64,0.247,27116.0,50149616746784,https://cdn.shopify.com/s/files/1/0805/4777/4752/files/BREV-08_Y1.jpg?v=1747806765,https://cdn.shopify.com/s/files/1/0805/4777/4752/files/BREV-08_Y2.jpg?v=1747806803,BREV-08_Y1.jpg
Whispering Ward Evil Eye Diamond Bracelet,14 KT / Yellow Gold,14K,2.9,0.247,38489.0,50142887641376,https://cdn.shopify.com/s/files/1/0805/4777/4752/files/BREV-08_Y1.jpg?v=1747806765,https://cdn.shopify.com/s/files/1/0805/4777/4752/files/BREV-08_Y2.jpg?v=1747806803,BREV-08_Y1.jpg
Whispering Ward Evil Eye Diamond Bracelet,18 KT / Yellow Gold,18K,3.48,0.247,53373.0,50142887739680,https://cdn.shopify.com/s/files/1/0805/4777/4752/files/BREV-08_Y1.jpg?v=1747806765,https://cdn.shopify.com/s/files/1/0805/4777/4752/files/BREV-08_Y2.jpg?v=1747806803,BREV-08_Y1.jpg
Fleeting Fortune Evil Eye Diamond Bracelet,9 KT / Yellow Gold,9K,2.64,0.203,25942.0,50149569364256,https://cdn.shopify.com/s/files/1/0805/4777/4752/files/BREV-11_Y1.jpg?v=1747806784,https://cdn.shopify.com/s/files/1/0805/4777/4752/files/BREV-11_Y2.jpg?v=1747806810,BREV-11_Y1.jpg
Fleeting Fortune Evil Eye Diamond Bracelet,14 KT / Yellow Gold,14K,2.9,0.203,37315.0,50142887248160,https://cdn.shopify.com/s/files/1/0805/4777/4752/files/BREV-11_Y1.jpg?v=1747806784,https://cdn.shopify.com/s/files/1/0805/4777/4752/files/BREV-11_Y2.jpg?v=1747806810,BREV-11_Y1.jpg
Fleeting Fortune Evil Eye Diamond Bracelet,18 KT / Yellow Gold,18K,3.48,0.203,52199.0,50142887346464,https://cdn.shopify.com/s/files/1/0805/4777/4752/files/BREV-11_Y1.jpg?v=1747806784,https://cdn.shopify.com/s/files/1/0805/4777/4752/files/BREV-11_Y2.jpg?v=1747806810,BREV-11_Y1.jpg
Luminous Evil Eye Diamond Bracelet,9 KT / Rose Gold,9K,2.16,0.115,20642.0,50149569724704,https://cdn.shopify.com/s/files/1/0805/4777/4752/files/BREV-09_R1.jpg?v=1749817105,https://cdn.shopify.com/s/files/1/0805/4777/4752/files/BREV-09_R2.jpg?v=1749817105,BREV-09_R1.jpg
Luminous Evil Eye Diamond Bracelet,14 KT / Rose Gold,14K,2.45,0.115,30678.0,50142886986016,https://cdn.shopify.com/s/files/1/0805/4777/4752/files/BREV-09_R1.jpg?v=1749817105,https://cdn.shopify.com/s/files/1/0805/4777/4752/files/BREV-09_R2.jpg?v=1749817105,BREV-09_R1.jpg
Luminous Evil Eye Diamond Bracelet,18 KT / Rose Gold,18K,2.88,0.115,42523.0,50142887084320,https://cdn.shopify.com/s/files/1/0805/4777/4752/files/BREV-09_R1.jpg?v=1749817105,https://cdn.shopify.com/s/files/1/0805/4777/4752/files/BREV-09_R2.jpg?v=1749817105,BREV-09_R1.jpg
Spiritual Allure Evil Eye Diamond Bracelet,9 KT / Rose Gold,9K,2.55,0.332,28682.0,50149570281760,https://cdn.shopify.com/s/files/1/0805/4777/4752/files/BREV-10_R1.jpg?v=1747820131,https://cdn.shopify.com/s/files/1/0805/4777/4752/files/BREV-10_R2.jpg?v=1747820131,BREV-10_R1.jpg
Spiritual Allure Evil Eye Diamond Bracelet,14 KT / Rose Gold,14K,2.8,0.332,39656.0,50142886789408,https://cdn.shopify.com/s/files/1/0805/4777/4752/files/BREV-10_R1.jpg?v=1747820131,https://cdn.shopify.com/s/files/1/0805/4777/4752/files/BREV-10_R2.jpg?v=1747820131,BREV-10_R1.jpg
Spiritual Allure Evil Eye Diamond Bracelet,18 KT / Rose Gold,18K,3.36,0.332,54027.0,50142886887712,https://cdn.shopify.com/s/files/1/0805/4777/4752/files/BREV-10_R1.jpg?v=1747820131,https://cdn.shopify.com/s/files/1/0805/4777/4752/files/BREV-10_R2.jpg?v=1747820131,BREV-10_R1.jpg
Crescent Shine Evil Eye Diamond Bracelet,9 KT / Yellow Gold,9K,2.55,0.16,24093.0,50149571100960,https://cdn.shopify.com/s/files/1/0805/4777/4752/files/BREV-15_Y1.jpg?v=1747806801,https://cdn.shopify.com/s/files/1/0805/4777/4752/files/BREV-15_Y2.jpg?v=1747806820,BREV-15_Y1.jpg
Crescent Shine Evil Eye Diamond Bracelet,14 KT / Yellow Gold,14K,2.8,0.16,35068.0,50142886658336,https://cdn.shopify.com/s/files/1/0805/4777/4752/files/BREV-15_Y1.jpg?v=1747806801,https://cdn.shopify.com/s/files/1/0805/4777/4752/files/BREV-15_Y2.jpg?v=1747806820,BREV-15_Y1.jpg
Crescent Shine Evil Eye Diamond Bracelet,18 KT / Yellow Gold,18K,3.36,0.16,49439.0,50142886756640,https://cdn.shopify.com/s/files/1/0805/4777/4752/files/BREV-15_Y1.jpg?v=1747806801,https://cdn.shopify.com/s/files/1/0805/4777/4752/files/BREV-15_Y2.jpg?v=1747806820,BREV-15_Y1.jpg
Shield Wrap Evil Eye Diamond Bracelet,9 KT / Rose Gold,9K,3.71,0.71,49138.0,50149586010400,https://cdn.shopify.com/s/files/1/0805/4777/4752/files/BREV-06_R1.jpg?v=1748000876,https://cdn.shopify.com/s/files/1/0805/4777/4752/files/BREV-06_R2.jpg?v=1748000876,BREV-06_R1.jpg
Shield Wrap Evil Eye Diamond Bracelet,14 KT / Rose Gold,14K,4.21,0.71,66393.0,50140591948064,https://cdn.shopify.com/s/files/1/0805/4777/4752/files/BREV-06_R1.jpg?v=1748000876,https://cdn.shopify.com/s/files/1/0805/4777/4752/files/BREV-06_R2.jpg?v=1748000876,BREV-06_R1.jpg
Shield Wrap Evil Eye Diamond Bracelet,18 KT / Rose Gold,18K,4.95,0.71,86761.0,50140592046368,https://cdn.shopify.com/s/files/1/0805/4777/4752/files/BREV-06_R1.jpg?v=1748000876,https://cdn.shopify.com/s/files/1/0805/4777/4752/files/BREV-06_R2.jpg?v=1748000876,BREV-06_R1.jpg
Floral Knit Evil Eye Diamond Bracelet,9 KT / Rose Gold,9K,4.46,0.51,48284.0,50149586567456,https://cdn.shopify.com/s/files/1/0805/4777/4752/files/BREV-05_R1.jpg?v=1747822200,https://cdn.shopify.com/s/files/1/0805/4777/4752/files/BREV-05_R2.jpg?v=1747822200,BREV-05_R1.jpg
Floral Knit Evil Eye Diamond Bracelet,14 KT / Rose Gold,14K,4.9,0.51,67504.0,50140591358240,https://cdn.shopify.com/s/files/1/0805/4777/4752/files/BREV-05_R1.jpg?v=1747822200,https://cdn.shopify.com/s/files/1/0805/4777/4752/files/BREV-05_R2.jpg?v=1747822200,BREV-05_R1.jpg
Floral Knit Evil Eye Diamond Bracelet,18 KT / Rose Gold,18K,5.88,0.51,92653.0,50140591456544,https://cdn.shopify.com/s/files/1/0805/4777/4752/files/BREV-05_R1.jpg?v=1747822200,https://cdn.shopify.com/s/files/1/0805/4777/4752/files/BREV-05_R2.jpg?v=1747822200,BREV-05_R1.jpg
Rest in Magic Evil Eye Diamond Bracelet,9 KT / Yellow Gold,9K,3.87,0.39,40492.0,50149585846560,https://cdn.shopify.com/s/files/1/0805/4777/4752/files/BREV-04_Y1.jpg?v=1747817435,https://cdn.shopify.com/s/files/1/0805/4777/4752/files/BREV-04_Y2.jpg?v=1747817455,BREV-04_Y1.jpg
Rest in Magic Evil Eye Diamond Bracelet,14 KT / Yellow Gold,14K,4.25,0.39,57153.0,50140591128864,https://cdn.shopify.com/s/files/1/0805/4777/4752/files/BREV-04_Y1.jpg?v=1747817435,https://cdn.shopify.com/s/files/1/0805/4777/4752/files/BREV-04_Y2.jpg?v=1747817455,BREV-04_Y1.jpg
Rest in Magic Evil Eye Diamond Bracelet,18 KT / Yellow Gold,18K,5.1,0.39,78966.0,50140591227168,https://cdn.shopify.com/s/files/1/0805/4777/4752/files/BREV-04_Y1.jpg?v=1747817435,https://cdn.shopify.com/s/files/1/0805/4777/4752/files/BREV-04_Y2.jpg?v=1747817455,BREV-04_Y1.jpg
Vibe Vetoer Evil Eye Diamond Bracelet,9 KT / Yellow Gold,9K,3.87,0.59,45828.0,50149585649952,https://cdn.shopify.com/s/files/1/0805/4777/4752/files/BREV-03_Y1.jpg?v=1747817430,https://cdn.shopify.com/s/files/1/0805/4777/4752/files/BREV-03_Y2.jpg?v=1747817453,BREV-03_Y1.jpg
Vibe Vetoer Evil Eye Diamond Bracelet,14 KT / Yellow Gold,14K,4.25,0.59,62489.0,50140590768416,https://cdn.shopify.com/s/files/1/0805/4777/4752/files/BREV-03_Y1.jpg?v=1747817430,https://cdn.shopify.com/s/files/1/0805/4777/4752/files/BREV-03_Y2.jpg?v=1747817453,BREV-03_Y1.jpg
Vibe Vetoer Evil Eye Diamond Bracelet,18 KT / Yellow Gold,18K,5.1,0.59,84302.0,50140590866720,https://cdn.shopify.com/s/files/1/0805/4777/4752/files/BREV-03_Y1.jpg?v=1747817430,https://cdn.shopify.com/s/files/1/0805/4777/4752/files/BREV-03_Y2.jpg?v=1747817453,BREV-03_Y1.jpg
The Mystic Hex Evil Eye Diamond Brecelet,9 KT / Rose Gold,9K,4.0,0.16,35378.0,50149585453344,https://cdn.shopify.com/s/files/1/0805/4777/4752/files/BREV-02_R1.jpg?v=1747822093,https://cdn.shopify.com/s/files/1/0805/4777/4752/files/BREV-02_R2.jpg?v=1747822093,BREV-02_R1.jpg
The Mystic Hex Evil Eye Diamond Brecelet,14 KT / Rose Gold,14K,4.4,0.16,52668.0,50140590276896,https://cdn.shopify.com/s/files/1/0805/4777/4752/files/BREV-02_R1.jpg?v=1747822093,https://cdn.shopify.com/s/files/1/0805/4777/4752/files/BREV-02_R2.jpg?v=1747822093,BREV-02_R1.jpg
The Mystic Hex Evil Eye Diamond Brecelet,18 KT / Rose Gold,18K,5.28,0.16,75250.0,50140590375200,https://cdn.shopify.com/s/files/1/0805/4777/4752/files/BREV-02_R1.jpg?v=1747822093,https://cdn.shopify.com/s/files/1/0805/4777/4752/files/BREV-02_R2.jpg?v=1747822093,BREV-02_R1.jpg
Cosmic Linkage Evil Eye Diamond Bracelet,9 KT / Rose Gold,9K,2.73,0.13,24696.0,50149585158432,https://cdn.shopify.com/s/files/1/0805/4777/4752/files/BREV-01_R1_de4b4b55-523a-4a8c-9e7a-85e0799b43d9.jpg?v=1747994626,https://cdn.shopify.com/s/files/1/0805/4777/4752/files/BREV-01_R2_582e7726-08aa-461a-bafd-8ff124787044.jpg?v=1747994627,BREV-01_R1_de4b4b55-523a-4a8c-9e7a-85e0799b43d9.jpg
Cosmic Linkage Evil Eye Diamond Bracelet,14 KT / Rose Gold,14K,3.0,0.13,36467.0,50140589687072,https://cdn.shopify.com/s/files/1/0805/4777/4752/files/BREV-01_R1_de4b4b55-523a-4a8c-9e7a-85e0799b43d9.jpg?v=1747994626,https://cdn.shopify.com/s/files/1/0805/4777/4752/files/BREV-01_R2_582e7726-08aa-461a-bafd-8ff124787044.jpg?v=1747994627,BREV-01_R1_de4b4b55-523a-4a8c-9e7a-85e0799b43d9.jpg
Cosmic Linkage Evil Eye Diamond Bracelet,18 KT / Rose Gold,18K,3.6,0.13,51865.0,50140589785376,https://cdn.shopify.com/s/files/1/0805/4777/4752/files/BREV-01_R1_de4b4b55-523a-4a8c-9e7a-85e0799b43d9.jpg?v=1747994626,https://cdn.shopify.com/s/files/1/0805/4777/4752/files/BREV-01_R2_582e7726-08aa-461a-bafd-8ff124787044.jpg?v=1747994627,BREV-01_R1_de4b4b55-523a-4a8c-9e7a-85e0799b43d9.jpg
Pure Bliss Diamond Bracelet,9 KT / Yellow Gold,9K,8.25,0.685,85567.0,50738726404384,https://cdn.shopify.com/s/files/1/0805/4777/4752/files/DBN000011_Y1.jpg?v=1758087244,https://cdn.shopify.com/s/files/1/0805/4777/4752/files/DBN000011_Y2.jpg?v=1758087584,DBN000011_Y1.jpg
Pure Bliss Diamond Bracelet,14 KT / Yellow Gold,14K,9.35,0.685,123826.0,47611681210656,https://cdn.shopify.com/s/files/1/0805/4777/4752/files/DBN000011_Y1.jpg?v=1758087244,https://cdn.shopify.com/s/files/1/0805/4777/4752/files/DBN000011_Y2.jpg?v=1758087584,DBN000011_Y1.jpg
Pure Bliss Diamond Bracelet,18 KT / Yellow Gold,18K,11.0,0.685,169140.0,49842501255456,https://cdn.shopify.com/s/files/1/0805/4777/4752/files/DBN000011_Y1.jpg?v=1758087244,https://cdn.shopify.com/s/files/1/0805/4777/4752/files/DBN000011_Y2.jpg?v=1758087584,DBN000011_Y1.jpg
